ts,ac,status,capacity,charge_now,current_now,voltage_now,profile,ec_hex
2026-09-09T00:03:24+02:00,0,Discharging,91,1820000,2041000,14840000,Trickle,00000410d0070000603b7d003e003e00920700000000000000000000000000000000000000000000000000000000000000000100f9071c07f8390000040033000700000000000000941400001e000031715502005200cb808001b30000000000013c430507f9000000002d2d000000320000010000000000000000b00000cc00020000000000000000000000000000000ec0000000000047000000000000000a0000080cf907bd0195510a5b5b3b1d000000000000000000000000000000000001003011301101005c2b1e019a009a009610000000000000000000000032000000000000000000000000000000000000000000000000ffff0000000000000000
2026-09-09T00:04:24+02:00,0,Discharging,89,1780000,2891000,14860000,Trickle,00000410d0070000603b7d003e003e009207000000000000000000000000000000000000000000000000000000000000000001004b0bf4060c3a0000040034000700000000000000941c000029000031715502005200cb808001b30000000000013c430507f6000000002d2d000000320000010000000000000000b00000cc00020000000000000000000000000000000ec0000000000047000000000000000a0000080c4b0bbd0195510a59593b1d000000000000000000000000000000000001003011301101005c2b1e019a009a009610000000000000000000000032000000000000000000000000000000000000000000000000ffff0000000000000000
2026-09-09T00:05:24+02:00,0,Discharging,87,1740000,2517000,14830000,Trickle,00000410d0070000603b7d003e003e00920700000000000000000000000000000000000000000000000000000000000000000100d509cc06ee3900000400350007000000000000009419000023000032715502005200cb808001b30000000000013c430507f9000000002d2d000000320000010000000000000000b00000cc00020000000000000000000000000000000ec0000000000047000000000000000a0000120cd509bd0195510a57573b1d000000000000000000000000000000000001003011301101005c2b1e019a009a009610000000000000000000000032000000000000000000000000000000000000000000000000ffff0000000000000000
2026-09-09T00:06:24+02:00,0,Discharging,86,1720000,2517000,14859000,Trickle,00000410d0070000603b7d003e003e00920700000000000000000000000000000000000000000000000000000000000000000100d509b8060b3a00000400340007000000000000009419000025000032715502005200cb808001b30000000000013c430507fb000000002d2d000000320000010000000000000000b00000cc00020000000000000000000000000000000ec0000000000047000000000000000a0000120cd509bd0195510a56563b1d000000000000000000000000000000000001003011301101005c2b1e019a009a009610000000000000000000000032000000000000000000000000000000000000000000000000ffff0000000000000000
2026-09-09T00:07:24+02:00,0,Discharging,84,1680000,1939000,14835000,Trickle,00000410d0070000603b7d003e003e0092070000000000000000000000000000000000000000000000000000000000000000010093079006f3390000040033000700000000000000941300001d000032715502005200cb808001b30000000000013c430507fb000000002d2d000000320000010000000000000000b00000cc00020000000000000000000000000000000ec0000000000047000000000000000a0000120c9307bd0195510a54543b1d000000000000000000000000000000000001003011301101005c2b1e019a009a009610000000000000000000000032000000000000000000000000000000000000000000000000ffff0000000000000000
2026-09-09T00:08:25+02:00,0,Discharging,82,1640000,2007000,14783000,Trickle,00000410d0070000603b7d003e003e00920700000000000000000000000000000000000000000000000000000000000000000100d7076806bf390000040033000700000000000000931400001d000032715502005200cb808001b30000000000013c430507f6000000002d2d000000320000010000000000000000b00000cc00020000000000000000000000000000000ec0000000000047000000000000000a0000120cd707bd0195510a52523b1d000000000000000000000000000000000001003011301101005c2b1e019a009a009610000000000000000000000032000000000000000000000000000000000000000000000000ffff0000000000000000
2026-09-09T00:09:25+02:00,0,Discharging,81,1620000,2007000,14757000,Trickle,00000410d0070000603b7d003e003e00920700000000000000000000000000000000000000000000000000000000000000000100d7075406a5390000040034000700000000000000931400001d000032715502005200cb808001b30000000000013c430507f9000000002d2d000000320000010000000000000000b00000cc00020000000000000000000000000000000ec0000000000047000000000000000a00001c0cd707bd0195510a51513b1d000000000000000000000000000000000001003011301101005c2b1e019a009a009610000000000000000000000032000000000000000000000000000000000000000000000000ffff0000000000000000
2026-09-09T00:10:25+02:00,0,Discharging,79,1580000,2075000,14712000,Trickle,00000410d0070000603b7d003e003e009207000000000000000000000000000000000000000000000000000000000000000001001b082c0678390000040035000700000000000000931400001d000032715502005200cb808001b30000000000013c430507ee000000002d2d000000320000010000000000000000b00000cc00020000000000000000000000000000000ec0000000000047000000000000000a00001c0c1b08bd0195510a4f4f3b1d000000000000000000000000000000000001003011301101005c2b1e019a009a009610000000000000000000000032000000000000000000000000000000000000000000000000ffff0000000000000000
2026-09-09T00:11:25+02:00,0,Discharging,77,1540000,2007000,14698000,Trickle,00000410d0070000603b7d003e003e00920700000000000000000000000000000000000000000000000000000000000000000100d70704066a390000040034000700000000000000921400001e000032715502005200cb808001b30000000000013c430507f4000000002d2d000000320000010000000000000000b00000cc00020000000000000000000000000000000ec0000000000047000000000000000a00001c0cd707bd0195510a4d4d3b1d000000000000000000000000000000000001003011301101005c2b1e019a009a009610000000000000000000000032000000000000000000000000000000000000000000000000ffff0000000000000000
2026-09-09T00:12:25+02:00,0,Discharging,75,1500000,1871000,14644000,Trickle,00000410d0070000603b7d003e003e00920700000000000000000000000000000000000000000000000000000000000000000100b507dc0534390000040034000700000000000000921300001c000032715502005200cb808001b30000000000013c430507fb000000002d2d000000320000010000000000000000b00000cc00020000000000000000000000000000000ec0000000000047000000000000000a0000260cb507bd0195510a4b4b3b1d000000000000000000000000000000000001003011301101005c2b1e019a009a009610000000000000000000000032000000000000000000000000000000000000000000000000ffff0000000000000000
2026-09-09T00:13:26+02:00,0,Discharging,74,1480000,1939000,14616000,Trickle,00000410d0070000603b7d003e003e009207000000000000000000000000000000000000000000000000000000000000000001009307c80518390000040034000700000000000000921300001c000032715502005200cb808001b30000000000013c430507fb000000002d2d000000320000010000000000000000b00000cc00020000000000000000000000000000000ec0000000000047000000000000000a0000260c9307bd0195510a4a4a3b1d000000000000000000000000000000000001003011301101005c2b1e019a009a009610000000000000000000000032000000000000000000000000000000000000000000000000ffff0000000000000000
2026-09-09T00:14:26+02:00,0,Discharging,72,1440000,2007000,14588000,Trickle,00000410d0070000603b7d003e003e00920700000000000000000000000000000000000000000000000000000000000000000100b507a005fc380000040034000700000000000000911300001c000032715502005200cb808001b30000000000013c430507fb000000002d2d000000320000010000000000000000b00000cc00020000000000000000000000000000000ec0000000000047000000000000000a0000260cb507bd0195510a48483b1d000000000000000000000000000000000001003011301101005c2b1e019a009a009610000000000000000000000032000000000000000000000000000000000000000000000000ffff0000000000000000
2026-09-09T00:15:26+02:00,0,Discharging,70,1400000,1939000,14571000,Trickle,00000410d0070000603b7d003e003e0092070000000000000000000000000000000000000000000000000000000000000000010093077805eb380000040034000700000000000000911300001c000032715502005200cb808001b30000000000013c430507fb000000002d2d000000320000010000000000000000b00000cc00020000000000000000000000000000000ec0000000000047000000000000000a0000260c9307bd0195510a46463b1d000000000000000000000000000000000001003011301101005c2b1e019a009a009610000000000000000000000032000000000000000000000000000000000000000000000000ffff0000000000000000
2026-09-09T00:16:26+02:00,0,Discharging,69,1380000,1939000,14521000,Trickle,00000410d0070000603b7d003e003e009207000000000000000000000000000000000000000000000000000000000000000001004f076405b9380000040034000700000000000000911200001b000032715502005200cb808001b30000000000013c430507f6000000002d2d000000320000010000000000000000b00000cc00020000000000000000000000000000000ec0000000000047000000000000000a0000300c9307bd0195510a45453b1d000000000000000000000000000000000001003011301101005c2b1e019a009a009610000000000000000000000032000000000000000000000000000000000000000000000000ffff0000000000000000
2026-09-09T00:17:26+02:00,0,Discharging,67,1340000,2483000,14500000,Trickle,00000410d0070000603b7d003e003e00920700000000000000000000000000000000000000000000000000000000000000000100b3093c05a43800000400340007000000000000009118000022000032715502005200cb808001b30000000000013c430507f40000023c2d2d082d00320000010000000000000000b00000cc00020000000000000000000000000000000ec0000000000047000000000000000a0000300cb309bd0195510a43433b1d000000000000000000000000000000000001003011301101005c2b1e019a009a009610000000000000000000000032000000000000000000000000000000000000000000000000ffff0000000000000000
2026-09-09T00:18:27+02:00,0,Discharging,65,1300000,1905000,14467000,Trickle,00000410d0070000603b7d003e003e009207000000000000000000000000000000000000000000000000000000000000000001001b08140583380000040032000700000000000000901400001d000030715502005200cb808001b30000000000013c430507fb0000023c2d2d082d00320000010000000000000000b00000cc00020000000000000000000000000000000ec0000000000047000000000000000a0000300c7107bd0195510a41413b1d000000000000000000000000000000000001003011301101005c2b1e019a009a009610000000000000000000000032000000000000000000000000000000000000000000000000ffff0000000000000000
2026-09-09T00:19:27+02:00,0,Discharging,63,1260000,2007000,14476000,Trickle,00000410d0070000603b7d003e003e00920700000000000000000000000000000000000000000000000000000000000000000100d707ec048c380000040031000700000000000000901400001d000030715502005200cb808001b30000000000013c430507f60000023c2d2d082d00320000010000000000000000b00000cc00020000000000000000000000000000000ec0000000000047000000000000000a0000300cd707bd0195510a3f3f3b1d000000000000000000000000000000000001003011301101005c2b1e019a009a009610000000000000000000000032000000000000000000000000000000000000000000000000ffff0000000000000000
2026-09-09T00:20:27+02:00,0,Discharging,62,1240000,2007000,14429000,Trickle,00000410d0070000603b7d003e003e00920700000000000000000000000000000000000000000000000000000000000000000100d707d8045d380000040032000700000000000000901300001c000030715502005200cb808001b30000000000013c430507f9000000002d2d000000320000010000000000000000b00000cc00020000000000000000000000000000000ec0000000000047000000000000000a0000300cd707bd0195510a3e3e3b1d000000000000000000000000000000000001003011301101005c2b1e019a009a009610000000000000000000000032000000000000000000000000000000000000000000000000ffff0000000000000000
2026-09-09T00:21:27+02:00,0,Discharging,60,1200000,1905000,14432000,Trickle,00000410d0070000603b7d003e003e009207000000000000000000000000000000000000000000000000000000000000000001007107b00460380000040033000700000000000000901300001b000031715502005200cb808001b30000000000013c430507fb000000002d2d000000320000010000000000000000b00000cc00020000000000000000000000000000000ec0000000000047000000000000000a0000300c7107bd0195510a3c3c3b1d000000000000000000000000000000000001003011301101005c2b1e019a009a009610000000000000000000000032000000000000000000000000000000000000000000000000ffff0000000000000000
2026-09-09T00:22:27+02:00,0,Discharging,58,1160000,1905000,14401000,Trickle,00000410d0070000603b7d003e003e009207000000000000000000000000000000000000000000000000000000000000000001007107880441380000040033000700000000000000901300001c000031715502005200cb808001b30000000000013c430507fb000000002d2d000000320000010000000000000000b00000cc00020000000000000000000000000000000ec0000000000047000000000000000a0000300c7107bd0195510a3a3a3b1d000000000000000000000000000000000001003011301101005c2b1e019a009a009610000000000000000000000032000000000000000000000000000000000000000000000000ffff0000000000000000
2026-09-09T00:23:28+02:00,0,Discharging,56,1120000,1973000,14389000,Trickle,00000410d0070000603b7d003e003e00920700000000000000000000000000000000000000000000000000000000000000000100b5076004353800000400340007000000000000008f1300001c000031715502005200cb808001b30000000000013c430507ff000000002d2d000000320000010000000000000000b00000cc00020000000000000000000000000000000ec0000000000047000000000000000a0000300cb507bd0195510a38383b1d000000000000000000000000000000000001003011301101005c2b1e019a009a009610000000000000000000000032000000000000000000000000000000000000000000000000ffff0000000000000000
2026-09-09T00:24:28+02:00,0,Discharging,55,1100000,2483000,14359000,Trickle,00000410d0070000603b7d003e003e00920700000000000000000000000000000000000000000000000000000000000000000100b3094c04173800000400340007000000000000008f1500001e000032715502005200cb808001b30000000000013c430507fb000000002d2d000000320000010000000000000000b00000cc00020000000000000000000000000000000ec0000000000047000000000000000a00003a0cb309bd0195510a37373b1d000000000000000000000000000000000001003011301101005c2b1e019a009a009610000000000000000000000032000000000000000000000000000000000000000000000000ffff0000000000000000
2026-09-09T00:25:28+02:00,0,Discharging,53,1060000,2041000,14345000,Trickle,00000410d0070000603b7d003e003e00920700000000000000000000000000000000000000000000000000000000000000000100f9072404093800000400340007000000000000008f1400001d000032715502005200cb808001b30000000000013c430507fb000000002d2d000000320000010000000000000000b00000cc00020000000000000000000000000000000ec0000000000047000000000000000a00003a0cf907bd0195510a35353b1d000000000000000000000000000000000001003011301101005c2b1e019a009a009610000000000000000000000032000000000000000000000000000000000000000000000000ffff0000000000000000
2026-09-09T00:26:28+02:00,0,Discharging,51,1020000,2177000,14250000,Trickle,00000410d0070000603b7d003e003e009207000000000000000000000000000000000000000000000000000000000000000001008108fc03aa3700000400340007000000000000008e1500001f000032715502005200cb808001b30000000000013c430507fb000000002d2d000000320000010000000000000000b00000cc00020000000000000000000000000000000ec0000000000047000000000000000a00003a0c8108bd0195510a33333b1d000000000000000000000000000000000001003011301101005c2b1e019a009a009610000000000000000000000032000000000000000000000000000000000000000000000000ffff0000000000000000
2026-09-09T00:27:28+02:00,0,Discharging,49,980000,1973000,14290000,Trickle,00000410d0070000603b7d003e003e00920700000000000000000000000000000000000000000000000000000000000000000100b507d403d23700000400340007000000000000008e1300001b000032715502005200cb808001b30000000000013c430507f9000000002d2d000000320000010000000000000000b00000cc00020000000000000000000000000000000ec0000000000047000000000000000a00003a0cb507bd0195510a31313b1d000000000000000000000000000000000001003011301101005c2b1e019a009a009610000000000000000000000032000000000000000000000000000000000000000000000000ffff0000000000000000
2026-09-09T07:14:36+02:00,1,Charging,33,660000,2006000,16232000,Trickle,00000410d0070000603b7d003e003e00920700000000000000000000000000000000000000000000000000000000000000000200d6079402683f0000050024000700080000000000be22000140000022715502005200cb808001b300000000000000430500000000000037370000006e0000010000000000000000b00000cc00030000000000000000000000000000000fc1000000000047000000000000000a0000d60bd607be0195510a21210e01000000000000000000000000000000000001003011301101005c2b1e019a009a009610000000000000000000000032000000000000000000000000000000000000000000000000ffff0000000001000000
2026-09-09T07:15:36+02:00,1,Charging,34,680000,1972000,16326000,Trickle,00000410d0070000603b7d003e003e00920700000000000000000000000000000000000000000000000000000000000000000200b407a802c63f0000050028000700080000000000be2100013f000025715502005200cb808001b300000000000000430500000000000037370000006e0000010000000000000000b00000cc00030000000000000000000000000000000fc1000000000047000000000000000a0000d60bb407be0195510a22220f02000000000000000000000000000000000001003011301101005c2b1e019a009a009610000000000000000000000032000000000000000000000000000000000000000000000000ffff0000000001000000
2026-09-09T07:16:36+02:00,1,Charging,36,720000,1972000,16349000,Trickle,00000410d0070000603b7d003e003e00920700000000000000000000000000000000000000000000000000000000000000000200b407d002dd3f000005002c000700080000000000be23000142000029715502005200cb808001b300000000000000430500000000000037370000006e0000010000000000000000b00000cc00030000000000000000000000000000000fc1000000000047000000000000000a0000e00bb407be0195510a24240f03000000000000000000000000000000000001003011301101005c2b1e019a009a009610000000000000000000000032000000000000000000000000000000000000000000000000ffff0000000001000000
2026-09-09T07:17:36+02:00,1,Charging,38,760000,1938000,16373000,Trickle,00000410d0070000603b7d003e003e009207000000000000000000000000000000000000000000000000000000000000000002009207f802f53f000005002e000700080000000000be2200014100002c715502005200cb808001b300000000000000430500000000000037370000006e0000010000000000000000b00000cc00030000000000000000000000000000000fc1000000000047000000000000000a0000e00b9207be0195510a26261004000000000000000000000000000000000001003011301101005c2b1e019a009a009610000000000000000000000032000000000000000000000000000000000000000000000000ffff0000000001000000
2026-09-09T07:18:37+02:00,1,Charging,39,780000,1938000,16373000,Trickle,00000410d0070000603b7d003e003e0092070000000000000000000000000000000000000000000000000000000000000000020092070c03f53f0000050031000700080000000000be2600014400002f715502005200cb808001b300000000000000430500000000000037370000006e0000010000000000000000b00000cc00030000000000000000000000000000000fc1000000000047000000000000000a0000ea0b9207be0195510a27271005000000000000000000000000000000000001003011301101005c2b1e019a009a009610000000000000000000000032000000000000000000000000000000000000000000000000ffff0000000001000000
2026-09-09T07:19:37+02:00,1,Charging,41,820000,1938000,16373000,Trickle,00000410d0070000603b7d003e003e0092070000000000000000000000000000000000000000000000000000000000000000020092073403f53f0000050033000700080000000000be23000142000031715502005200cb808001b30000000000000043050000000000004b4b000000a50000010000000000000000b00000cc00030000000000000000000000000000000fc1000000000047000000000000000a0000ea0b9207be0195510a29291106000000000000000000000000000000000001003011301101005c2b1e019a009a009610000000000000000000000032000000000000000000000000000000000000000000000000ffff0000000001000000
2026-09-09T07:20:37+02:00,1,Charging,43,860000,1938000,16396000,Trickle,00000410d0070000603b7d003e003e0092070000000000000000000000000000000000000000000000000000000000000000020092075c030c400000050033000700080000000000be24000144000032715502005200cb808001b300000000000000430508010000023c4b4b082500a50000010000000000000000b00000cc00030000000000000000000000000000000fc1000000000047000000000000000a0000f40b9207be0195510a2b2b1107000000000000000000000000000000000001003011301101005c2b1e019a009a009610000000000000000000000032000000000000000000000000000000000000000000000000ffff0000000001000000
2026-09-09T07:21:37+02:00,1,Charging,44,880000,1938000,16396000,Trickle,00000410d0070000603b7d003e003e00920700000000000000000000000000000000000000000000000000000000000000000200920770030c400000050032000700080000000000be26000145000030715502005200cb808001b300000000000000430508070000023c4b4b082d00a50000010000000000000000b00000cc00030000000000000000000000000000000fc1000000000047000000000000000a0000f40b9207be0195510a2c2c1108000000000000000000000000000000000001003011301101005c2b1e019a009a009610000000000000000000000032000000000000000000000000000000000000000000000000ffff0000000001000000
2026-09-09T07:22:37+02:00,1,Charging,46,920000,1904000,16396000,Trickle,00000410d0070000603b7d003e003e00920700000000000000000000000000000000000000000000000000000000000000000200700798030c400000050032000700080000000000be24000143000030715502005200cb808001b300000000000000430508070000023c4b4b082d00a50000010000000000000000b00000cc00030000000000000000000000000000000fc1000000000047000000000000000a0000f40b7007be0195510a2e2e1209000000000000000000000000000000000001003011301101005c2b1e019a009a009610000000000000000000000032000000000000000000000000000000000000000000000000ffff0000000001000000
2026-09-09T07:23:38+02:00,1,Charging,47,940000,1904000,16419000,Trickle,00000410d0070000603b7d003e003e009207000000000000000000000000000000000000000000000000000000000000000002007007ac0323400000050032000700080000000000be2000013f000031715502005200cb808001b30000000000000043050801000000004b4b000000a50000010000000000000000b00000cc00030000000000000000000000000000000fc1000000000047000000000000000a0000fe0b7007be0195510a2f2f120a000000000000000000000000000000000001003011301101005c2b1e019a009a009610000000000000000000000032000000000000000000000000000000000000000000000000ffff0000000001000000
2026-09-09T07:24:38+02:00,1,Charging,49,980000,1870000,16419000,Trickle,00000410d0070000603b7d003e003e009207000000000000000000000000000000000000000000000000000000000000000002004e07d40323400000050034000700080000000000be1e00013a000032715502005200cb808001b30000000000000043050807000000004b4b000000a50000010000000000000000b00000cc00030000000000000000000000000000000fc1000000000047000000000000000a0000fe0b4e07be0195510a3131120b000000000000000000000000000000000001003011301101005c2b1e019a009a009610000000000000000000000032000000000000000000000000000000000000000000000000ffff0000000001000000
2026-09-09T07:25:38+02:00,1,Charging,50,1000000,1870000,16419000,Trickle,00000410d0070000603b7d003e003e009207000000000000000000000000000000000000000000000000000000000000000002004e07e80323400000050034000700080000000000be1f00013b000032715502005200cb808001b30000000000000043050801000000004b4b000000a50000010000000000000000b00000cc00030000000000000000000000000000000fc1000000000047000000000000000a0000fe0b4e07be0195510a3232130c000000000000000000000000000000000001003011301101005c2b1e019a009a009610000000000000000000000032000000000000000000000000000000000000000000000000ffff0000000001000000
2026-09-09T07:26:38+02:00,1,Charging,52,1040000,1870000,16443000,Trickle,00000410d0070000603b7d003e003e009207000000000000000000000000000000000000000000000000000000000000000002004e0710043b400000050033000700080000000000be2100013d000032715502005200cb808001b300000000000000430507ff0000023c4b4b082d00a50000010000000000000000b00000cc00030000000000000000000000000000000fc1000000000047000000000000000a0000080c4e07be0195510a3434130d000000000000000000000000000000000001003011301101005c2b1e019a009a009610000000000000000000000032000000000000000000000000000000000000000000000000ffff0000000001000000
2026-09-09T07:27:38+02:00,1,Charging,54,1080000,1836000,16443000,Trickle,00000410d0070000603b7d003e003e009207000000000000000000000000000000000000000000000000000000000000000002002c0738043b400000050032000700080000000000be1f00013b000031715502005200cb808001b300000000000000430508010000023c4b4b082d00a50000010000000000000000b00000cc00030000000000000000000000000000000fc1000000000047000000000000000a0000080c2c07be0195510a3636140e000000000000000000000000000000000001003011301101005c2b1e019a009a009610000000000000000000000032000000000000000000000000000000000000000000000000ffff0000000001000000
2026-09-09T07:28:38+02:00,1,Charging,55,1100000,1802000,16443000,Trickle,00000410d0070000603b7d003e003e009207000000000000000000000000000000000000000000000000000000000000000002000a074c043b400000050032000700080000000000be1e00013a000030715502005200cb808001b300000000000000430508010000023c4b4b082d00a50000010000000000000000b00000cc00030000000000000000000000000000000fc1000000000047000000000000000a0000080c0a07be0195510a3737140f000000000000000000000000000000000001003011301101005c2b1e019a009a009610000000000000000000000032000000000000000000000000000000000000000000000000ffff0000000001000000
2026-09-09T07:29:39+02:00,1,Charging,57,1140000,1768000,16443000,Trickle,00000410d0070000603b7d003e003e00920700000000000000000000000000000000000000000000000000000000000000000200e80674043b400000050032000700080000000000be1d000138000030715502005200cb808001b300000000000000430507fb0000023c4b4b082500a50000010000000000000000b00000cc00030000000000000000000000000000000fc1000000000047000000000000000a0000120ce806be0195510a39391410000000000000000000000000000000000001003011301101005c2b1e019a009a009610000000000000000000000032000000000000000000000000000000000000000000000000ffff0000000001000000
2026-09-09T07:30:39+02:00,1,Charging,58,1160000,1768000,16443000,Trickle,00000410d0070000603b7d003e003e00920700000000000000000000000000000000000000000000000000000000000000000200e80688043b400000050032000700080000000000be1d000138000030715502005200cb808001b300000000000000430507ff0000023c4b4b082700a50000010000000000000000b00000cc00030000000000000000000000000000000fc1000000000047000000000000000a0000120ce806be0195510a3a3a1511000000000000000000000000000000000001003011301101005c2b1e019a009a009610000000000000000000000032000000000000000000000000000000000000000000000000ffff0000000001000000
2026-09-09T07:31:39+02:00,1,Charging,60,1200000,1734000,16466000,Trickle,00000410d0070000603b7d003e003e00920700000000000000000000000000000000000000000000000000000000000000000200c606b00452400000050032000700080000000000be1c000137000030715502005200cb808001b30000000000000043050801000000004b4b000000a50000010000000000000000b00000cc00030000000000000000000000000000000fc1000000000047000000000000000a0000120cc606be0195510a3c3c1512000000000000000000000000000000000001003011301101005c2b1e019a009a009610000000000000000000000032000000000000000000000000000000000000000000000000ffff0000000001000000
2026-09-09T07:32:39+02:00,1,Charging,61,1220000,1700000,16466000,Trickle,00000410d0070000603b7d003e003e00920700000000000000000000000000000000000000000000000000000000000000000200a406c40452400000050033000700080000000000be20000139000031715502005200cb808001b30000000000000043050801000000004b4b000000a50000010000000000000000b00000cc00030000000000000000000000000000000fc1000000000047000000000000000a0000120ca406be0195510a3d3d1513000000000000000000000000000000000001003011301101005c2b1e019a009a009610000000000000000000000032000000000000000000000000000000000000000000000000ffff0000000001000000
2026-09-09T07:33:39+02:00,1,Charging,62,1240000,1666000,16466000,Trickle,00000410d0070000603b7d003e003e009207000000000000000000000000000000000000000000000000000000000000000002008206d80452400000050034000700080000000000be1d000136000032715502005200cb808001b30000000000000043050801000000004b4b000000a50000010000000000000000b00000cc00030000000000000000000000000000000fc1000000000047000000000000000a0000120c8206be0195510a3e3e1614000000000000000000000000000000000001003011301101005c2b1e019a009a009610000000000000000000000032000000000000000000000000000000000000000000000000ffff0000000001000000
2026-09-09T07:34:40+02:00,1,Charging,64,1280000,1632000,16466000,Trickle,00000410d0070000603b7d003e003e009207000000000000000000000000000000000000000000000000000000000000000002006006000552400000050035000700080000000000be1b000136000032715502005200cb808001b300000000000000430508010000023c4b4b083300a50000010000000000000000b00000cc00030000000000000000000000000000000fc1000000000047000000000000000a0000120c6006be0195510a40401615000000000000000000000000000000000001003011301101005c2b1e019a009a009610000000000000000000000032000000000000000000000000000000000000000000000000ffff0000000001000000
2026-09-09T07:35:40+02:00,1,Charging,65,1300000,1598000,16466000,Trickle,00000410d0070000603b7d003e003e009207000000000000000000000000000000000000000000000000000000000000000002003e06140552400000050032000700080000000000be1c000136000031715502005200cb808001b300000000000000430507fb0000023c4b4b082d00a50000010000000000000000b00000cc00030000000000000000000000000000000fc1000000000047000000000000000a0000120c3e06be0195510a41411716000000000000000000000000000000000001003011301101005c2b1e019a009a009610000000000000000000000032000000000000000000000000000000000000000000000000ffff0000000001000000
2026-09-09T07:36:40+02:00,1,Charging,66,1320000,1564000,16466000,Trickle,00000410d0070000603b7d003e003e009207000000000000000000000000000000000000000000000000000000000000000002001c06280552400000050033000700080000000000be1e00013c000030715502005200cb808001b300000000000000430508010000023c4b4b082d00a50000010000000000000000b00000cc00030000000000000000000000000000000fc1000000000047000000000000000a0000120c1c06be0195510a42421717000000000000000000000000000000000001003011301101005c2b1e019a009a009610000000000000000000000032000000000000000000000000000000000000000000000000ffff0000000001000000
2026-09-09T07:37:40+02:00,1,Charging,68,1360000,1530000,16466000,Trickle,00000410d0070000603b7d003e003e00920700000000000000000000000000000000000000000000000000000000000000000200fa05500552400000050032000700080000000000be1b000133000030715502005200cb808001b300000000000000430508010000023c4b4b082d00a50000010000000000000000b00000cc00030000000000000000000000000000000fc1000000000047000000000000000a00001c0cfa05be0195510a44441718000000000000000000000000000000000001003011301101005c2b1e019a009a009610000000000000000000000032000000000000000000000000000000000000000000000000ffff0000000001000000
2026-09-09T07:38:40+02:00,1,Charging,69,1380000,1496000,16466000,Trickle,00000410d0070000603b7d003e003e00920700000000000000000000000000000000000000000000000000000000000000000200d805640552400000050032000700080000000000be1b000137000030715502005200cb808001b300000000000000430508010000023c4b4b082d00a50000010000000000000000b00000cc00030000000000000000000000000000000fc1000000000047000000000000000a00001c0cd805be0195510a45451819000000000000000000000000000000000001003011301101005c2b1e019a009a009610000000000000000000000032000000000000000000000000000000000000000000000000ffff0000000001000000
2026-09-09T07:39:40+02:00,1,Charging,70,1400000,1462000,16466000,Trickle,00000410d0070000603b7d003e003e00920700000000000000000000000000000000000000000000000000000000000000000200b605780552400000050032000700080000000000be1a000132000030715502005200cb808001b300000000000000430507fb0000023c4b4b082d00a50000010000000000000000b00000cc00030000000000000000000000000000000fc1000000000047000000000000000a00001c0cb605be0195510a4646181a000000000000000000000000000000000001003011301101005c2b1e019a009a009610000000000000000000000032000000000000000000000000000000000000000000000000ffff0000000001000000
2026-09-09T07:40:41+02:00,1,Charging,71,1420000,1428000,16466000,Trickle,00000410d0070000603b7d003e003e0092070000000000000000000000000000000000000000000000000000000000000000020094058c0552400000050033000700080000000000be2100013e000030715502005200cb808001b300000000000000430507fb000000004b4b000000a50000010000000000000000b00000cc00030000000000000000000000000000000fc1000000000047000000000000000a00001c0c9405be0195510a4747181b000000000000000000000000000000000001003011301101005c2b1e019a009a009610000000000000000000000032000000000000000000000000000000000000000000000000ffff0000000001000000
2026-09-09T07:41:41+02:00,1,Charging,73,1460000,1394000,16466000,Trickle,00000410d0070000603b7d003e003e009207000000000000000000000000000000000000000000000000000000000000000002007205b40552400000050033000700080000000000be19000131000031715502005200cb808001b300000000000000430507fb000000004b4b000000a50000010000000000000000b00000cc00030000000000000000000000000000000fc1000000000047000000000000000a00001c0c7205be0195510a4949191c000000000000000000000000000000000001003011301101005c2b1e019a009a009610000000000000000000000032000000000000000000000000000000000000000000000000ffff0000000001000000
2026-09-09T07:42:41+02:00,1,Charging,74,1480000,1360000,16466000,Trickle,00000410d0070000603b7d003e003e009207000000000000000000000000000000000000000000000000000000000000000002005005c80552400000050035000700080000000000be1b000135000032715502005200cb808001b30000000000000043050801000000004b4b000000a50000010000000000000000b00000cc00030000000000000000000000000000000fc1000000000047000000000000000a00001c0c5005be0195510a4a4a191d000000000000000000000000000000000001003011301101005c2b1e019a009a009610000000000000000000000032000000000000000000000000000000000000000000000000ffff0000000001000000
2026-09-09T07:43:41+02:00,1,Charging,75,1500000,1326000,16466000,Trickle,00000410d0070000603b7d003e003e009207000000000000000000000000000000000000000000000000000000000000000002002e05dc0552400000050033000700080000000000be1d000135000032715502005200cb808001b300000000000000430507fb0000023c4b4b082d00a50000010000000000000000b00000cc00030000000000000000000000000000000fc1000000000047000000000000000a00001c0c2e05be0195510a4b4b1a1e000000000000000000000000000000000001003011301101005c2b1e019a009a009610000000000000000000000032000000000000000000000000000000000000000000000000ffff0000000001000000
2026-09-09T07:44:41+02:00,1,Charging,76,1520000,1292000,16466000,Trickle,00000410d0070000603b7d003e003e009207000000000000000000000000000000000000000000000000000000000000000002000c05f00552400000050033000700080000000000be1d000136000031715502005200cb808001b300000000000000430507fb0000023c4b4b082d00a50000010000000000000000b00000cc00030000000000000000000000000000000fc1000000000047000000000000000a00001c0c0c05be0195510a4c4c1a1f000000000000000000000000000000000001003011301101005c2b1e019a009a009610000000000000000000000032000000000000000000000000000000000000000000000000ffff0000000001000000
2026-09-09T07:45:42+02:00,1,Charging,77,1540000,1258000,16466000,Trickle,00000410d0070000603b7d003e003e00920700000000000000000000000000000000000000000000000000000000000000000200ea04040652400000050032000700080000000000be19000130000031715502005200cb808001b300000000000000430507fb0000023c4b4b082500a50000010000000000000000b00000cc00030000000000000000000000000000000fc1000000000047000000000000000a00001c0cea04be0195510a4d4d1a20000000000000000000000000000000000001003011301101005c2b1e019a009a009610000000000000000000000032000000000000000000000000000000000000000000000000ffff0000000001000000
2026-09-09T19:06:04+02:00,1,Charging,53,1060000,1972000,16326000,Trickle,00000410d0070000603b7d003e003e00920700000000000000000000000000000000000000000000000000000000000000000200b4072404c63f0000050026000700080000000000be1c000136000023715502005200cb808001b30000000000000043050000000000004b4b000000a50000010000000000000000b00000cc00030000000000000000000000000000000fc1000000000047000000000000000a0000d60bb407be0195510a35351a01000000000000000000000000000000000001003011301101005c2b1e019a009a009610000000000000000000000032000000000000000000000000000000000000000000000000ffff0000000001000000
2026-09-09T19:07:04+02:00,1,Charging,55,1100000,1938000,16373000,Trickle,00000410d0070000603b7d003e003e0092070000000000000000000000000000000000000000000000000000000000000000020092074c04f53f000005002a000700080000000000be2000013e000026715502005200cb808001b30000000000000043050000000000004b4b000000a50000010000000000000000b00000cc00030000000000000000000000000000000fc1000000000047000000000000000a0000d60b9207be0195510a37371a02000000000000000000000000000000000001003011301101005c2b1e019a009a009610000000000000000000000032000000000000000000000000000000000000000000000000ffff0000000001000000
2026-09-09T19:08:04+02:00,1,Charging,57,1140000,1938000,16396000,Trickle,00000410d0070000603b7d003e003e00920700000000000000000000000000000000000000000000000000000000000000000200920774040c40000005002d000700080000000000be2000014000002a715502005200cb808001b30000000000000043050000000000004b4b000000a50000010000000000000000b00000cc00030000000000000000000000000000000fc1000000000047000000000000000a0000e00b9207be0195510a39391b03000000000000000000000000000000000001003011301101005c2b1e019a009a009610000000000000000000000032000000000000000000000000000000000000000000000000ffff0000000001000000
2026-09-09T19:09:04+02:00,1,Charging,58,1160000,1904000,16396000,Trickle,00000410d0070000603b7d003e003e00920700000000000000000000000000000000000000000000000000000000000000000200700788040c400000050038000700080000000000be37000168000032715502005200cb808001b30000000000013c430507f9000000004b4b000000a50000010000000000000000b00000cc00030000000000000000000000000000000fc1000000000047000000000000000a0000e00b7007be0195510a3a3a1b04000000000000000000000000000000000001003011301101005c2b1e019a009a009610000000000000000000000032000000000000000000000000000000000000000000000000ffff0000000001000000
2026-09-09T19:10:04+02:00,1,Charging,60,1200000,1904000,16419000,Trickle,00000410d0070000603b7d003e003e009207000000000000000000000000000000000000000000000000000000000000000002007007b00423400000050033000700080000000000be23000141000032715502005200cb808001b30000000000013c430508010000023c4b4b082700a50000010000000000000000b00000cc00030000000000000000000000000000000fc1000000000047000000000000000a0000e00b7007be0195510a3c3c1b05000000000000000000000000000000000001003011301101005c2b1e019a009a009610000000000000000000000032000000000000000000000000000000000000000000000000ffff0000000001000000
2026-09-09T19:11:05+02:00,1,Charging,61,1220000,1870000,16419000,Trickle,00000410d0070000603b7d003e003e009207000000000000000000000000000000000000000000000000000000000000000002004e07c40423400000050032000700080000000000be25000144000030715502005200cb808001b30000000000013c430508010000023c4b4b082700a50000010000000000000000b00000cc00030000000000000000000000000000000fc1000000000047000000000000000a0000ea0b4e07be0195510a3d3d1c06000000000000000000000000000000000001003011301101005c2b1e019a009a009610000000000000000000000032000000000000000000000000000000000000000000000000ffff0000000001000000
2026-09-09T19:12:05+02:00,1,Charging,63,1260000,1870000,16419000,Trickle,00000410d0070000603b7d003e003e009207000000000000000000000000000000000000000000000000000000000000000002004e07ec0423400000050031000700080000000000be2000013e000030715502005200cb808001b30000000000013c430508010000023c4b4b082700a50000010000000000000000b00000cc00030000000000000000000000000000000fc1000000000047000000000000000a0000ea0b4e07be0195510a3f3f1c07000000000000000000000000000000000001003011301101005c2b1e019a009a009610000000000000000000000032000000000000000000000000000000000000000000000000ffff0000000001000000
2026-09-09T19:13:05+02:00,1,Charging,65,1300000,1870000,16419000,Trickle,00000410d0070000603b7d003e003e009207000000000000000000000000000000000000000000000000000000000000000002004e07140523400000050033000700080000000000be23000141000031715502005200cb808001b30000000000013c430507ff000000004b4b000000a50000010000000000000000b00000cc00030000000000000000000000000000000fc1000000000047000000000000000a0000f40b4e07be0195510a41411d08000000000000000000000000000000000001003011301101005c2b1e019a009a009610000000000000000000000032000000000000000000000000000000000000000000000000ffff0000000001000000
2026-09-09T19:14:05+02:00,1,Charging,66,1320000,1836000,16443000,Trickle,00000410d0070000603b7d003e003e009207000000000000000000000000000000000000000000000000000000000000000002002c0728053b400000050034000700080000000000be22000141000032715502005200cb808001b30000000000013c43050807000000004b4b000000a50000010000000000000000b00000cc00030000000000000000000000000000000fc1000000000047000000000000000a0000f40b2c07be0195510a42421d09000000000000000000000000000000000001003011301101005c2b1e019a009a009610000000000000000000000032000000000000000000000000000000000000000000000000ffff0000000001000000
2026-09-09T19:15:05+02:00,1,Charging,68,1360000,1836000,16443000,Trickle,00000410d0070000603b7d003e003e009207000000000000000000000000000000000000000000000000000000000000000002002c0750053b400000050034000700080000000000be2100013e000033715502005200cb808001b30000000000013c430508070000023c4b4b082b00a50000010000000000000000b00000cc00030000000000000000000000000000000fc1000000000047000000000000000a0000fe0b2c07be0195510a44441d0a000000000000000000000000000000000001003011301101005c2b1e019a009a009610000000000000000000000032000000000000000000000000000000000000000000000000ffff0000000001000000
2026-09-09T19:16:06+02:00,1,Charging,69,1380000,1802000,16443000,Trickle,00000410d0070000603b7d003e003e009207000000000000000000000000000000000000000000000000000000000000000002000a0764053b400000050033000700080000000000be2000013c000031715502005200cb808001b30000000000013c430508070000023c4b4b082d00a50000010000000000000000b00000cc00030000000000000000000000000000000fc1000000000047000000000000000a0000fe0b0a07be0195510a45451e0b000000000000000000000000000000000001003011301101005c2b1e019a009a009610000000000000000000000032000000000000000000000000000000000000000000000000ffff0000000001000000
2026-09-09T19:17:06+02:00,1,Charging,71,1420000,1802000,16443000,Trickle,00000410d0070000603b7d003e003e009207000000000000000000000000000000000000000000000000000000000000000002000a078c053b400000050032000700080000000000be2000013d000031715502005200cb808001b30000000000013c430508070000023c4b4b082d00a50000010000000000000000b00000cc00030000000000000000000000000000000fc1000000000047000000000000000a0000080c0a07be0195510a47471e0c000000000000000000000000000000000001003011301101005c2b1e019a009a009610000000000000000000000032000000000000000000000000000000000000000000000000ffff0000000001000000
2026-09-09T19:18:06+02:00,1,Charging,72,1440000,1768000,16443000,Trickle,00000410d0070000603b7d003e003e00920700000000000000000000000000000000000000000000000000000000000000000200e806a0053b400000050032000700080000000000be24000140000030715502005200cb808001b30000000000013c430508070000023c4b4b082700a50000010000000000000000b00000cc00030000000000000000000000000000000fc1000000000047000000000000000a0000080ce806be0195510a48481e0d000000000000000000000000000000000001003011301101005c2b1e019a009a009610000000000000000000000032000000000000000000000000000000000000000000000000ffff0000000001000000
2026-09-09T19:19:06+02:00,1,Charging,74,1480000,1734000,16443000,Trickle,00000410d0070000603b7d003e003e00920700000000000000000000000000000000000000000000000000000000000000000200c606c8053b400000050032000700080000000000be2100013e000030715502005200cb808001b30000000000013c430508010000023c4b4b082b00a50000010000000000000000b00000cc00030000000000000000000000000000000fc1000000000047000000000000000a0000080cc606be0195510a4a4a1f0e000000000000000000000000000000000001003011301101005c2b1e019a009a009610000000000000000000000032000000000000000000000000000000000000000000000000ffff0000000001000000
2026-09-09T19:20:06+02:00,1,Charging,75,1500000,1700000,16443000,Trickle,00000410d0070000603b7d003e003e00920700000000000000000000000000000000000000000000000000000000000000000200a406dc053b400000050031000700080000000000be1e00013a000030715502005200cb808001b30000000000013c430508070000023c4b4b082700a50000010000000000000000b00000cc00030000000000000000000000000000000fc1000000000047000000000000000a0000080ca406be0195510a4b4b1f0f000000000000000000000000000000000001003011301101005c2b1e019a009a009610000000000000000000000032000000000000000000000000000000000000000000000000ffff0000000001000000
2026-09-09T19:21:06+02:00,1,Charging,77,1540000,1700000,16466000,Trickle,00000410d0070000603b7d003e003e00920700000000000000000000000000000000000000000000000000000000000000000200a406040652400000050034000700080000000000be2000013f000031715502005200cb808001b30000000000013c43050807000000004b4b000000a50000010000000000000000b00000cc00030000000000000000000000000000000fc1000000000047000000000000000a0000120ca406be0195510a4d4d2010000000000000000000000000000000000001003011301101005c2b1e019a009a009610000000000000000000000032000000000000000000000000000000000000000000000000ffff0000000001000000
2026-09-09T19:22:07+02:00,1,Charging,78,1560000,1632000,16466000,Trickle,00000410d0070000603b7d003e003e009207000000000000000000000000000000000000000000000000000000000000000002006006180652400000050034000700080000000000be2100013e000032715502005200cb808001b30000000000013c43050807000000004b4b000000a50000010000000000000000b00000cc00030000000000000000000000000000000fc1000000000047000000000000000a0000120c6006be0195510a4e4e2011000000000000000000000000000000000001003011301101005c2b1e019a009a009610000000000000000000000032000000000000000000000000000000000000000000000000ffff0000000001000000
2026-09-09T19:23:07+02:00,1,Charging,79,1580000,1632000,16466000,Trickle,00000410d0070000603b7d003e003e0092070000000000000000000000000000000000000000000000000000000000000000020060062c0652400000050035000700080000000000be2900014a000033715502005200cb808001b30000000000013c430508010000023c4b4b082d00a50000010000000000000000b00000cc00030000000000000000000000000000000fc1000000000047000000000000000a0000120c6006be0195510a4f4f2012000000000000000000000000000000000001003011301101005c2b1e019a009a009610000000000000000000000032000000000000000000000000000000000000000000000000ffff0000000001000000
2026-09-09T19:24:07+02:00,1,Charging,81,1620000,1598000,16466000,Trickle,00000410d0070000603b7d003e003e009207000000000000000000000000000000000000000000000000000000000000000002003e06540652400000050033000700080000000000be1e00013a000032715502005200cb808001b30000000000013c430508070000023c4b4b082d00a50000010000000000000000b00000cc00030000000000000000000000000000000fc1000000000047000000000000000a0000120c3e06be0195510a51512113000000000000000000000000000000000001003011301101005c2b1e019a009a009610000000000000000000000032000000000000000000000000000000000000000000000000ffff0000000001000000
2026-09-09T19:25:07+02:00,1,Charging,82,1640000,1564000,16466000,Trickle,00000410d0070000603b7d003e003e009207000000000000000000000000000000000000000000000000000000000000000002001c06680652400000050034000700080000000000be25000141000032715502005200cb808001b30000000000013c430508010000023c4b4b083300a50000010000000000000000b00000cc00030000000000000000000000000000000fc1000000000047000000000000000a0000120c1c06be0195510a52522114000000000000000000000000000000000001003011301101005c2b1e019a009a009610000000000000000000000032000000000000000000000000000000000000000000000000ffff0000000001000000
2026-09-09T19:26:07+02:00,1,Charging,83,1660000,1530000,16466000,Trickle,00000410d0070000603b7d003e003e00920700000000000000000000000000000000000000000000000000000000000000000200fa057c0652400000050033000700080000000000be23000142000032715502005200cb808001b30000000000013c430508070000023c4b4b082d00a50000010000000000000000b00000cc00030000000000000000000000000000000fc1000000000047000000000000000a0000120cfa05be0195510a53532115000000000000000000000000000000000001003011301101005c2b1e019a009a009610000000000000000000000032000000000000000000000000000000000000000000000000ffff0000000001000000
2026-09-09T19:27:08+02:00,1,Charging,85,1700000,1496000,16466000,Trickle,00000410d0070000603b7d003e003e00920700000000000000000000000000000000000000000000000000000000000000000200d805a40652400000050034000700080000000000be2f000158000032715502005200cb808001b30000000000013c430507ff0000023c4b4b082d00a50000010000000000000000b00000cc00030000000000000000000000000000000fc1000000000047000000000000000a0000120cd805be0195510a55552216000000000000000000000000000000000001003011301101005c2b1e019a009a009610000000000000000000000032000000000000000000000000000000000000000000000000ffff0000000001000000
2026-09-09T19:28:08+02:00,1,Charging,86,1720000,1462000,16466000,Trickle,00000410d0070000603b7d003e003e00920700000000000000000000000000000000000000000000000000000000000000000200b605b80652400000050034000700080000000000be1e00013a000033715502005200cb808001b30000000000013c430508070000023c4b4b082d00a50000010000000000000000b00000cc00030000000000000000000000000000000fc1000000000047000000000000000a0000120cb605be0195510a56562217000000000000000000000000000000000001003011301101005c2b1e019a009a009610000000000000000000000032000000000000000000000000000000000000000000000000ffff0000000001000000
2026-09-09T19:29:08+02:00,1,Charging,87,1740000,1428000,16466000,Trickle,00000410d0070000603b7d003e003e009207000000000000000000000000000000000000000000000000000000000000000002009405cc0652400000050033000700080000000000be1e00013a000032715502005200cb808001b30000000000013c430508070000023c4b4b082d00a50000010000000000000000b00000cc00030000000000000000000000000000000fc1000000000047000000000000000a0000120c9405be0195510a57572218000000000000000000000000000000000001003011301101005c2b1e019a009a009610000000000000000000000032000000000000000000000000000000000000000000000000ffff0000000001000000
2026-09-09T19:30:08+02:00,1,Charging,88,1760000,1394000,16466000,Trickle,00000410d0070000603b7d003e003e009207000000000000000000000000000000000000000000000000000000000000000002007205e00652400000050033000700080000000000be2200013e000031715502005200cb808001b30000000000013c430508070000023c4b4b082d00a50000010000000000000000b00000cc00030000000000000000000000000000000fc1000000000047000000000000000a00001c0c7205be0195510a58582319000000000000000000000000000000000001003011301101005c2b1e019a009a009610000000000000000000000032000000000000000000000000000000000000000000000000ffff0000000001000000
2026-09-09T19:31:08+02:00,1,Charging,89,1780000,1360000,16466000,Trickle,00000410d0070000603b7d003e003e009207000000000000000000000000000000000000000000000000000000000000000002005005f40652400000050032000700080000000000be1d000137000031715502005200cb808001b30000000000013c430508070000023c4b4b082d00a50000010000000000000000b00000cc00030000000000000000000000000000000fc1000000000047000000000000000a00001c0c5005be0195510a5959231a000000000000000000000000000000000001003011301101005c2b1e019a009a009610000000000000000000000032000000000000000000000000000000000000000000000000ffff0000000001000000
2026-09-09T19:32:08+02:00,1,Charging,90,1800000,1326000,16466000,Trickle,00000410d0070000603b7d003e003e009207000000000000000000000000000000000000000000000000000000000000000002002e05080752400000050032000700080000000000be2300013f000030715502005200cb808001b30000000000013c430508010000023c4b4b082d00a50000010000000000000000b00000cc00030000000000000000000000000000000fc1000000000047000000000000000a00001c0c2e05be0195510a5a5a241b000000000000000000000000000000000001003011301101005c2b1e019a009a009610000000000000000000000032000000000000000000000000000000000000000000000000ffff0000000001000000
2026-09-09T19:33:09+02:00,1,Charging,92,1840000,1292000,16466000,Trickle,00000410d0070000603b7d003e003e009207000000000000000000000000000000000000000000000000000000000000000002000c05300752400000050032000700080000000000be1d000137000030715502005200cb808001b30000000000013c430508010000023c4b4b082d00a50000010000000000000000b00000cc00030000000000000000000000000000000fc1000000000047000000000000000a00001c0c0c05be0195510a5c5c241c000000000000000000000000000000000001003011301101005c2b1e019a009a009610000000000000000000000032000000000000000000000000000000000000000000000000ffff0000000001000000
2026-09-09T19:34:09+02:00,1,Charging,93,1860000,1258000,16466000,Trickle,00000410d0070000603b7d003e003e00920700000000000000000000000000000000000000000000000000000000000000000200ea04440752400000050033000700080000000000be2000013e000030715502005200cb808001b30000000000013c430508010000023c4b4b082700a50000010000000000000000b00000cc00030000000000000000000000000000000fc1000000000047000000000000000a00001c0cea04be0195510a5d5d241d000000000000000000000000000000000001003011301101005c2b1e019a009a009610000000000000000000000032000000000000000000000000000000000000000000000000ffff0000000001000000
2026-09-09T19:35:09+02:00,1,Charging,94,1880000,1224000,16466000,Trickle,00000410d0070000603b7d003e003e00920700000000000000000000000000000000000000000000000000000000000000000200c804580752400000050032000700080000000000be1f000138000030715502005200cb808001b30000000000013c430508010000023c4b4b082d00a50000010000000000000000b00000cc00030000000000000000000000000000000fc1000000000047000000000000000a00001c0cc804be0195510a5e5e251e000000000000000000000000000000000001003011301101005c2b1e019a009a009610000000000000000000000032000000000000000000000000000000000000000000000000ffff0000000001000000
2026-09-09T19:36:09+02:00,1,Charging,95,1900000,1224000,16466000,Trickle,00000410d0070000603b7d003e003e00920700000000000000000000000000000000000000000000000000000000000000000200c8046c0752400000050032000700080000000000be1b000135000030715502005200cb808001b30000000000013c430508010000023c4b4b082d00a50000010000000000000000b00000cc00030000000000000000000000000000000fc1000000000047000000000000000a00001c0cc804be0195510a5f5f251f000000000000000000000000000000000001003011301101005c2b1e019a009a009610000000000000000000000032000000000000000000000000000000000000000000000000ffff0000000001000000
2026-09-09T19:37:09+02:00,1,Charging,96,1920000,1190000,16466000,Trickle,00000410d0070000603b7d003e003e00920700000000000000000000000000000000000000000000000000000000000000000200a604800752400000050031000700080000000000be1e000137000030715502005200cb808001b30000000000013c430508010000023c4b4b082d00a50000010000000000000000b00000cc00030000000000000000000000000000000fc1000000000047000000000000000a00001c0ca604be0195510a60602520000000000000000000000000000000000001003011301101005c2b1e019a009a009610000000000000000000000032000000000000000000000000000000000000000000000000ffff0000000001000000
2026-09-09T19:38:10+02:00,1,Charging,96,1920000,1156000,16466000,Trickle,00000410d0070000603b7d003e003e009207000000000000000000000000000000000000000000000000000000000000000002008404800752400000050031000700080000000000be1d000134000030715502005200cb808001b30000000000013c430508010000023c4b4b082700a50000010000000000000000b00000cc00030000000000000000000000000000000fc1000000000047000000000000000a00001c0c8404be0195510a60602621000000000000000000000000000000000001003011301101005c2b1e019a009a009610000000000000000000000032000000000000000000000000000000000000000000000000ffff0000000001000000
2026-09-09T19:39:10+02:00,1,Charging,97,1940000,1122000,16466000,Trickle,00000410d0070000603b7d003e003e009207000000000000000000000000000000000000000000000000000000000000000002006204940752400000050031000700080000000000be1b000135000030715502005200cb808001b30000000000013c430508010000023c4b4b082700a50000010000000000000000b00000cc00030000000000000000000000000000000fc1000000000047000000000000000a00001c0c6204be0195510a61612622000000000000000000000000000000000001003011301101005c2b1e019a009a009610000000000000000000000032000000000000000000000000000000000000000000000000ffff0000000001000000
2026-09-09T19:40:10+02:00,1,Charging,97,1940000,1088000,16466000,Trickle,00000410d0070000603b7d003e003e009207000000000000000000000000000000000000000000000000000000000000000002004004940752400000050031000700080000000000be1c000133000030715502005200cb808001b30000000000013c430507fb0000023c4b4b082d00a50000010000000000000000b00000cc00030000000000000000000000000000000fc1000000000047000000000000000a00001c0c4004be0195510a61612623000000000000000000000000000000000001003011301101005c2b1e019a009a009610000000000000000000000032000000000000000000000000000000000000000000000000ffff0000000001000000
2026-09-09T19:41:10+02:00,1,Charging,97,1940000,1054000,16466000,Trickle,00000410d0070000603b7d003e003e009207000000000000000000000000000000000000000000000000000000000000000002001e04940752400000050032000700080000000000be1b000133000030715502005200cb808001b30000000000013c43050801000000004b4b000000a50000010000000000000000b00000cc00030000000000000000000000000000000fc1000000000047000000000000000a00001c0c1e04be0195510a61612624000000000000000000000000000000000001003011301101005c2b1e019a009a009610000000000000000000000032000000000000000000000000000000000000000000000000ffff0000000001000000
2026-09-09T19:42:10+02:00,1,Charging,98,1960000,1020000,16466000,Trickle,00000410d0070000603b7d003e003e00920700000000000000000000000000000000000000000000000000000000000000000200fc03a80752400000050033000700080000000000be1d000136000032715502005200cb808001b30000000000013c43050801000000004b4b000000a50000010000000000000000b00000cc00030000000000000000000000000000000fc1000000000047000000000000000a00001c0cfc03be0195510a62622725000000000000000000000000000000000001003011301101005c2b1e019a009a009610000000000000000000000032000000000000000000000000000000000000000000000000ffff0000000001000000
2026-09-09T19:43:10+02:00,1,Charging,98,1960000,1020000,16466000,Trickle,00000410d0070000603b7d003e003e00920700000000000000000000000000000000000000000000000000000000000000000200fc03a80752400000050034000700080000000000be1c000134000033715502005200cb808001b30000000000013c430508010000023c4b4b082d00a50000010000000000000000b00000cc00030000000000000000000000000000000fc1000000000047000000000000000a0000120cfc03be0195510a62622726000000000000000000000000000000000001003011301101005c2b1e019a009a009610000000000000000000000032000000000000000000000000000000000000000000000000ffff0000000001000000
2026-09-09T19:44:11+02:00,0,Discharging,98,1960000,2347000,15073000,Long_Life,00000410d0070000603b7d003e003e00920700000000000000000000000000000000000000000000000000000000000000000100c30aa807e13a0000040034000700080000000000961b000028000032715502005200cb808001b30000000000013c430508010000023c2d2d082d00320000010000000000000000b00000cc00020000000000000000000000000000000ec0000000000047000000000000000a00001c0cc30abe0195510a62620900000000000000000000000000000000000001003011301101005c2b1e019a009a009610000000000000000000000032000000000000000000000000000000000000000000000000ffff0000000000000000
2026-09-09T19:45:11+02:00,0,Discharging,96,1920000,1939000,14924000,Long_Life,00000410d0070000603b7d003e003e00920700000000000000000000000000000000000000000000000000000000000000000100930780074c3a0000040032000700080000000000951300001d000030715502005200cb808001b30000000000013c430508010000023c2d2d082d00320000010000000000000000b00000cc00020000000000000000000000000000000ec0000000000047000000000000000a00001c0c9307be0195510a60600900000000000000000000000000000000000001003011301101005c2b1e019a009a009610000000000000000000000032000000000000000000000000000000000000000000000000ffff0000000000000000
2026-09-09T19:46:11+02:00,0,Discharging,94,1880000,2143000,14838000,Long_Life,00000410d0070000603b7d003e003e009207000000000000000000000000000000000000000000000000000000000000000001005f085807f6390000040031000700080000000000941500001f000030715502005200cb808001b30000000000013c430507f90000023c2d2d082b00320000010000000000000000b00000cc00020000000000000000000000000000000ec0000000000047000000000000000a00001c0c5f08be0195510a5e5e0900000000000000000000000000000000000001003011301101005c2b1e019a009a009610000000000000000000000032000000000000000000000000000000000000000000000000ffff0000000000000000
2026-09-09T19:47:11+02:00,0,Discharging,92,1840000,3299000,14680000,Long_Life,00000410d0070000603b7d003e003e00920700000000000000000000000000000000000000000000000000000000000000000100e30c300758390000040032000700080000000000931500001f000030715502005200cb808001b30000000000013c43050801000000002d2d000000320000010000000000000000b00000cc00020000000000000000000000000000000ec0000000000047000000000000000a0000260ce30cbe0195510a5c5c0900000000000000000000000000000000000001003011301101005c2b1e019a009a009610000000000000000000000032000000000000000000000000000000000000000000000000ffff0000000000000000
2026-09-09T19:48:12+02:00,0,Discharging,91,1820000,2143000,14691000,Long_Life,00000410d0070000603b7d003e003e009207000000000000000000000000000000000000000000000000000000000000000001005f081c0763390000040033000700080000000000921500001e000031715502005200cb808001b30000000000013c43050801000000002d2d000000320000010000000000000000b00000cc00020000000000000000000000000000000ec0000000000047000000000000000a0000260c5f08be0195510a5b5b0900000000000000000000000000000000000001003011301101005c2b1e019a009a009610000000000000000000000032000000000000000000000000000000000000000000000000ffff0000000000000000
2026-09-09T19:49:12+02:00,0,Discharging,89,1780000,2449000,14635000,Long_Life,00000410d0070000603b7d003e003e009207000000000000000000000000000000000000000000000000000000000000000001009109f4062b3900000400340007000800000000009218000023000032715502005200cb808001b30000000000013c430507ff000000002d2d000000320000010000000000000000b00000cc00020000000000000000000000000000000ec0000000000047000000000000000a0000260c9109be0195510a59590900000000000000000000000000000000000001003011301101005c2b1e019a009a009610000000000000000000000032000000000000000000000000000000000000000000000000ffff0000000000000000
2026-09-09T19:50:12+02:00,0,Discharging,87,1740000,1973000,14573000,Long_Life,00000410d0070000603b7d003e003e00920700000000000000000000000000000000000000000000000000000000000000000100b507cc06ed380000040034000700080000000000911300001c000032715502005200cb808001b30000000000013c43050801000000002d2d000000320000010000000000000000b00000cc00020000000000000000000000000000000ec0000000000047000000000000000a0000260cb507be0195510a57570900000000000000000000000000000000000001003011301101005c2b1e019a009a009610000000000000000000000032000000000000000000000000000000000000000000000000ffff0000000000000000
2026-09-09T19:51:12+02:00,0,Discharging,85,1700000,2177000,14519000,Long_Life,00000410d0070000603b7d003e003e009207000000000000000000000000000000000000000000000000000000000000000001008108a406b7380000040034000700080000000000911500001e000032715502005200cb808001b30000000000013c430507fb000000002d2d000000320000010000000000000000b00000cc00020000000000000000000000000000000ec0000000000047000000000000000a0000300c8108be0195510a55550900000000000000000000000000000000000001003011301101005c2b1e019a009a009610000000000000000000000032000000000000000000000000000000000000000000000000ffff0000000000000000
2026-09-09T19:52:12+02:00,0,Discharging,83,1660000,2041000,14476000,Long_Life,00000410d0070000603b7d003e003e00920700000000000000000000000000000000000000000000000000000000000000000100f9077c068c380000040033000700080000000000901400001c000032715502005200cb808001b30000000000013c430508010000023c2d2d082b00320000010000000000000000b00000cc00020000000000000000000000000000000ec0000000000047000000000000000a0000300cf907be0195510a53530900000000000000000000000000000000000001003011301101005c2b1e019a009a009610000000000000000000000032000000000000000000000000000000000000000000000000ffff0000000000000000
2026-09-09T19:53:12+02:00,0,Discharging,81,1620000,2143000,14418000,Long_Life,00000410d0070000603b7d003e003e009207000000000000000000000000000000000000000000000000000000000000000001005f08540652380000040033000700080000000000901500001d000031715502005200cb808001b30000000000013c430507f90000023c2d2d083300320000010000000000000000b00000cc00020000000000000000000000000000000ec0000000000047000000000000000a0000300c5f08be0195510a51510900000000000000000000000000000000000001003011301101005c2b1e019a009a009610000000000000000000000032000000000000000000000000000000000000000000000000ffff0000000000000000
2026-09-09T19:54:13+02:00,0,Discharging,79,1580000,2075000,14455000,Long_Life,00000410d0070000603b7d003e003e009207000000000000000000000000000000000000000000000000000000000000000001001b082c0677380000040032000700080000000000901400001c000030715502005200cb808001b30000000000013c430507f90000023c2d2d082d00320000010000000000000000b00000cc00020000000000000000000000000000000ec0000000000047000000000000000a0000300c1b08be0195510a4f4f0900000000000000000000000000000000000001003011301101005c2b1e019a009a009610000000000000000000000032000000000000000000000000000000000000000000000000ffff0000000000000000
2026-09-09T19:55:13+02:00,0,Discharging,77,1540000,2075000,14411000,Long_Life,00000410d0070000603b7d003e003e009207000000000000000000000000000000000000000000000000000000000000000001001b0804064b380000040031000700080000000000901400001d000030715502005200cb808001b30000000000013c430507f90000023c2d2d082d00320000010000000000000000b00000cc00020000000000000000000000000000000ec0000000000047000000000000000a00003a0c1b08be0195510a4d4d0900000000000000000000000000000000000001003011301101005c2b1e019a009a009610000000000000000000000032000000000000000000000000000000000000000000000000ffff0000000000000000
2026-09-09T19:56:13+02:00,0,Discharging,76,1520000,2041000,14382000,Long_Life,00000410d0070000603b7d003e003e00920700000000000000000000000000000000000000000000000000000000000000000100f907f0052e3800000400320007000800000000008f1400001d000030715502005200cb808001b30000000000013c430507fb000000002d2d000000320000010000000000000000b00000cc00020000000000000000000000000000000ec0000000000047000000000000000a00003a0cf907be0195510a4c4c0900000000000000000000000000000000000001003011301101005c2b1e019a009a009610000000000000000000000032000000000000000000000000000000000000000000000000ffff0000000000000000
2026-09-09T19:57:13+02:00,0,Discharging,74,1480000,3707000,14288000,Long_Life,00000410d0070000603b7d003e003e009207000000000000000000000000000000000000000000000000000000000000000001007b0ec805d03700000400350007000800000000008e25000031000031715502005200cb808001b30000000000013c430507f9000000002d2d000000320000010000000000000000b00000cc00020000000000000000000000000000000ec0000000000047000000000000000a00003a0c7b0ebe0195510a4a4a0900000000000000000000000000000000000001003011301101005c2b1e019a009a009610000000000000000000000032000000000000000000000000000000000000000000000000ffff0000000000000000
2026-09-09T19:58:13+02:00,0,Discharging,72,1440000,2109000,14290000,Long_Life,00000410d0070000603b7d003e003e009207000000000000000000000000000000000000000000000000000000000000000001003d08a005d23700000400330007000800000000008e1500001e000032715502005200cb808001b30000000000013c430507fb0000023c2d2d082d00320000010000000000000000b00000cc00020000000000000000000000000000000ec0000000000047000000000000000a00003a0c3d08be0195510a47480900000000000000000000000000000000000001003011301101005c2b1e019a009a009610000000000000000000000032000000000000000000000000000000000000000000000000ffff0000000000000000
2026-09-09T19:59:14+02:00,0,Discharging,70,1400000,2143000,14274000,Long_Life,00000410d0070000603b7d003e003e009207000000000000000000000000000000000000000000000000000000000000000001005f087805c23700000400320007000800000000008e1500001f000031715502005200cb808001b30000000000013c430507f60000023c2d2d082d00320000010000000000000000b00000cc00020000000000000000000000000000000ec0000000000047000000000000000a00003a0c5f08be0195510a46460900000000000000000000000000000000000001003011301101005c2b1e019a009a009610000000000000000000000032000000000000000000000000000000000000000000000000ffff0000000000000000
2026-09-09T20:00:14+02:00,0,Discharging,68,1360000,2789000,14021000,Long_Life,00000410d0070000603b7d003e003e00920700000000000000000000000000000000000000000000000000000000000000000100e50a5005c53600000400320007000800000000008c1b000025000030715502005200cb808001b30000000000013c430507fb0000023c2d2d082d00320000010000000000000000b00000cc00020000000000000000000000000000000ec0000000000047000000000000000a00003a0ce50abe0195510a43440900000000000000000000000000000000000001003011301101005c2b1e019a009a009610000000000000000000000032000000000000000000000000000000000000000000000000ffff0000000000000000
2026-09-09T20:01:14+02:00,0,Discharging,66,1320000,2449000,14269000,Long_Life,00000410d0070000603b7d003e003e0092070000000000000000000000000000000000000000000000000000000000000000010091092805bd3700000400320007000800000000008e18000021000030715502005200cb808001b30000000000013c430507fb0000023c2d2d082d00320000010000000000000000b00000cc00020000000000000000000000000000000ec0000000000047000000000000000a00003a0c9109be0195510a42420900000000000000000000000000000000000001003011301101005c2b1e019a009a009610000000000000000000000032000000000000000000000000000000000000000000000000ffff0000000000000000
2026-09-09T20:02:14+02:00,0,Discharging,64,1280000,2109000,14248000,Long_Life,00000410d0070000603b7d003e003e009207000000000000000000000000000000000000000000000000000000000000000001003d080005a83700000400320007000800000000008e1500001e000030715502005200cb808001b30000000000013c43050801000000002d2d000000320000010000000000000000b00000cc00020000000000000000000000000000000ec0000000000047000000000000000a00003a0c3d08be0195510a40400900000000000000000000000000000000000001003011301101005c2b1e019a009a009610000000000000000000000032000000000000000000000000000000000000000000000000ffff0000000000000000
2026-09-09T20:03:14+02:00,0,Discharging,62,1240000,2041000,14248000,Long_Life,00000410d0070000603b7d003e003e00920700000000000000000000000000000000000000000000000000000000000000000100f907d804a83700000400320007000800000000008e1400001d000031715502005200cb808001b30000000000013c430507fb000000002d2d000000320000010000000000000000b00000cc00020000000000000000000000000000000ec0000000000047000000000000000a00003a0cf907be0195510a3e3e0900000000000000000000000000000000000001003011301101005c2b1e019a009a009610000000000000000000000032000000000000000000000000000000000000000000000000ffff0000000000000000
2026-09-09T20:04:15+02:00,0,Discharging,60,1200000,2075000,14196000,Long_Life,00000410d0070000603b7d003e003e009207000000000000000000000000000000000000000000000000000000000000000001001b08b004743700000400330007000800000000008d1400001d000031715502005200cb808001b30000000000013c430507fb000000002d2d000000320000010000000000000000b00000cc00020000000000000000000000000000000ec0000000000047000000000000000a00003a0c1b08be0195510a3c3c0900000000000000000000000000000000000001003011301101005c2b1e019a009a009610000000000000000000000032000000000000000000000000000000000000000000000000ffff0000000000000000
2026-09-09T20:05:15+02:00,0,Discharging,58,1160000,1973000,14189000,Long_Life,00000410d0070000603b7d003e003e00920700000000000000000000000000000000000000000000000000000000000000000100b50788046d3700000400330007000800000000008d1300001c000032715502005200cb808001b30000000000013c43050801000000002d2d000000320000010000000000000000b00000cc00020000000000000000000000000000000ec0000000000047000000000000000a00003a0cb507be0195510a3a3a0900000000000000000000000000000000000001003011301101005c2b1e019a009a009610000000000000000000000032000000000000000000000000000000000000000000000000ffff0000000000000000
2026-09-09T20:06:15+02:00,0,Discharging,56,1120000,2041000,14144000,Long_Life,00000410d0070000603b7d003e003e00920700000000000000000000000000000000000000000000000000000000000000000100f9076004403700000400330007000800000000008d1400001d000032715502005200cb808001b30000000000013c430507fb000000002d2d000000320000010000000000000000b00000cc00020000000000000000000000000000000ec0000000000047000000000000000a0000440cf907be0195510a38380900000000000000000000000000000000000001003011301101005c2b1e019a009a009610000000000000000000000032000000000000000000000000000000000000000000000000ffff0000000000000000
2026-09-09T20:07:15+02:00,0,Discharging,55,1100000,2075000,14125000,Long_Life,00000410d0070000603b7d003e003e009207000000000000000000000000000000000000000000000000000000000000000001001b084c042d3700000400340007000800000000008d1400001d000032715502005200cb808001b30000000000013c43050801000000002d2d000000320000010000000000000000b00000cc00020000000000000000000000000000000ec0000000000047000000000000000a0000440c1b08be0195510a37370900000000000000000000000000000000000001003011301101005c2b1e019a009a009610000000000000000000000032000000000000000000000000000000000000000000000000ffff0000000000000000
2026-09-09T20:08:15+02:00,0,Discharging,53,1060000,2143000,14125000,Long_Life,00000410d0070000603b7d003e003e009207000000000000000000000000000000000000000000000000000000000000000001005d0a24042d3700000400350007000800000000008d1a000024000032715502005200cb808001b30000000000013c43050801000000002d2d000000320000010000000000000000b00000cc00020000000000000000000000000000000ec0000000000047000000000000000a0000440c5d0abe0195510a35350900000000000000000000000000000000000001003011301101005c2b1e019a009a009610000000000000000000000032000000000000000000000000000000000000000000000000ffff0000000000000000
2026-09-09T20:09:16+02:00,1,Charging,53,1060000,2006000,16021000,Long_Life,00000410d0070000603b7d003e003e00920700000000000000000000000000000000000000000000000000000000000000000200d6072404953e0000050033000700080000000000be25000145000033715502005200cb808001b30000000000013c430507fb0000023c4b4b083300a50000010000000000000000b00000cc00030000000000000000000000000000000fc1000000000047000000000000000a0000440cd607be0195510a35353800000000000000000000000000000000000001003011301101005c2b1e019a009a009610000000000000000000000032000000000000000000000000000000000000000000000000ffff0000000001000000
2026-09-09T20:10:16+02:00,1,Charging,55,1100000,2006000,16114000,Long_Life,00000410d0070000603b7d003e003e00920700000000000000000000000000000000000000000000000000000000000000000200d6074c04f23e0000050034000700080000000000be2b00014e000032715502005200cb808001b30000000000013c430507fb0000023c4b4b083300a50000010000000000000000b00000cc00030000000000000000000000000000000fc1000000000047000000000000000a00003a0cd607be0195510a37373801000000000000000000000000000000000001003011301101005c2b1e019a009a009610000000000000000000000032000000000000000000000000000000000000000000000000ffff0000000001000000
2026-09-09T20:11:16+02:00,1,Charging,56,1120000,2006000,16161000,Long_Life,00000410d0070000603b7d003e003e00920700000000000000000000000000000000000000000000000000000000000000000200d6076004213f0000050033000700080000000000be24000146000032715502005200cb808001b30000000000013c430507fb0000023c4b4b082d00a50000010000000000000000b00000cc00030000000000000000000000000000000fc1000000000047000000000000000a00003a0cd607be0195510a38383802000000000000000000000000000000000001003011301101005c2b1e019a009a009610000000000000000000000032000000000000000000000000000000000000000000000000ffff0000000001000000
2026-09-09T20:12:16+02:00,1,Charging,58,1160000,2006000,16185000,Long_Life,00000410d0070000603b7d003e003e00920700000000000000000000000000000000000000000000000000000000000000000200d6078804393f0000050033000700080000000000be2900014d000032715502005200cb808001b30000000000013c430507fb0000023c4b4b082d00a50000010000000000000000b00000cc00030000000000000000000000000000000fc1000000000047000000000000000a00003a0cd607be0195510a3a3a3903000000000000000000000000000000000001003011301101005c2b1e019a009a009610000000000000000000000032000000000000000000000000000000000000000000000000ffff0000000001000000
2026-09-09T20:13:16+02:00,1,Charging,60,1200000,2006000,16208000,Long_Life,00000410d0070000603b7d003e003e00920700000000000000000000000000000000000000000000000000000000000000000200d607b004503f0000050033000700080000000000be2900014b000032715502005200cb808001b30000000000013c430507fb0000023c4b4b082d00a50000010000000000000000b00000cc00030000000000000000000000000000000fc1000000000047000000000000000a00003a0cd607be0195510a3c3c3904000000000000000000000000000000000001003011301101005c2b1e019a009a009610000000000000000000000032000000000000000000000000000000000000000000000000ffff0000000001000000
2026-09-09T20:14:16+02:00,1,Charging,61,1220000,2006000,16255000,Long_Life,00000410d0070000603b7d003e003e00920700000000000000000000000000000000000000000000000000000000000000000200d607c4047f3f0000050033000700080000000000be25000146000032715502005200cb808001b30000000000013c430508010000023c4b4b082d00a50000010000000000000000b00000cc00030000000000000000000000000000000fc1000000000047000000000000000a00003a0cd607be0195510a3d3d3a05000000000000000000000000000000000001003011301101005c2b1e019a009a009610000000000000000000000032000000000000000000000000000000000000000000000000ffff0000000001000000
2026-09-09T20:15:17+02:00,1,Charging,63,1260000,2006000,16279000,Long_Life,00000410d0070000603b7d003e003e00920700000000000000000000000000000000000000000000000000000000000000000200d607ec04973f0000050033000700080000000000be24000145000032715502005200cb808001b30000000000013c430507fb0000023c4b4b082d00a50000010000000000000000b00000cc00030000000000000000000000000000000fc1000000000047000000000000000a0000300cd607be0195510a3f3f3a06000000000000000000000000000000000001003011301101005c2b1e019a009a009610000000000000000000000032000000000000000000000000000000000000000000000000ffff0000000001000000
2026-09-09T20:16:17+02:00,1,Charging,65,1300000,2006000,16302000,Long_Life,00000410d0070000603b7d003e003e00920700000000000000000000000000000000000000000000000000000000000000000200d6071405ae3f0000050035000700080000000000be2c000154000032715502005200cb808001b30000000000013c430507fb0000023c4b4b082d00a50000010000000000000000b00000cc00030000000000000000000000000000000fc1000000000047000000000000000a0000300cd607be0195510a41413a07000000000000000000000000000000000001003011301101005c2b1e019a009a009610000000000000000000000032000000000000000000000000000000000000000000000000ffff0000000001000000
2026-09-09T20:17:17+02:00,1,Charging,66,1320000,2006000,16326000,Long_Life,00000410d0070000603b7d003e003e00920700000000000000000000000000000000000000000000000000000000000000000200d6072805c63f0000050034000700080000000000be2a00014d000032715502005200cb808001b30000000000013c430507fb0000023c4b4b083300a50000010000000000000000b00000cc00030000000000000000000000000000000fc1000000000047000000000000000a0000300cd607be0195510a42423b08000000000000000000000000000000000001003011301101005c2b1e019a009a009610000000000000000000000032000000000000000000000000000000000000000000000000ffff0000000001000000
2026-09-09T20:18:17+02:00,1,Charging,68,1360000,1972000,16349000,Long_Life,00000410d0070000603b7d003e003e00920700000000000000000000000000000000000000000000000000000000000000000200b4075005dd3f0000050033000700080000000000be27000149000032715502005200cb808001b30000000000013c430507f90000023c4b4b082d00a50000010000000000000000b00000cc00030000000000000000000000000000000fc1000000000047000000000000000a0000300cb407be0195510a44443b09000000000000000000000000000000000001003011301101005c2b1e019a009a009610000000000000000000000032000000000000000000000000000000000000000000000000ffff0000000001000000
2026-09-09T20:19:17+02:00,1,Charging,70,1400000,1972000,16373000,Long_Life,00000410d0070000603b7d003e003e00920700000000000000000000000000000000000000000000000000000000000000000200b4077805f53f0000050033000700080000000000be25000146000032715502005200cb808001b30000000000013c430507fb0000023c4b4b082d00a50000010000000000000000b00000cc00030000000000000000000000000000000fc1000000000047000000000000000a0000300cb407be0195510a46463b0a000000000000000000000000000000000001003011301101005c2b1e019a009a009610000000000000000000000032000000000000000000000000000000000000000000000000ffff0000000001000000
2026-09-09T20:20:18+02:00,1,Charging,71,1420000,1938000,16396000,Long_Life,00000410d0070000603b7d003e003e0092070000000000000000000000000000000000000000000000000000000000000000020092078c050c400000050033000700080000000000be25000145000032715502005200cb808001b30000000000013c430508010000023c4b4b082d00a50000010000000000000000b00000cc00030000000000000000000000000000000fc1000000000047000000000000000a0000300c9207be0195510a4747000c000000000000000000000000000000000001003011301101005c2b1e019a009a009610000000000000000000000032000000000000000000000000000000000000000000000000ffff0000000001000000
2026-09-09T20:21:18+02:00,1,Charging,73,1460000,1904000,16396000,Long_Life,00000410d0070000603b7d003e003e009207000000000000000000000000000000000000000000000000000000000000000002007007b4050c400000050033000700080000000000be25000147000032715502005200cb808001b30000000000013c430507f90000023c4b4b082b00a50000010000000000000000b00000cc00030000000000000000000000000000000fc1000000000047000000000000000a0000300c7007be0195510a4949000d000000000000000000000000000000000001003011301101005c2b1e019a009a009610000000000000000000000032000000000000000000000000000000000000000000000000ffff0000000001000000
2026-09-09T20:22:18+02:00,1,Charging,75,1500000,1870000,16419000,Long_Life,00000410d0070000603b7d003e003e009207000000000000000000000000000000000000000000000000000000000000000002004e07dc0523400000050033000700080000000000be26000146000032715502005200cb808001b30000000000013c430508010000023c4b4b082d00a50000010000000000000000b00000cc00030000000000000000000000000000000fc1000000000047000000000000000a0000300c4e07be0195510a4b4b000e000000000000000000000000000000000001003011301101005c2b1e019a009a009610000000000000000000000032000000000000000000000000000000000000000000000000ffff0000000001000000
2026-09-09T20:23:18+02:00,1,Charging,76,1520000,1836000,16443000,Long_Life,00000410d0070000603b7d003e003e009207000000000000000000000000000000000000000000000000000000000000000002002c07f0053b400000050034000700080000000000be25000147000032715502005200cb808001b30000000000013c430508010000023c4b4b082d00a50000010000000000000000b00000cc00030000000000000000000000000000000fc1000000000047000000000000000a0000300c2c07be0195510a4c4c010f000000000000000000000000000000000001003011301101005c2b1e019a009a009610000000000000000000000032000000000000000000000000000000000000000000000000ffff0000000001000000
2026-09-09T20:24:18+02:00,1,Charging,78,1560000,1768000,16443000,Long_Life,00000410d0070000603b7d003e003e00920700000000000000000000000000000000000000000000000000000000000000000200e80618063b400000050033000700080000000000be2000013f000032715502005200cb808001b30000000000013c430507ff0000023c4b4b082b00a50000010000000000000000b00000cc00030000000000000000000000000000000fc1000000000047000000000000000a0000300ce806be0195510a4e4e0110000000000000000000000000000000000001003011301101005c2b1e019a009a009610000000000000000000000032000000000000000000000000000000000000000000000000ffff0000000001000000
2026-09-09T20:25:18+02:00,1,Charging,79,1580000,1734000,16443000,Long_Life,00000410d0070000603b7d003e003e00920700000000000000000000000000000000000000000000000000000000000000000200c6062c063b400000050034000700080000000000be21000141000031715502005200cb808001b30000000000013c430507fb0000023c4b4b082d00a50000010000000000000000b00000cc00030000000000000000000000000000000fc1000000000047000000000000000a0000300cc606be0195510a4f4f0211000000000000000000000000000000000001003011301101005c2b1e019a009a009610000000000000000000000032000000000000000000000000000000000000000000000000ffff0000000001000000
2026-09-09T20:26:19+02:00,1,Charging,81,1620000,1700000,16443000,Long_Life,00000410d0070000603b7d003e003e00920700000000000000000000000000000000000000000000000000000000000000000200a40654063b400000050033000700080000000000be2200013f000031715502005200cb808001b30000000000013c430508010000023c4b4b082d00a50000010000000000000000b00000cc00030000000000000000000000000000000fc1000000000047000000000000000a0000300ca406be0195510a51510212000000000000000000000000000000000001003011301101005c2b1e019a009a009610000000000000000000000032000000000000000000000000000000000000000000000000ffff0000000001000000
2026-09-09T20:27:19+02:00,1,Charging,82,1640000,1632000,16466000,Long_Life,00000410d0070000603b7d003e003e009207000000000000000000000000000000000000000000000000000000000000000002006006680652400000050034000700080000000000be2a00014b000032715502005200cb808001b30000000000013c430508010000023c4b4b082d00a50000010000000000000000b00000cc00030000000000000000000000000000000fc1000000000047000000000000000a0000300c6006be0195510a52520213000000000000000000000000000000000001003011301101005c2b1e019a009a009610000000000000000000000032000000000000000000000000000000000000000000000000ffff0000000001000000
2026-09-09T20:28:19+02:00,1,Charging,83,1660000,1564000,16466000,Long_Life,00000410d0070000603b7d003e003e009207000000000000000000000000000000000000000000000000000000000000000002001c067c0652400000050034000700080000000000be23000141000033715502005200cb808001b30000000000013c430508010000023c4b4b082d00a50000010000000000000000b00000cc00030000000000000000000000000000000fc1000000000047000000000000000a0000300c1c06bf0195510a53530314000000000000000000000000000000000001003011301101005c2b1e019a009a009610000000000000000000000032000000000000000000000000000000000000000000000000ffff0000000001000000
2026-09-09T20:29:19+02:00,1,Charging,85,1700000,1530000,16466000,Long_Life,00000410d0070000603b7d003e003e00920700000000000000000000000000000000000000000000000000000000000000000200fa05a40652400000050035000700080000000000be23000143000033715502005200cb808001b30000000000013c430508010000023c4b4b082d00a50000010000000000000000b00000cc00030000000000000000000000000000000fc1000000000047000000000000000a0000300cfa05bf0195510a55550315000000000000000000000000000000000001003011301101005c2b1e019a009a009610000000000000000000000032000000000000000000000000000000000000000000000000ffff0000000001000000
2026-09-09T20:30:19+02:00,1,Charging,86,1720000,1496000,16466000,Long_Life,00000410d0070000603b7d003e003e00920700000000000000000000000000000000000000000000000000000000000000000200d805b80652400000050035000700080000000000be1e00013c000033715502005200cb808001b30000000000013c430508010000023c4b4b083300a50000010000000000000000b00000cc00030000000000000000000000000000000fc1000000000047000000000000000a0000300cd805bf0195510a56560316000000000000000000000000000000000001003011301101005c2b1e019a009a009610000000000000000000000032000000000000000000000000000000000000000000000000ffff0000000001000000
2026-09-09T20:31:20+02:00,1,Charging,87,1740000,1428000,16466000,Long_Life,00000410d0070000603b7d003e003e009207000000000000000000000000000000000000000000000000000000000000000002009405cc0652400000050036000700080000000000be2800014a000033715502005200cb808001b30000000000013c430507ff0000023c4b4b083300a50000010000000000000000b00000cc00030000000000000000000000000000000fc1000000000047000000000000000a0000300c9405bf0195510a57570417000000000000000000000000000000000001003011301101005c2b1e019a009a009610000000000000000000000032000000000000000000000000000000000000000000000000ffff0000000001000000
2026-09-09T20:32:20+02:00,1,Charging,88,1760000,1394000,16466000,Long_Life,00000410d0070000603b7d003e003e009207000000000000000000000000000000000000000000000000000000000000000002007205e0065240000005003d000700080000000000be2e000157000035715502005200cb808001b30000000000034643050951000003464b4b097c00a50000010000000000000000b00000cc00030000000000000000000000000000000fc1000000000047000000000000000a0000300c7205bf0195510a58580418000000000000000000000000000000000001003011301101005c2b1e019a009a009610000000000000000000000032000000000000000000000000000000000000000000000000ffff0000000001000000
2026-09-09T20:33:20+02:00,1,Charging,89,1780000,1360000,16466000,Long_Life,00000410d0070000603b7d003e003e009207000000000000000000000000000000000000000000000000000000000000000002005005f40652400000050036000700080000000000be2000013d000034715502005200cb808001b30000000000023c43050959000003464b4b097900a50000010000000000000000b00000cc00030000000000000000000000000000000fc1000000000047000000000000000a0000260c5005bf0195510a59590419000000000000000000000000000000000001003011301101005c2b1e019a009a009610000000000000000000000032000000000000000000000000000000000000000000000000ffff0000000001000000
2026-09-09T20:34:20+02:00,1,Charging,90,1800000,1292000,16466000,Long_Life,00000410d0070000603b7d003e003e009207000000000000000000000000000000000000000000000000000000000000000002000c05080752400000050033000700080000000000be1c000138000032715502005200cb808001b30000000000023c430508010000023c4b4b083300a50000010000000000000000b00000cc00030000000000000000000000000000000fc1000000000047000000000000000a0000260c0c05bf0195510a5a5a051a000000000000000000000000000000000001003011301101005c2b1e019a009a009610000000000000000000000032000000000000000000000000000000000000000000000000ffff0000000001000000
2026-09-09T20:35:20+02:00,1,Charging,92,1840000,1258000,16466000,Long_Life,00000410d0070000603b7d003e003e00920700000000000000000000000000000000000000000000000000000000000000000200ea04300752400000050034000700080000000000be22000140000032715502005200cb808001b30000000000023c430508010000023c4b4b082d00a50000010000000000000000b00000cc00030000000000000000000000000000000fc1000000000047000000000000000a0000260cea04bf0195510a5c5c051b000000000000000000000000000000000001003011301101005c2b1e019a009a009610000000000000000000000032000000000000000000000000000000000000000000000000ffff0000000001000000
2026-09-09T20:36:21+02:00,1,Charging,93,1860000,1224000,16466000,Long_Life,00000410d0070000603b7d003e003e00920700000000000000000000000000000000000000000000000000000000000000000200c804440752400000050037000700080000000000be2d000153000033715502005200cb808001b30000000000023c430507f90000023c4b4b082d00a50000010000000000000000b00000cc00030000000000000000000000000000000fc1000000000047000000000000000a0000260cc804bf0195510a5d5d051c000000000000000000000000000000000001003011301101005c2b1e019a009a009610000000000000000000000032000000000000000000000000000000000000000000000000ffff0000000001000000
2026-09-09T20:37:21+02:00,1,Charging,94,1880000,1190000,16466000,Long_Life,00000410d0070000603b7d003e003e00920700000000000000000000000000000000000000000000000000000000000000000200a604580752400000050036000700080000000000be1b000134000034715502005200cb808001b30000000000023c430508010000023c4b4b082b00a50000010000000000000000b00000cc00030000000000000000000000000000000fc1000000000047000000000000000a0000260ca604bf0195510a5e5e061d000000000000000000000000000000000001003011301101005c2b1e019a009a009610000000000000000000000032000000000000000000000000000000000000000000000000ffff0000000001000000
2026-09-09T20:38:21+02:00,1,Charging,95,1900000,1122000,16466000,Long_Life,00000410d0070000603b7d003e003e0092070000000000000000000000000000000000000000000000000000000000000000020062046c0752400000050035000700080000000000be2100013b000033715502005200cb808001b30000000000023c430508010000023c4b4b082d00a50000010000000000000000b00000cc00030000000000000000000000000000000fc1000000000047000000000000000a0000260c6204bf0195510a5f5f061e000000000000000000000000000000000001003011301101005c2b1e019a009a009610000000000000000000000032000000000000000000000000000000000000000000000000ffff0000000001000000
2026-09-09T20:39:21+02:00,1,Charging,96,1920000,1122000,16466000,Long_Life,00000410d0070000603b7d003e003e009207000000000000000000000000000000000000000000000000000000000000000002006204800752400000050034000700080000000000be1b000138000033715502005200cb808001b30000000000023c430507ff0000023c4b4b082d00a50000010000000000000000b00000cc00030000000000000000000000000000000fc1000000000047000000000000000a0000260c6204bf0195510a6060071f000000000000000000000000000000000001003011301101005c2b1e019a009a009610000000000000000000000032000000000000000000000000000000000000000000000000ffff0000000001000000
2026-09-09T20:40:21+02:00,1,Charging,96,1920000,1088000,16466000,Long_Life,00000410d0070000603b7d003e003e009207000000000000000000000000000000000000000000000000000000000000000002004004800752400000050035000700080000000000be1f00013b000032715502005200cb808001b30000000000023c430508070000023c4b4b082d00a50000010000000000000000b00000cc00030000000000000000000000000000000fc1000000000047000000000000000a0000260c4004bf0195510a60600720000000000000000000000000000000000001003011301101005c2b1e019a009a009610000000000000000000000032000000000000000000000000000000000000000000000000ffff0000000001000000
2026-09-09T20:41:21+02:00,1,Charging,96,1920000,1054000,16466000,Long_Life,00000410d0070000603b7d003e003e009207000000000000000000000000000000000000000000000000000000000000000002001e04800752400000050034000700080000000000be1d00013a000032715502005200cb808001b30000000000023c430508010000023c4b4b082d00a50000010000000000000000b00000cc00030000000000000000000000000000000fc1000000000047000000000000000a00001c0c1e04bf0195510a60600721000000000000000000000000000000000001003011301101005c2b1e019a009a009610000000000000000000000032000000000000000000000000000000000000000000000000ffff0000000001000000
2026-09-09T20:42:22+02:00,1,Charging,97,1940000,1020000,16466000,Long_Life,00000410d0070000603b7d003e003e00920700000000000000000000000000000000000000000000000000000000000000000200fc03940752400000050034000700080000000000be25000145000032715502005200cb808001b30000000000023c430508010000023c4b4b082d00a50000010000000000000000b00000cc00030000000000000000000000000000000fc1000000000047000000000000000a00001c0cfc03bf0195510a61610822000000000000000000000000000000000001003011301101005c2b1e019a009a009610000000000000000000000032000000000000000000000000000000000000000000000000ffff0000000001000000
2026-09-09T20:43:22+02:00,1,Charging,97,1940000,952000,16466000,Long_Life,00000410d0070000603b7d003e003e00920700000000000000000000000000000000000000000000000000000000000000000200b803940752400000050035000700080000000000be1b000135000032715502005200cb808001b30000000000023c430508010000023c4b4b082d00a50000010000000000000000b00000cc00030000000000000000000000000000000fc1000000000047000000000000000a00001c0cb803bf0195510a61610823000000000000000000000000000000000001003011301101005c2b1e019a009a009610000000000000000000000032000000000000000000000000000000000000000000000000ffff0000000001000000
2026-09-09T20:44:22+02:00,1,Charging,98,1960000,952000,16466000,Long_Life,00000410d0070000603b7d003e003e00920700000000000000000000000000000000000000000000000000000000000000000200b803a80752400000050034000700080000000000be1a000134000032715502005200cb808001b30000000000023c430508010000023c4b4b082d00a50000010000000000000000b00000cc00030000000000000000000000000000000fc1000000000047000000000000000a00001c0cb803bf0195510a62620824000000000000000000000000000000000001003011301101005c2b1e019a009a009610000000000000000000000032000000000000000000000000000000000000000000000000ffff0000000001000000
2026-09-09T20:45:22+02:00,1,Charging,98,1960000,918000,16466000,Long_Life,00000410d0070000603b7d003e003e009207000000000000000000000000000000000000000000000000000000000000000002009603a80752400000050034000700080000000000be1b000135000032715502005200cb808001b30000000000023c430508010000023c4b4b082d00a50000010000000000000000b00000cc00030000000000000000000000000000000fc1000000000047000000000000000a00001c0c9603bf0195510a62620925000000000000000000000000000000000001003011301101005c2b1e019a009a009610000000000000000000000032000000000000000000000000000000000000000000000000ffff0000000001000000
2026-09-09T20:46:22+02:00,1,Charging,98,1960000,884000,16466000,Long_Life,00000410d0070000603b7d003e003e009207000000000000000000000000000000000000000000000000000000000000000002007403a80752400000050034000700080000000000be1c000136000032715502005200cb808001b30000000000023c430508070000023c4b4b082d00a50000010000000000000000b00000cc00030000000000000000000000000000000fc1000000000047000000000000000a00001c0c7403bf0195510a62620926000000000000000000000000000000000001003011301101005c2b1e019a009a009610000000000000000000000032000000000000000000000000000000000000000000000000ffff0000000001000000
2026-09-09T20:47:23+02:00,1,Charging,99,1980000,850000,16466000,Standard,00000410d0070000603b7d003e003e009207000000000000000000000000000000000000000000000000000000000000000002005203bc0752400000050035000700080000000000be1b000135000032715502005200cb808001b30000000000023c430508070000023c4b4b082b00a50000010000000000000000b00000cc00030000000000000000000000000000000fc1000000000047000000000000000a00001c0c5203bf0195510a63630927000000000000000000000000000000000001003011301101005c2b1e019a009a009610000000000000000000000032000000000000000000000000000000000000000000000000ffff0000000001000000
2026-09-09T20:48:23+02:00,0,Discharging,99,1980000,2789000,15116000,Standard,00000410d0070000603b7d003e003e00920700000000000000000000000000000000000000000000000000000000000000000100b309bc070c3b00000400330007000800000000009718000024000032715502005200cb808001b30000000000023c430508070000023c2d2d082b00320000010000000000000000b00000cc00020000000000000000000000000000000ec0000000000047000000000000000a00001c0cb309bf0195510a63632e27000000000000000000000000000000000001003011301101005c2b1e019a009a009610000000000000000000000032000000000000000000000000000000000000000000000000ffff0000000000000000
2026-09-09T20:49:23+02:00,0,Discharging,97,1940000,2211000,14856000,,00000410d0070000603b7d003e003e00920700000000000000000000000000000000000000000000000000000000000000000100a3089407083a00000400330007000800000000009416000022000031715502005200cb808001b30000000000023c430508070000023c2d2d082d00320000010000000000000000b00000cc00020000000000000000000000000000000ec0000000000047000000000000000a00001c0ca308bf0195510a61612e27000000000000000000000000000000000001003011301101005c2b1e019a009a009610000000000000000000000032000000000000000000000000000000000000000000000000ffff0000000000000000
2026-09-09T20:50:23+02:00,0,Discharging,95,1900000,2109000,14880000,,00000410d0070000603b7d003e003e009207000000000000000000000000000000000000000000000000000000000000000001003d086c07203a00000400320007000800000000009415000020000031715502005200cb808001b30000000000023c430508010000023c2d2d082700320000010000000000000000b00000cc00020000000000000000000000000000000ec0000000000047000000000000000a0000260c3d08bf0195510a5f5f2e27000000000000000000000000000000000001003011301101005c2b1e019a009a009610000000000000000000000032000000000000000000000000000000000000000000000000ffff0000000000000000
