addr,addr_kind,reads,writes,writers
0x0408,literal,1,0,
0x0409,literal,1,0,
0x0434,literal,1,0,
0x0435,literal,1,0,
0x0464,literal,1,0,
0x0465,literal,1,0,
0x046B,literal,1,0,
0x046C,literal,1,0,
0x0494,literal,1,0,
0x049F,literal,2,0,
0x04A6,literal,1,0,
0x04A7,literal,1,0,
0x0730,literal,7,2,MyFanManager_Intel.UpdatePLDefault_ByCheckPortId; MyFanManager_QC.UpdatePLDefault_ByCheckPortId
0x0731,literal,7,2,MyFanManager_Intel.UpdatePLDefault_ByCheckPortId; MyFanManager_QC.UpdatePLDefault_ByCheckPortId
0x0732,literal,7,0,
0x0733,literal,4,0,
0x0734,literal,7,2,MyFanManager_Intel.UpdatePLDefault_ByCheckPortId; MyFanManager_QC.UpdatePLDefault_ByCheckPortId
0x0735,literal,7,2,MyFanManager_Intel.UpdatePLDefault_ByCheckPortId; MyFanManager_QC.UpdatePLDefault_ByCheckPortId
0x0736,literal,7,0,
0x0737,literal,4,0,
0x0738,literal,7,0,
0x073C,literal,6,0,
0x073D,literal,1,0,
0x0740,literal,16,0,
0x0741,literal,2,1,LM_ITE_RGB.Enable_EC_OnkeyPressed
0x0742,literal,2,0,
0x0743,literal,6,15,GpuFeatures.SetGpuConfigurableTgpFunCtrlEnable; GpuFeatures.SetGpuDynamicBoostEnable; GpuFeatures.SetGpuDynamicBoostFunCtrlEnable; MyFanManager.SetFan_L1_PWM; MyFanManager.SetFan_Optimized_PWM; MyFanManager_Intel.SetFan_L1_PWM; MyFanManager_Intel.SetFan_Optimized_PWM; MyFanManager_QC.SetFan_L1_PWM; MyFanManager_QC.SetFan_Optimized_PWM; MyFanManager_RamFan1p5_CML.SetGpuDynamicBoostEnable; MyFanManager_RamFan1p5_NV.SetGpuDynamicBoostEnable; MyFanManager_RamFan1p5_Normal.SetGpuDynamicBoostEnable
0x0744,literal,0,13,GpuFeatures.SetGpuConfigurableTGPTarget; MyFanManager.SetFan_L2_PWM; MyFanManager.SetFan_Optimized_PWM; MyFanManager_Intel.SetFan_L2_PWM; MyFanManager_Intel.SetFan_Optimized_PWM; MyFanManager_QC.SetFan_L2_PWM; MyFanManager_QC.SetFan_Optimized_PWM; MyFanManager_RamFan1p5_CML.SetGpuConfigurableTGP; MyFanManager_RamFan1p5_NV.SetGpuConfigurableTGP; MyFanManager_RamFan1p5_Normal.SetGpuConfigurableTGP
0x0745,literal,0,13,GpuFeatures.SetGpuDynamicBoostTotalProcessingPowerTarget; MyFanManager.SetFan_L3_PWM; MyFanManager.SetFan_Optimized_PWM; MyFanManager_Intel.SetFan_L3_PWM; MyFanManager_Intel.SetFan_Optimized_PWM; MyFanManager_QC.SetFan_L3_PWM; MyFanManager_QC.SetFan_Optimized_PWM; MyFanManager_RamFan1p5_CML.SetGpuDynamicBoostTotalProcessingPowerTarget; MyFanManager_RamFan1p5_NV.SetGpuDynamicBoostTotalProcessingPowerTarget; MyFanManager_RamFan1p5_Normal.SetGpuDynamicBoostTotalProcessingPowerTarget
0x0746,literal,0,13,GpuFeatures.SetGpuDynamicBoostMaxinumTGP; MyFanManager.SetFan_L4_PWM; MyFanManager.SetFan_Optimized_PWM; MyFanManager_Intel.SetFan_L4_PWM; MyFanManager_Intel.SetFan_Optimized_PWM; MyFanManager_QC.SetFan_L4_PWM; MyFanManager_QC.SetFan_Optimized_PWM; MyFanManager_RamFan1p5_CML.SetGpuDynamicBoostMaxinumTGP; MyFanManager_RamFan1p5_NV.SetGpuDynamicBoostMaxinumTGP; MyFanManager_RamFan1p5_Normal.SetGpuDynamicBoostMaxinumTGP
0x0747,literal,0,9,MyFanManager.SetFan_L5_PWM; MyFanManager.SetFan_Optimized_PWM; MyFanManager_Intel.SetFan_L5_PWM; MyFanManager_Intel.SetFan_Optimized_PWM; MyFanManager_QC.SetFan_L5_PWM; MyFanManager_QC.SetFan_Optimized_PWM
0x0748,literal,20,41,MyRgbLightBarDefault.WriteECRAM; MyRgbLightBarDefault_Intel.Uninstall; MyRgbLightBarDefault_Intel.WriteECRAM; MyRgbLightBarDefault_QC.Uninstall; MyRgbLightBarDefault_QC.WriteECRAM; MyRgbLightbarManager.SetApExist; MyRgbLightbarManager.SetBreathingLightEffect; MyRgbLightbarManager.SetColorful; MyRgbLightbarManager.SetMyLightBarOnOff; MyRgbLightbarManager.SetTriggerBit4; MyRgbLightbarManager.SetTriggerBit5; MyRgbLightbarManager_Intel.SetApExist; MyRgbLightbarManager_Intel.SetBreathingLightEffect; MyRgbLightbarManager_Intel.SetBreathingMordenStandby; MyRgbLightbarManager_Intel.SetColorful; MyRgbLightbarManager_Intel.SetMyLightBarOnOff; MyRgbLightbarManager_Intel.SetTriggerBit4; MyRgbLightbarManager_Intel.SetTriggerBit5; MyRgbLightbarManager_QC.SetApExist; MyRgbLightbarManager_QC.SetBreathingLightEffect; MyRgbLightbarManager_QC.SetBreathingMordenStandby; MyRgbLightbarManager_QC.SetColorful; MyRgbLightbarManager_QC.SetMyLightBarOnOff; MyRgbLightbarManager_QC.SetTriggerBit4; MyRgbLightbarManager_QC.SetTriggerBit5
0x0749,literal,0,14,MyRgbLightBarDefault.WriteECRAM; MyRgbLightBarDefault_Intel.Uninstall; MyRgbLightBarDefault_Intel.WriteECRAM; MyRgbLightBarDefault_QC.Uninstall; MyRgbLightBarDefault_QC.WriteECRAM; MyRgbLightbarManager.SetRedLevel; MyRgbLightbarManager_Intel.SetRedLevel; MyRgbLightbarManager_QC.SetRedLevel
0x074A,literal,0,14,MyRgbLightBarDefault.WriteECRAM; MyRgbLightBarDefault_Intel.Uninstall; MyRgbLightBarDefault_Intel.WriteECRAM; MyRgbLightBarDefault_QC.Uninstall; MyRgbLightBarDefault_QC.WriteECRAM; MyRgbLightbarManager.SetGreenLevel; MyRgbLightbarManager_Intel.SetGreenLevel; MyRgbLightbarManager_QC.SetGreenLevel
0x074B,literal,0,14,MyRgbLightBarDefault.WriteECRAM; MyRgbLightBarDefault_Intel.Uninstall; MyRgbLightBarDefault_Intel.WriteECRAM; MyRgbLightBarDefault_QC.Uninstall; MyRgbLightBarDefault_QC.WriteECRAM; MyRgbLightbarManager.SetBlueLevel; MyRgbLightbarManager_Intel.SetBlueLevel; MyRgbLightbarManager_QC.SetBlueLevel
0x074C,literal,1,0,
0x074E,literal,5,2,MySettingManager.SetFnKey; MySettingManager_Intel.UserSetFnKey
0x0751,literal,19,53,MyFanManager.Disable; MyFanManager.SetBasicFanLevel; MyFanManager.SetFanBoost; MyFanManager.SetFanMode; MyFanManager_Intel.SetBasicFanLevel; MyFanManager_Intel.SetFanBoost; MyFanManager_Intel.SetFanMode; MyFanManager_QC.SetBasicFanLevel; MyFanManager_QC.SetFanBoost; MyFanManager_QC.SetFanMode; MyFanManager_RamFan1p5.SetFanBoost; MyFanManager_RamFan1p5.SetFanMode; MyFanManager_RamFan1p5_CML.SetFanBoost; MyFanManager_RamFan1p5_CML.SetFanMode; MyFanManager_RamFan1p5_NV.SetFanBoost; MyFanManager_RamFan1p5_NV.SetFanMode; MyFanManager_RamFan1p5_Normal.SetFanBoost; MyFanManager_RamFan1p5_Normal.SetFanMode
0x0753,literal,0,1,MyFanManager_RamFan1p5.SetCpuVrmCurrentLimit
0x0754,literal,0,1,MyFanManager_RamFan1p5.SetCpuVrmCurrentLimit
0x075B,literal,1,0,
0x075C,literal,1,0,
0x0766,literal,5,3,MySettingManager.Write_Support_BYTE; MySettingManager_Intel.Write_Support_BYTE; MySettingManager_QC.Write_Support_BYTE
0x0767,literal,6,6,MySettingManager.LightBar_Trigger; MySettingManager.USB_Charger_OFF; MySettingManager.USB_Charger_ON; MySettingManager.WinKeyLock_Trigger; MySettingManager_Intel.WinKeyLock_Trigger; MySettingManager_QC.WinKeyLock_Trigger
0x0768,literal,4,0,
0x0782,literal,26,2,HIDRGBLightbar.OnMqttMessage; RGBKeyboard.OnMqttMessage
0x0783,literal,0,7,MyFanManager.SetPL1Value; MyFanManager_Intel.SetPL1Value; MyFanManager_QC.SetPL1Value; MyFanManager_RamFan1p5.SetPL1Value; MyFanManager_RamFan1p5_CML.SetPL1Value; MyFanManager_RamFan1p5_NV.SetPL1Value; MyFanManager_RamFan1p5_Normal.SetPL1Value
0x0784,literal,0,7,MyFanManager.SetPL2Value; MyFanManager_Intel.SetPL2Value; MyFanManager_QC.SetPL2Value; MyFanManager_RamFan1p5.SetPL2Value; MyFanManager_RamFan1p5_CML.SetPL2Value; MyFanManager_RamFan1p5_NV.SetPL2Value; MyFanManager_RamFan1p5_Normal.SetPL2Value
0x0785,literal,0,7,MyFanManager.SetPL4Value; MyFanManager_Intel.SetPL4Value; MyFanManager_QC.SetPL4Value; MyFanManager_RamFan1p5.SetPL4Value; MyFanManager_RamFan1p5_CML.SetPL4Value; MyFanManager_RamFan1p5_NV.SetPL4Value; MyFanManager_RamFan1p5_Normal.SetPL4Value
0x0786,literal,3,8,MyFanManager_RamFan1p5.SetCpuTccOffset; MyFanManager_RamFan1p5_CML.SetCpuTccOffset; MyFanManager_RamFan1p5_NV.SetCpuTccOffset; MyFanManager_RamFan1p5_Normal.SetCpuTccOffset
0x0787,literal,3,8,MyFanManager_RamFan1p5.SetFanSwitchSpeed; MyFanManager_RamFan1p5_CML.SetFanSwitchSpeed; MyFanManager_RamFan1p5_NV.SetFanSwitchSpeed; MyFanManager_RamFan1p5_Normal.SetFanSwitchSpeed
0x0788,literal,3,0,
0x0789,literal,3,0,
0x078A,literal,3,0,
0x078B,literal,12,12,MyFanManager_Intel.SetGPUdstate; MyFanManager_Intel.SetGPUdstateByGpuMode; MyFanManager_QC.SetGPUdstate; MyFanManager_QC.SetGPUdstateByGpuMode; MyFanManager_RamFan1p5.SetGPUdstate; MyFanManager_RamFan1p5.SetGPUdstateByGpuMode; MyFanManager_RamFan1p5_CML.SetGPUdstate; MyFanManager_RamFan1p5_CML.SetGPUdstateByGpuMode; MyFanManager_RamFan1p5_NV.SetGPUdstate; MyFanManager_RamFan1p5_NV.SetGPUdstateByGpuMode; MyFanManager_RamFan1p5_Normal.SetGPUdstate; MyFanManager_RamFan1p5_Normal.SetGPUdstateByGpuMode
0x078C,literal,14,8,HIDKeyboard.AsyncBrignessToEC; MyFanManager.SetTurboMode; MyFanManager_Intel.SetTurboMode; MyFanManager_QC.SetTurboMode; SingleColorKeyboard.; SingleColorKeyboard.SetPower; SingleZone.SetBrightness_EC; SingleZone.SetPowerDisable_EC
0x078E,literal,8,0,
0x079E,literal,0,3,MyFanManager.SetOfficeModeAdv_MinSpeed; MyFanManager_Intel.SetOfficeModeAdv_MinSpeed; MyFanManager_QC.SetOfficeModeAdv_MinSpeed
0x079F,literal,0,3,MyFanManager.SetOfficeModeAdv_MinTemp; MyFanManager_Intel.SetOfficeModeAdv_MinTemp; MyFanManager_QC.SetOfficeModeAdv_MinTemp
0x07A0,literal,0,3,MyFanManager.SetOfficeModeAdv_ExtraSpeed; MyFanManager_Intel.SetOfficeModeAdv_ExtraSpeed; MyFanManager_QC.SetOfficeModeAdv_ExtraSpeed
0x07A3,literal,3,2,MyFanManager_QC.SetFanDutyCycleReduction; MyFanManager_QC.SetFanNeverResolveToZero
0x07A4,literal,1,1,MySettingManager_QC.SetFnKeySwapPower
0x07A5,literal,29,26,MyFanManager_Intel.SetFanQuietModeEnable; MyFanManager_Intel.SetOverBoostMode; MyFanManager_Intel.SetPowerLedStatus; MyFanManager_Intel.SetPowerStatus; MyFanManager_Intel.SetUserHiModeToFantable; MyFanManager_QC.SetFanQuietModeEnable; MyFanManager_QC.SetOverBoostMode; MyFanManager_QC.SetPowerLedStatus; MyFanManager_QC.SetPowerStatus; MyFanManager_QC.SetUserHiModeToFantable; MyFanManager_RamFan1p5.SetFanQuietModeEnable; MyFanManager_RamFan1p5.SetOverBoostMode; MyFanManager_RamFan1p5.SetPowerLedStatus; MyFanManager_RamFan1p5.SetPowerStatus; MyFanManager_RamFan1p5_CML.SetFanQuietModeEnable; MyFanManager_RamFan1p5_CML.SetOverBoostMode; MyFanManager_RamFan1p5_CML.SetPowerLedStatus; MyFanManager_RamFan1p5_CML.SetPowerStatus; MyFanManager_RamFan1p5_NV.SetFanQuietModeEnable; MyFanManager_RamFan1p5_NV.SetOverBoostMode; MyFanManager_RamFan1p5_NV.SetPowerLedStatus; MyFanManager_RamFan1p5_NV.SetPowerStatus; MyFanManager_RamFan1p5_Normal.SetFanQuietModeEnable; MyFanManager_RamFan1p5_Normal.SetOverBoostMode; MyFanManager_RamFan1p5_Normal.SetPowerLedStatus; MyFanManager_RamFan1p5_Normal.SetPowerStatus
0x07A6,literal,22,20,BatteryProtection.SetProtectionHigh; BatteryProtection.SetProtectionLow; BatteryProtection.SetProtectionMiddle; BatteryProtection2.SetHealthProtectionHigh; BatteryProtection2.SetHealthProtectionLow; BatteryProtection2.SetHealthProtectionMiddle; MicMuteControl.SetLED; MyFanManager.SetApExist; MyFanManager_Intel.SetApExist; MyFanManager_Intel.SetOverBoostByDynamicTemp; MyFanManager_QC.SetApExist; MyFanManager_QC.SetOverBoostByDynamicTemp; MyFanManager_RamFan1p5.SetOverBoostByDynamicTemp; MyFanManager_RamFan1p5_CML.SetOverBoostByDynamicTemp; MyFanManager_RamFan1p5_NV.SetOverBoostByDynamicTemp; MyFanManager_RamFan1p5_Normal.SetOverBoostByDynamicTemp; MySettingManager.TouchpadToggle_OFF; MySettingManager.TouchpadToggle_ON; MySettingManager.UserSetTouchPadLedStatus; MySettingManager_Intel.UserSetTouchPadLedStatus
0x07A7,literal,6,2,MyFanManager_Intel.UpdatePLDefault_ByCheckPortId; MyFanManager_QC.UpdatePLDefault_ByCheckPortId
0x07A8,literal,6,2,MyFanManager_Intel.UpdatePLDefault_ByCheckPortId; MyFanManager_QC.UpdatePLDefault_ByCheckPortId
0x07A9,literal,6,0,
0x07AA,literal,4,0,
0x07AB,literal,6,4,MyFanManager_Intel.SetModeProfileIndex; MyFanManager_QC.SetModeProfileIndex; MyFanManager_QC.SetModeProfileIndexHigh; MyFanManager_QC.SetModeProfileIndexLow
0x07B9,literal,4,2,BatteryProtection2.SetBatteryChargingLimit_Up; MyFanManager_QC.SetBatteryChargingLimit
0x07C5,literal,10,10,FanTable_Manager1p5.SetEcFanControlRespective; FanTable_Manager1p5_CML.SetEcFanControlRespective; GpuFeatures.SetGpuWhisperModeMainSwitch; MyFanManager_RamFan1p5.SkipOfficeModeSafetyProtect; MyFanManager_RamFan1p5_CML.SetGpuWhisperModeSwitch; MyFanManager_RamFan1p5_CML.SkipFanSafetyAbnormalProtection; MyFanManager_RamFan1p5_NV.SetGpuWhisperModeSwitch; MyFanManager_RamFan1p5_NV.SkipFanSafetyAbnormalProtection; MyFanManager_RamFan1p5_Normal.SetGpuWhisperModeSwitch; MyFanManager_RamFan1p5_Normal.SkipFanSafetyAbnormalProtection
0x07C6,literal,3,2,GpuFeatures.SetWhisperModeStatusDisable; MyFanTableCtrl.SetFanControlByRamFan1p5
0x07CC,literal,1,1,BatteryProtection2.SetTypeCAdaptorSwitch
0x07D0,literal,2,1,BatteryProtection2.SetBatteryChargingLimit_Down
0x07D3,literal,1,0,
0x07D8,literal,1,0,
0x07D9,literal,1,0,
0x07DA,literal,1,0,
0x07FB,literal,2,2,MyFanManager_Intel.UpdatePLDefault_ByCheckPortId; MyFanManager_QC.UpdatePLDefault_ByCheckPortId
0x0F00,computed,4,17,FanTable_Manager.ClearFanTable_Test; FanTable_Manager.SetCpuFanTable; FanTable_Manager.SetFanTable_Test; FanTable_Manager1p5.ClearFanTableAll; FanTable_Manager1p5.SetEcFanTable; FanTable_Manager1p5.SetEcFanTable_Cpu; FanTable_Manager1p5_CML.ClearFanTableAll; FanTable_Manager1p5_CML.SetEcFanTable; FanTable_Manager1p5_CML.SetEcFanTable_Cpu; FanTable_Manager2.ClearFanTableAll; FanTable_Manager2.SetFanTable_F1
0x0F10,computed,7,11,FanTable_Manager.ClearFanTable_Test; FanTable_Manager.SetCpuFanTable; FanTable_Manager.SetFanTable_Test; FanTable_Manager1p5.ClearFanTableAll; FanTable_Manager1p5.SetEcFanTable; FanTable_Manager1p5.SetEcFanTable_Cpu; FanTable_Manager1p5_CML.ClearFanTableAll; FanTable_Manager1p5_CML.SetEcFanTable; FanTable_Manager1p5_CML.SetEcFanTable_Cpu; FanTable_Manager2.ClearFanTableAll; FanTable_Manager2.SetFanTable_F1
0x0F20,computed,4,11,FanTable_Manager.ClearFanTable_Test; FanTable_Manager.SetCpuFanTable; FanTable_Manager.SetFanTable_Test; FanTable_Manager1p5.ClearFanTableAll; FanTable_Manager1p5.SetEcFanTable; FanTable_Manager1p5.SetEcFanTable_Cpu; FanTable_Manager1p5_CML.ClearFanTableAll; FanTable_Manager1p5_CML.SetEcFanTable; FanTable_Manager1p5_CML.SetEcFanTable_Cpu; FanTable_Manager2.ClearFanTableAll; FanTable_Manager2.SetFanTable_F1
0x0F30,computed,4,17,FanTable_Manager.ClearFanTable_Test; FanTable_Manager.SetFanTable_Test; FanTable_Manager.SetGpuFanTable; FanTable_Manager1p5.ClearFanTableAll; FanTable_Manager1p5.SetEcFanTable; FanTable_Manager1p5.SetEcFanTable_Gpu; FanTable_Manager1p5_CML.ClearFanTableAll; FanTable_Manager1p5_CML.SetEcFanTable; FanTable_Manager1p5_CML.SetEcFanTable_Gpu; FanTable_Manager2.ClearFanTableAll; FanTable_Manager2.SetFanTable_F1
0x0F40,computed,7,11,FanTable_Manager.ClearFanTable_Test; FanTable_Manager.SetFanTable_Test; FanTable_Manager.SetGpuFanTable; FanTable_Manager1p5.ClearFanTableAll; FanTable_Manager1p5.SetEcFanTable; FanTable_Manager1p5.SetEcFanTable_Gpu; FanTable_Manager1p5_CML.ClearFanTableAll; FanTable_Manager1p5_CML.SetEcFanTable; FanTable_Manager1p5_CML.SetEcFanTable_Gpu; FanTable_Manager2.ClearFanTableAll; FanTable_Manager2.SetFanTable_F1
0x0F50,computed,4,12,FanTable_Manager.ClearFanTable_Test; FanTable_Manager.SetFanTable_Test; FanTable_Manager.SetGpuFanTable; FanTable_Manager1p5.ClearFanTableAll; FanTable_Manager1p5.SetEcFanTable; FanTable_Manager1p5.SetEcFanTable_Gpu; FanTable_Manager1p5_CML.ClearFanTableAll; FanTable_Manager1p5_CML.SetEcFanTable; FanTable_Manager1p5_CML.SetEcFanTable_Gpu; FanTable_Manager2.ClearFanTableAll; FanTable_Manager2.SetFanTable_F2
0x0F5D,literal,2,2,FanTable_Manager1p5.RefreshDefaultFanTable; FanTable_Manager1p5_CML.RefreshDefaultFanTable
0x0F5E,literal,2,2,FanTable_Manager1p5.RefreshDefaultFanTable; FanTable_Manager1p5_CML.RefreshDefaultFanTable
0x0F5F,literal,0,2,FanTable_Manager1p5.RefreshDefaultFanTable; FanTable_Manager1p5_CML.RefreshDefaultFanTable
0x0F60,computed,2,2,FanTable_Manager2.ClearFanTableAll; FanTable_Manager2.SetFanTable_F2
0x0F70,computed,1,2,FanTable_Manager2.ClearFanTableAll; FanTable_Manager2.SetFanTable_F2
0x0F80,computed,1,3,FanTable_Manager2.ClearFanTableAll; FanTable_Manager2.SetFanTable_F2
0x0F90,computed,2,2,FanTable_Manager2.ClearFanTableAll; FanTable_Manager2.SetFanTable_F2
0x0FA0,computed,1,3,FanTable_Manager2.ClearFanTableAll; FanTable_Manager2.SetFanTable_F3
0x0FB0,computed,2,2,FanTable_Manager2.ClearFanTableAll; FanTable_Manager2.SetFanTable_F3
0x0FC0,computed,1,2,FanTable_Manager2.ClearFanTableAll; FanTable_Manager2.SetFanTable_F3
0x0FD0,computed,1,3,FanTable_Manager2.ClearFanTableAll; FanTable_Manager2.SetFanTable_F3
0x0FE0,computed,2,2,FanTable_Manager2.ClearFanTableAll; FanTable_Manager2.SetFanTable_F3
Addr,unresolved,1,1,SingleZone.WriteECRAM
