program,addr,name,outcome,cause
bank0,031C,poll_d6c2_then_branch,vacuous,
bank0,0EA2,timer1_counted_delay_using_0a56,agree,
bank0,163C,load_dptr_88f0_tail_jump_1114,agree,
bank0,1648,load_dptr_aa30_tail_jump_1114,agree,
bank0,164E,load_dptr_a916_tail_jump_1114,agree,
bank0,1654,load_dptr_f381_tail_jump_1114,agree,
bank0,1660,load_dptr_f160_tail_jump_1114,agree,
bank0,1666,load_dptr_896a_tail_jump_1114,agree,
bank0,166C,load_dptr_8955_tail_jump_1114,agree,
bank0,1672,load_dptr_e56f_tail_jump_1114,agree,
bank0,1803,nop_load_dptr_c48f_tail_jump_1100,disagree,names-nothing
bank0,18AC,load_dptr_83f8_tail_jump_1114,agree,
bank0,18B2,load_dptr_81c5_tail_jump_1114,agree,
bank0,18B8,load_dptr_823a_tail_jump_1114,agree,
bank0,18BE,load_dptr_8261_tail_jump_1114,agree,
bank0,18C4,load_dptr_818a_tail_jump_1114,agree,
bank0,1906,load_dptr_8652_tail_jump_1114,agree,
bank0,1936,load_dptr_9f01_tail_jump_1114,agree,
bank0,1948,load_dptr_a694_tail_jump_1114,agree,
bank0,194E,load_dptr_a69f_tail_jump_1114,agree,
bank0,1954,load_dptr_92f7_tail_jump_1114,agree,
bank0,1978,trampoline_bank1_a710,agree,
bank0,197E,trampoline_bank1_a6f7,agree,
bank0,2A6C,clear_4c_bits_4_5_7,vacuous,
bank0,2BD5,event_id_latch_and_bit_merge,agree,
bank0,397D,call_3894_then_jmp_2de3,vacuous,
bank0,3A60,cascade_gate_170a_1709_1708,agree,
bank0,3AD6,write_10_2007_clear_1302_set_1300,agree,
bank0,445E,stage_and_commit_0a56_block,agree,
bank0,4777,stage_0a54_0a55_then_dispatch,agree,
bank0,4B1F,dec_a_store_and_advance_dptr,vacuous,
bank0,530E,stage_009a_dispatch_to_4bb0,agree,
bank0,5349,dispatch_to_4c5d,vacuous,
bank0,537F,stage_0094_block_dispatch_4d96,agree,
bank0,53AF,stage_009b_block_branch_dispatch,agree,
bank0,541D,stage_009b_block_dispatch_51c8,agree,
bank0,549B,default_009d_bf_dispatch_4e2c,agree,
bank0,54C2,dispatch_to_4ecd,vacuous,
bank0,703D,read_byte_by_tag_r3,vacuous,
bank0,7049,write_byte_by_tag_r3,vacuous,
bank0,705B,write_byte_offset_by_tag_r3,vacuous,
bank0,708F,div_r6r4_by_r5_16bit,vacuous,
bank0,724B,normalize_sign_pair_4byte,vacuous,
bank0,8000,clear_1654_block_load_1900,agree,
bank0,8016,write_1900_twice_set_1901,agree,
bank0,801D,load_a0_fall_into_801f,vacuous,
bank0,801F,store_1901,vacuous,
bank0,8020,write_15_to_1902,agree,
bank0,8026,write_bcb6_result_to_1906,agree,
bank0,8038,index_table_base,vacuous,
bank0,8044,ajmp_into_83ff_tail,vacuous,
bank0,8048,unresolved_midstream_bytes,vacuous,
bank0,8054,index_case_00,agree,
bank0,806C,store_byte_through_0a59_into_0600,agree,
bank0,8094,index_case_01,agree,
bank0,80D7,index_case_02,agree,
bank0,811A,index_case_03,agree,
bank0,815D,index_case_04,agree,
bank0,819D,index_case_05,agree,
bank0,81DF,index_case_06,agree,
bank0,821F,index_case_epilogue,vacuous,
bank0,8274,index_table_default,agree,
bank0,8398,return_trampoline_8294,vacuous,
bank0,83D6,ring_push_0990,agree,
bank0,83FF,sync_0788_and_07d4_from_09e9,agree,
bank0,849C,return_trampoline_83ff,vacuous,
bank0,8648,clear_200b,agree,
bank0,8653,seed_fan_table_base,agree,
bank0,8749,mode_tick_084c_07a5_09ee,vacuous,
bank0,888D,fan_table_mailbox_handler,agree,
bank0,8931,gate_0751_0741_blocks_then_tail_jump_8c46,agree,
bank0,8939,store_200_via_dptr_then_8f09,vacuous,
bank0,893E,store_a_via_dptr_then_jump_8f09,vacuous,
bank0,8C46,ramp_1804_1809_toward_0461_0469,agree,
bank0,8DE0,ramp_1804_toward_0670_and_set_1809,agree,
bank0,8F03,call_bb28_on_1804,agree,
bank0,8F09,copy_dptr_byte_to_075c,disagree,named-by-register-symbol
bank0,8F0E,return_trampoline,vacuous,
bank0,8F0F,store_a_to_dptr_then_075c_and_notify,disagree,named-by-register-symbol
bank0,8F20,state_0817_dispatch,agree,
bank0,8FDB,state_0817_fallthrough,vacuous,
bank0,9000,ljmp_703d,vacuous,
bank0,9006,read_dptr_byte,vacuous,
bank0,9007,word_nonzero_check_tail,vacuous,
bank0,900D,clear_081e_after_c2a2,vacuous,
bank0,9015,advance_dptr_to_081f,vacuous,
bank0,9016,load_constant_14,vacuous,
bank0,9018,store_14_then_select_0817,agree,
bank0,901C,write_1_to_dptr,vacuous,
bank0,902A,write_2_to_0817,agree,
bank0,9040,bare_ret_9040,vacuous,
bank0,9041,store_r7_to_0850_then_jump_1648,agree,
bank0,9049,countdown_0806_and_branch_on_0490,agree,
bank0,909B,update_flag_bits_in_0985,agree,
bank0,90FE,update_flag_bits_in_0723,agree,
bank0,9167,gate_on_074c_then_dispatch,disagree,named-by-register-symbol
bank0,91C5,config_init_from_ba36_ba46,vacuous,
bank0,924B,bare_ret_924b,vacuous,
bank0,924C,set_0838_0839_0832_on_049f_bit2,disagree,named-by-register-symbol
bank0,9334,seed_tcc_defaults_from_ba36,agree,
bank0,93FE,load_r7_into_a,vacuous,
bank0,93FF,select_table_byte_against_044f,vacuous,
bank0,948D,code_byte_to_0a4a_then_push_r7,disagree,named-by-register-symbol
bank0,94AF,store_r7_to_098c_and_0463,agree,
bank0,94C0,set_07c4_bit4_from_r7,disagree,named-by-register-symbol
bank0,94D0,copy_code_table_into_0730_07a7,disagree,named-by-register-symbol
bank0,95DD,fill_08xx_from_code_table,vacuous,
bank0,96AD,apply_oem_overrides_then_fill_08xx,agree,
bank0,98FB,set_0985_bit4,agree,
bank0,9902,clamp_08ac_up_to_08bb,agree,
bank0,9917,dispatch_on_0a50,agree,
bank0,99A7,clamp_0a53_0a54_down_to_08c4_08c5,agree,
bank0,99ED,copy_08c7_08c8_08c9_into_087x,agree,
bank0,9A00,copy_dptr_to_088b_and_08bb_to_08ba,agree,
bank0,9A0E,mul_div_08ea_then_sub_044b_selected,agree,
bank0,9A7B,store_bd20_result_masked_7f,vacuous,
bank0,9A86,call_ba15_then_write_02_to_044b,vacuous,
bank0,9A90,call_bd20_with_03_then_or_80_into_dptr,vacuous,
bank0,9A9C,write_04_to_044b_and_set_08e2_bit7,vacuous,
bank0,9AAD,FUN_CODE_9aad,vacuous,
bank0,9BFD,forward_to_9a86,vacuous,
bank0,9C00,clear_09e9_unless_0743_bit2,vacuous,
bank0,9C1D,clear_two_bytes_at_dptr_then_9a90,vacuous,
bank0,9C24,reset_08ad_08bf_and_clear_08e2_bit7,vacuous,
bank0,9C47,return_trampoline_9aad_044b_case_bailout,vacuous,
bank0,9CA6,gate_06e6_442_then_sync_046a_from_086b,agree,
bank0,9D9A,shared_return_stub_9d9a,vacuous,
bank0,9D9B,compute_level_blocks_086b_086c_086e,vacuous,
bank0,A00E,seed_0872_087a_088a_then_select_level,agree,
bank0,A169,clear_0983_bit1_then_0xa1c8,agree,
bank0,A172,clear_08a9_08aa_then_0xa1c8,vacuous,
bank0,A1A8,set_state_bytes_then_0xa1c8,agree,
bank0,A1C8,select_code_table_entry_and_store_0872_087a_088a,vacuous,
bank0,A2E0,step_0859_then_toggle_0858_bit0,agree,
bank0,A312,gate_0494_then_dispatch_0851_and_7,agree,
bank0,A374,send_f381_then_set_0890_to_0a,agree,
bank0,A3C3,on_0767_bit3_send_f160_then_896a,disagree,named-by-register-symbol
bank0,A425,shared_return_stub_a425,vacuous,
bank0,A4D6,zero_1803_1805_1808_then_set_0852_0854_to_ff,agree,
bank0,A663,gate_0767_06e6_0741_then_dispatch_076f,disagree,named-by-register-symbol
bank0,A678,forward_to_a426,vacuous,
bank0,A6C6,table_63be_lookup_into_1808_then_inc_0857,vacuous,
bank0,A71A,clear_0857_and_076f,agree,
bank0,A725,write_0857_from_acc,agree,
bank0,A72A,gate_a747_on_06c2_0766,agree,
bank0,A73B,call_a747,vacuous,
bank0,A73F,store_r7_at_6a_then_jump_1666,vacuous,
bank0,A747,stage_0769_076e_convert_to_1803,agree,
bank0,A844,update_0476_flags,disagree,named-by-register-symbol
bank0,A96B,clear_073f_and_0899,vacuous,
bank0,A97B,dispatch_on_06e6_and_0741,agree,
bank0,AA90,call_2990_1e1a_fixed_sequence,vacuous,
bank0,AAC6,advance_0d14_state,disagree,named-by-register-symbol
bank0,AB6D,shared_noop_ret,vacuous,
bank0,AB6E,set_06e2_bit0_from_c412,agree,
bank0,AB9E,set_0751_and_07a6_bits,disagree,named-by-register-symbol
bank0,AC08,dispatch_on_0751_bits,agree,
bank0,AC4A,toggle_08e2_bit4,vacuous,
bank0,ACB4,reset_xdata_flags_and_07d5_to_ff,vacuous,
bank0,ADA3,write_0a47_from_r7,agree,
bank0,ADAE,dispatch_on_0a47,agree,
bank0,AE6D,set_08ec_bit0_clear_bit4,agree,
bank0,AE79,set_08ec_bit4_clear_bit0,agree,
bank0,AE87,build_0791_0793_0794_then_branch,vacuous,
bank0,AEC0,build_0795_0799_then_set_08ec,agree,
bank0,AF27,fill_0790_0791_0793_via_calls,vacuous,
bank0,AF66,set_08ec_bit1_clear_bit5,agree,
bank0,AF72,set_08ec_bit5_clear_bit1,agree,
bank0,AF7D,decrement_0a4a_then_redispatch,agree,
bank0,AF8A,init_0a48_and_0a59_blocks,agree,
bank0,AFCE,copy_0a4b_0a4c_to_079b_079c,vacuous,
bank0,AFF2,call_445e_40_88_then_load_0a49,vacuous,
bank0,B008,read_0a4b_after_call_445e_0c,vacuous,
bank0,B012,read_0a4b_after_call_445e_08,vacuous,
bank0,B01C,read_0a4b_after_call_445e_0c_b01c,vacuous,
bank0,B026,set_dptr_0a4b_after_call_445e_08,vacuous,
bank0,B02F,set_dptr_0a4b_after_call_445e_08_b02f,vacuous,
bank0,B038,read_0a4b_after_call_445e_0c_b038,vacuous,
bank0,B053,clear_16f1_bit5_then_store_0x80_pair,agree,
bank0,B065,ten_count_gate_then_set_1300_and_200f,agree,
bank0,B0DC,sync_0983_bit5_against_support_2_bit4,vacuous,
bank0,B112,check_0xB112,agree,
bank0,B12C,manual_ctrl_profile_gate,disagree,named-by-register-symbol
bank0,B158,charge_target_update,disagree,named-by-register-symbol
bank0,B1F0,charge_stress_update,agree,
bank0,B35E,charge_target_minus_r3_times_0a47,agree,
bank0,B38D,unresolved_b38d,vacuous,
bank0,B38E,step_1802_toward_bf12_limited_by_09cd,disagree,named-by-register-symbol
bank0,B3E4,call_c470_then_clear_0984_bit0,vacuous,
bank0,B3F0,rewrite_dptr_byte_ff_at_f0_else_count_0988,vacuous,
bank0,B40C,zero_xdata_block_ptr_r6r7_count_r4r5,agree,
bank0,B461,zero_96_bytes_at_0f00,vacuous,
bank0,B5B2,clear_08eb_bit5_09e6_09e7_08a1_089c_089d,agree,
bank0,B5CC,store_a_to_089c_and_089d,agree,
bank0,B5D2,unresolved_b5d2,vacuous,
bank0,B5D3,FUN_CODE_b5d3,agree,
bank0,B716,clear_08eb_bit3_09e6_09e7_08a2_089e_089f,agree,
bank0,B730,store_a_to_089e_and_089f,agree,
bank0,B736,unresolved_b736,vacuous,
bank0,B82E,clear_08eb_bit6_and_zero_08a0,agree,
bank0,B889,09ee_bit1_edge_drives_0897_countdown,disagree,named-by-register-symbol
bank0,B8C0,test_0770_equals_04,agree,
bank0,B8CD,test_0770_equals_08,agree,
bank0,B8DA,test_0770_equals_18,agree,
bank0,B8E7,test_0770_equals_09,agree,
bank0,B8F4,test_0770_equals_0c,agree,
bank0,B901,test_0770_equals_06,agree,
bank0,B90E,test_0770_equals_07,agree,
bank0,B91B,test_0770_equals_0e,agree,
bank0,B928,test_0770_equals_0a,agree,
bank0,B935,movc_lookup_set_dptr_08c1,agree,
bank0,B939,store_a_to_dptr_b939,vacuous,
bank0,B93A,set_dptr_0a51_b93a,disagree,names-other-addresses
bank0,B93D,load_dptr_be16_from_xdata,vacuous,
bank0,B947,load_r3_r7_from_0a48_store_a,disagree,names-other-addresses
bank0,B955,set_dptr_0a59_b955,agree,
bank0,B958,write_4_bytes_ending_0a_4b_00,vacuous,
bank0,B965,add_r6_r7_to_0a58_pair_then_halve,agree,
bank0,B983,store_a_to_dptr_b983,vacuous,
bank0,B984,set_dptr_0a51_b984,disagree,names-other-addresses
bank0,B987,read_dptr_byte_into_r6,vacuous,
bank0,B989,finish_dptr_be16_load,vacuous,
bank0,B990,read_dptr_byte_then_set_dptr_0792,disagree,names-other-addresses
bank0,B994,store_a_to_dptr_b994,vacuous,
bank0,B995,load_r3_r7_from_0a48_0a49,disagree,names-other-addresses
bank0,B9A4,copy_direct_65_66_to_x00c0,agree,
bank0,B9AE,init_0a59_block_from_direct_68,agree,
bank0,B9C6,add_0318_0319_into_r7_r6,disagree,names-other-addresses
bank0,B9D8,read_06e6_xor_01,agree,
bank0,B9DF,copy_x1918_to_x0a57,agree,
bank0,B9EA,read_1919_byte_set_dptr_0a56,agree,
bank0,B9EE,store_a_then_read_be16,vacuous,
bank0,B9F5,add_be16_08cc_and_compute_08be_x10_diff,agree,
bank0,BA15,clr_a,vacuous,
bank0,BA16,store_a_to_08cc_08cd,agree,
bank0,BA1C,store_a_to_08ce_08cf,agree,
bank0,BA23,load_09cc_into_a_and_dptr_6391,agree,
bank0,BA2A,mul_code_byte_by_xdata_0826,agree,
bank0,BA36,read_low_nibble_074c,disagree,named-by-register-symbol
bank0,BA3D,store_a_to_dptr_ba3d,vacuous,
bank0,BA3E,clear_bit0_1901,agree,
bank0,BA46,clear_low_nibble_07d3,disagree,named-by-register-symbol
bank0,BA4F,index_code_by_r7_at_0a49_and_0a4b,disagree,names-other-addresses
bank0,BA6F,store_code_byte_to_08c5,agree,
bank0,BA74,load_dptr_0a51,disagree,names-other-addresses
bank0,BA77,load_dptr_from_be16_at_dptr,vacuous,
bank0,BA81,copy_code_pair_63f0_to_xdata_at_2r7_offset,agree,
bank0,BAAE,load_r7_r6_from_0608_and_return_0399,disagree,names-other-addresses
bank0,BABF,read_code_byte_at_r6r7_plus_0460_10,agree,
bank0,BAD3,clr_cy,vacuous,
bank0,BAD4,sub_input_from_cpu_temp_043e,disagree,named-by-register-symbol
bank0,BADB,load_dptr_08ce,disagree,named-by-code-symbol
bank0,BADE,tailcall_70e4_add_0100_at_dptr,vacuous,
bank0,BAE5,batt_temp_dK,vacuous,
bank0,BAE7,load_r6_r7_from_04a3_04a2,disagree,names-nothing
bank0,BAF4,store_r4_and_a_to_xdata_pair,vacuous,
bank0,BAFD,store_a_then_set_bits_1_and_0_of_1900,agree,
bank0,BB08,store_a_then_set_bit0_1901,agree,
bank0,BB11,mod_100_of_be16_0855,agree,
bank0,BB22,mov_a_c8,vacuous,
bank0,BB24,store_a_to_1804,agree,
bank0,BB28,copy_dptr_byte_to_075b_then_set_dptr_1809,disagree,names-nothing
bank0,BB31,sub_dptr_byte_from_0a4a,agree,
bank0,BB39,sub_low_byte_0a49,agree,
bank0,BB40,fan_mode_get,disagree,named-by-register-symbol
bank0,BB47,load_dptr_08b8,agree,
bank0,BB4A,store_a_to_dptr_then_load_0a,vacuous,
bank0,BB4D,store_a_to_08b9,disagree,names-other-addresses
bank0,BB55,set_cy_before_043e_sub,vacuous,
bank0,BB56,cpu_temp_minus_code_table_byte,disagree,named-by-register-symbol
bank0,BB6A,fill_0852_0854_with_ff,agree,
bank0,BB78,zero_0855_0856,agree,
bank0,BB80,store_a_then_read_07c5,vacuous,
bank0,BB81,is_07c5_bit0_clear,disagree,named-by-register-symbol
bank0,BB88,sub_19_from_0857,agree,
bank0,BB90,store_be16_a,vacuous,
bank0,BB99,store_a_then_1906_init,vacuous,
bank0,BB9A,init_1906_to_9f,disagree,names-other-addresses
bank0,BBA4,mask_0476_with_1f,agree,
bank0,BBAB,clear_084f_bit0,agree,
bank0,BBB3,store_code_byte_to_08c0,agree,
bank0,BBBD,store_code_byte_to_08c3,agree,
bank0,BBC7,sub_10x_08bd_from_08ce_pair,agree,
bank0,BBDD,set_cy_before_044f_sub,vacuous,
bank0,BBDE,gpu_temp_minus_code_table_byte,disagree,named-by-register-symbol
bank0,BBE6,load_dptr_0469,agree,
bank0,BBE9,set_cy_before_0461_sub,vacuous,
bank0,BBEA,sub_0469_from_0461,agree,
bank0,BBF2,sub_0866_from_0865,agree,
bank0,BBFE,init_0a48_to_40,agree,
bank0,BC06,set_0a49_to_1_and_clear_0a4b,agree,
bank0,BC0E,dptr_add_4x_a,vacuous,
bank0,BC14,init_0817_081e_081f_read_0815,agree,
bank0,BC26,copy_0a53_to_0873_and_0a54_to_087b,agree,
bank0,BC37,code_byte_sub_from_044c,agree,
bank0,BC3F,store_a_then_clear_0824_bit7_and_0768_bit2,disagree,named-by-register-symbol
bank0,BC4F,fan_table_base_offset_helper,agree,
bank0,BC5F,inc_09e4_and_return_new,agree,
bank0,BC67,store_code_byte_to_08ac_then_reload_dptr,agree,
bank0,BC71,read_0434_keep_0435_in_r4,disagree,names-nothing
bank0,BC7B,load_dptr_0a47_then_nothing,agree,
bank0,BC7E,store_a_then_read_086c_set_cy,agree,
bank0,BC85,clear_08a9_and_08aa,agree,
bank0,BC8D,cfg_cell_count_selector,agree,
bank0,BC95,table_632d_index_times_4,disagree,named-by-code-symbol
bank0,BC9F,mul_0826_by_dptr_byte,agree,
bank0,BCA9,clear_08a5_and_08a6,agree,
bank0,BCB1,load_dptr_08e1_and_a_06_then_nothing,agree,
bank0,BCB6,store_a_then_clear_08e0,agree,
bank0,BCBD,dptr_r5_times_2_tail_call_705b,vacuous,
bank0,BCCB,store_be16_of_08e6_and_arg_to_0a47,agree,
bank0,BCDA,x0f10_table_indexed_by_0460,agree,
bank0,BCE9,read_first_code_byte_pair_frag,vacuous,
bank0,BCEE,dptr_from_code_be16,vacuous,
bank0,BCF5,stress_headroom,vacuous,
bank0,BD03,clear_0741_bit0_and_08e2_bit4,disagree,named-by-register-symbol
bank0,BD12,read_x0b68,vacuous,
bank0,BD20,store_044b_then_read_08e2,agree,
bank0,BD29,set_r5_and_1_plus_carry_frag,vacuous,
bank0,BD2D,sub16_r6r7_minus_r4r5,vacuous,
bank0,BD34,sub_dptr_byte_from_0867,agree,
bank0,BD3D,sub_dptr_byte_from_0868,agree,
bank0,BD46,be16_08a9_08aa_minus_0321,agree,
bank0,BD54,store_be16_b,vacuous,
bank0,BD5D,be16_0464_0465_minus_100,agree,
bank0,BD6B,be16_046c_046d_minus_100,agree,
bank0,BD79,tail_call_7110_with_b6,vacuous,
bank0,BD7F,store_a_then_tail_call_7110_b6,vacuous,
bank0,BD8B,tier_250_eligible,agree,
bank0,BD98,tier_200_eligible,agree,
bank0,BDA5,set_cy_fallthrough_to_bda6,vacuous,
bank0,BDA6,sub_code_byte_from_x0875,agree,
bank0,BDAE,copy_x1907_to_x0a57,disagree,names-other-addresses
bank0,BDBA,copy_x190a_to_x0a57,disagree,names-other-addresses
bank0,BDC6,copy_x190d_to_x0a57,disagree,names-other-addresses
bank0,BDD2,read_x0a59_and_x0a5a,disagree,names-other-addresses
bank0,BDDA,store_code_byte_to_0a49_0a4a,agree,
bank0,BDF2,gpu_temp_minus_xdata_byte,disagree,named-by-register-symbol
bank0,BDFA,write_40_then_read_x1601,agree,
bank0,BE02,tail_call_7110_with_b4,vacuous,
bank0,BE0D,set_bit6_in_x0723,agree,
bank0,BE15,x0449_minus_x08ea_minus_1,agree,
bank0,BE21,write_a_to_x1805_and_x1808,agree,
bank0,BE2A,write_64_91_pair,vacuous,
bank0,BE32,write_64_c7_pair,vacuous,
bank0,BE3A,write_64_d9_pair,vacuous,
bank0,BE42,write_64_b5_pair,vacuous,
bank0,BE4A,write_64_a3_pair,vacuous,
bank0,BE52,copy_x00c0_pair_to_iram_67_68,agree,
bank0,BE5D,add_20_carry_to_r6_r7,disagree,names-other-addresses
bank0,BE68,x0469_minus_x1809,agree,
bank0,BE73,write_a_then_zero_at_0a47_0a48,disagree,names-other-addresses
bank0,BE7E,write_9f_to_x1904,disagree,names-other-addresses
bank0,BE88,write_9f_to_x1909,disagree,names-other-addresses
bank0,BE92,write_9f_to_x190c,disagree,names-other-addresses
bank0,BE9C,read_x0780_xor_a2,agree,
bank0,BEA3,x044c_minus_r7,agree,
bank0,BEAA,sub_33_from_09e4_low7,agree,
bank0,BEB4,dec_dptr_byte_and_set_1804,agree,
bank0,BEBE,mod_070a_by_r5,agree,
bank0,BEC8,load_code_byte_to_0734,disagree,named-by-register-symbol
bank0,BED2,load_code_byte_to_0736,disagree,named-by-register-symbol
bank0,BEDC,load_code_byte_to_08c4,agree,
bank0,BEE6,load_code_byte_to_08c6,agree,
bank0,BEF0,read_0a4a_minus_carry,agree,
bank0,BEF7,set_089a_to_3c,agree,
bank0,BEFE,read_be16_0a48,disagree,names-other-addresses
bank0,BF08,sub_0a4e_against_4d_with_borrow,agree,
bank0,BF12,copy_043d_to_09cd_and_return_09cd,agree,
bank0,BFDE,init_xdata_from_code_table_64fd,disagree,named-by-code-symbol
bank0,C016,clear_1610,agree,
bank0,C01C,set_1610_40_and_clear_1601_bit0,agree,
bank0,C030,set_1615_40_and_clear_1807,agree,
bank0,C03C,set_16xx_40_and_clear_1601_bits_1_3_6,agree,
bank0,C058,clear_1611_1613_and_1616,agree,
bank0,C066,set_1608_bit5,agree,
bank0,C06E,clear_1608_bit5,agree,
bank0,C076,set_1601_bit4,agree,
bank0,C07E,clear_1601_bit4,agree,
bank0,C086,dispatch_1608_bit5_on_06e3,vacuous,
bank0,C096,clear_1608_bit5_and_1601_bit4,vacuous,
bank0,C09C,set_1608_bit5_and_clear_1601_bit4,vacuous,
bank0,C0A2,init_1615_1807_then_set_1601_bit5,vacuous,
bank0,C0AD,init_1615_1807_then_clear_1601_bit5,vacuous,
bank0,C0B8,return_1_unless_3202_bits_1_and_2,agree,
bank0,C0C9,return_1_if_3202_bits_1_and_2,agree,
bank0,C0DA,return_1_unless_3202_bit0,agree,
bank0,C0E7,test_3202_bit0,agree,
bank0,C124,set_1602_bit2,agree,
bank0,C12C,clear_1602_bit2,agree,
bank0,C154,set_1602_bit7,agree,
bank0,C15C,clear_1602_bit7,agree,
bank0,C174,set_1603_bit3,agree,
bank0,C191,set_1603_bit4,agree,
bank0,C199,clear_1603_bit4,agree,
bank0,C1B1,test_1663_bit6,agree,
bank0,C1BE,test_1663_bit6_inverted,agree,
bank0,C1CB,test_1603_bit5,agree,
bank0,C1E7,test_1664_bit0,agree,
bank0,C201,set_1604_bit1,agree,
bank0,C209,clear_1604_bit1,agree,
bank0,C224,test_1604_bit3,agree,
bank0,C241,clear_1604_bit5,agree,
bank0,C249,set_1604_bit5,agree,
bank0,C251,test_1665_bit0_inverted,agree,
bank0,C25E,clear_1605_bit1,agree,
bank0,C266,set_1605_bit1,agree,
bank0,C278,test_1665_bit2,agree,
bank0,C295,test_1665_bit4_inverted,agree,
bank0,C2A2,set_1605_bit5,agree,
bank0,C2AA,clear_1605_bit5,agree,
bank0,C2BA,set_1605_bit6,agree,
bank0,C2C2,test_1665_bit6_inverted,agree,
bank0,C2CF,clear_1605_bit7,agree,
bank0,C2F7,set_1606_bit2,agree,
bank0,C2FF,set_1606_bit0,agree,
bank0,C307,clear_1606_bit0,agree,
bank0,C30F,set_1606_bit3,agree,
bank0,C317,clear_1606_bit3,agree,
bank0,C31F,test_1606_bit4_inverted,agree,
bank0,C333,nop_stub_c333,vacuous,
bank0,C33C,test_1666_bit7,agree,
bank0,C349,test_1667_bit0,agree,
bank0,C356,test_1667_bit0_inverted,agree,
bank0,C363,write_40_to_1641,agree,
bank0,C36A,write_80_to_1641,agree,
bank0,C371,clear_1607_bit1,agree,
bank0,C389,clear_1607_bit2,agree,
bank0,C39E,set_1607_bit6,agree,
bank0,C3AE,route_074c_nibble_to_160a_and_1608,vacuous,
bank0,C412,test_1668_bit4,agree,
bank0,C43F,set_1609_bit0_and_write_44_to_2006,agree,
bank0,C44D,clear_1609_bit0_and_write_04_to_2006,agree,
bank0,C468,set_1609_bit2,agree,
bank0,C470,clear_1609_bit2,agree,
bank0,C478,set_160a_bit0_unless_b8f4_and_08eb,vacuous,
bank0,C48F,clear_160a_bit0,agree,
bank0,C497,set_160a_bit1,agree,
bank0,C49F,FUN_CODE_c49f,agree,
bank0,C4A7,set_160a_bit2,agree,
bank0,C4D9,test_166a_bit7_inverted,agree,
bank0,C4E7,cflag_1665_bit4_inverted,disagree,names-nothing
bank0,C4F0,write_40_to_dptr_then_read_1601,agree,
bank0,C4F8,read_074c_low_nibble,disagree,named-by-register-symbol
bank0,C8C5,select_0027_0028_from_five_probes,vacuous,
bank0,C9FF,kbd_status_from_0826_low_bits,disagree,named-by-register-symbol
bank0,CA1E,set_support2_bit5_and_bios_oem2_bit6,disagree,named-by-register-symbol
bank0,CA2D,clear_kbd_status_bit1_return_0826,disagree,named-by-register-symbol
bank0,CA39,dptr_from_r7_plus_00d0,vacuous,
bank0,CA3C,dptr_from_a_with_carry_as_high_byte,vacuous,
bank0,CA44,read_0490_and_leave_dptr_0826,disagree,names-other-addresses
bank0,CA4C,read_fan_mode_bits_4_and_7,disagree,named-by-register-symbol
bank0,CA53,tick_06ea_against_period_in_0a56,agree,
bank0,CC3D,init_clear_00f5_and_1304_bit2,agree,
bank0,CC51,init_set_1304_bit4_and_clear_bit2,vacuous,
bank0,CC64,init_06e6_1_clear_0743_07c5_and_07d5_ff,disagree,names-other-addresses
bank0,CCFC,power_on_init_and_two_hang_paths,agree,
bank0,CDE4,walk_index_06e7_up_to_1e_table_6bca,agree,
bank0,CE37,walk_index_06e7_up_to_17_table_6c65,agree,
bank0,CE9E,load_index_06e7_head_of_cea2_loop,agree,
bank0,CEA2,walk_index_06e7_up_to_0d_table_6cdd,vacuous,
bank0,CEE9,walk_index_06e7_up_to_10_table_6d23,agree,
bank0,CF48,dispatch_06e6_after_counting_down_06e8_pair,agree,
bank0,CF96,arm_index_06e7_for_dispatch_06e6,agree,
bank0,CFB4,bank1_switch_thunk_to_81c5,vacuous,
bank0,CFB7,bank1_switch_thunk_to_823a,vacuous,
bank0,CFBA,bank1_switch_thunk_to_8261,vacuous,
bank0,CFBD,init_ccfc_then_bank1_thunk_818a,vacuous,
bank0,CFC6,collect_two_flags_into_0816_then_raise_ap_oem_bit7,vacuous,
bank0,CFF6,load_stride5_table_word_into_06e8_pair,agree,
bank0,D005,movc_two_code_bytes_into_06e8_06e9,agree,
bank0,D01A,indirect_code_jump_via_stride5_table_6cd9,agree,
bank0,D029,code_jump_to_two_bytes_at_dptr,vacuous,
bank0,D038,mul_06e7_by_5,agree,
bank0,D041,read_06e7,agree,
bank0,D045,inc_06e7_clear_06ea_eb_read_06e8,agree,
bank0,D053,add2_06e7,agree,
bank0,D05D,set_06ec_1,agree,
bank0,D065,init_1f01_1f06_1f07,agree,
bank0,D078,FUN_CODE_d078,vacuous,
bank0,D084,set_0988_1,agree,
bank0,D091,dispatch_on_0860,agree,
bank0,D236,poll_d6c2_then_branch,vacuous,
bank0,D27A,store_dp_to_0864_then_d289,agree,
bank0,D281,set_0860_ff_then_d284,agree,
bank0,D284,write_ff_to_dptr_then_d28e,vacuous,
bank0,D289,clear_0860,agree,
bank0,D28E,copy_0866_86b_to_1c04_1c3a,agree,
bank0,D2BE,return_trampoline_d091_0860_guard_fail,vacuous,
bank0,D2BF,set_dptr_1c00_then_d2c2,agree,
bank0,D2C2,copy_dp_to_086c_return_masked_7e,agree,
bank0,D2CB,store_a_to_1c05_then_d2d2,agree,
bank0,D2D2,write_ff_to_dptr_return_0861,agree,
bank0,D2DA,stage_1c03_1c02_1c01,agree,
bank0,D2EF,stage_0862_0865_into_1c12_1c14,agree,
bank0,D304,stage_0862_0865_into_1c36_1c38,agree,
bank0,D319,mask_dp_byte_7c_reset_dptr_0860,disagree,names-other-addresses
bank0,D320,tick_dd_da_dc,agree,
bank0,D358,advance_d9_and_set_1500_20,vacuous,
bank0,D389,store_r7_at_d8_advance_index,agree,
bank0,D3C8,zero_d0_d7_and_state,agree,
bank0,D433,ret_only_d433,vacuous,
bank0,D4D4,forward_to_1906,vacuous,
bank0,D567,set_bits_0_and_4_of_3206,agree,
bank0,D57B,read_xdata_0400_plus_r7,vacuous,
bank0,D58E,write_r5_to_0400_plus_r7,vacuous,
bank0,D5D4,write_33_to_1501_join_loop_d5db,agree,
bank0,D6C0,write_5a_to_1f07_then_spin,disagree,names-nothing
bank0,D6C9,call_0ea2_twice_with_fa,vacuous,
bank0,D6D4,xor_00d8_00d9,agree,
bank0,D6DF,add_d0_to_dptr_low_byte,vacuous,
bank0,D6EA,write_a_to_dptr_set_1f06,agree,
bank0,D6EF,write_a_to_dptr_set_1f09,disagree,names-nothing
bank0,D6F4,zero_0a59_0a5a_then_call_series,vacuous,
bank0,D722,zero_0a4b_then_tail_jump_541d,agree,
bank0,D72B,scatter_0200_to_table_6d74,vacuous,
bank0,D73D,gather_0200_from_table_6d74,vacuous,
bank0,D74F,write_33_to_1511_then_loop,agree,
bank0,D757,state_1500_1504_1510_1514_to_0200,agree,
bank0,D872,load_code_ptr_from_table_6d74,vacuous,
bank0,D889,zero_dptr_and_load_regs,vacuous,
bank0,D894,set_dptr_0200_plus_r7,vacuous,
bank0,D991,store_r4_r5_into_record_6e65,agree,
bank0,D9D2,nop_stub_d9d2,vacuous,
bank0,D9DB,ret_stub,vacuous,
bank0,D9DC,select_0825_or_0827_into_0826,agree,
bank0,D9FE,seed_07d3_gfid_and_08xx_defaults,agree,
bank0,DB3E,rec_ptr_from_index_6e65,vacuous,
bank0,DB57,stash_code_pair_to_0b7_0b8,vacuous,
bank0,DB6D,store_r7_to_table_addr,vacuous,
bank0,DB8A,copy_code_byte_to_r4_r5,vacuous,
bank0,DB96,stream_code_bytes_to_1201,vacuous,
bank0,DBE2,write_consts_105a_105e_1076_1079,agree,
bank0,DC17,write_1201_seq_07_05_30,vacuous,
bank0,DC60,set_bit0_1202_1204_1205,agree,
bank0,DC77,clear_bit0_1202_1204_1205,agree,
bank0,DC8D,write_1_to_1200,agree,
bank0,DC94,set_r7_1_tail_3fa4_a,vacuous,
bank0,DC99,set_r7_2_tail_3fa4,vacuous,
bank0,DC9E,de4d_d991_ea0_tail_e256_a,vacuous,
bank0,DCAF,bank1_trampoline_a694,vacuous,
bank0,DCB2,read_0454_tail_3f9d,agree,
bank0,DCBA,de4d_d991_ea0_tail_e256_b,vacuous,
bank0,DCCB,set_r7_1_tail_3fa4_b,vacuous,
bank0,DCD0,set_r7_1_tail_3fa4_c,vacuous,
bank0,DCD5,read_0455_tail_3f9d,agree,
bank0,DCDD,set_bit0_045b,agree,
bank0,DCE5,clear_bit0_045b,agree,
bank0,DCED,read_0459_tail_3f9d,agree,
bank0,DCF5,set_r7_1_tail_3fa4_d,vacuous,
bank0,DCFA,de4d_d991_ea0_tail_e256_c,vacuous,
bank0,DD10,de4d_d991_ea0_tail_e256_d,vacuous,
bank0,DD21,bank1_trampoline_a69f,vacuous,
bank0,DD24,call_d57b_with_0d32_tail_3f9d,vacuous,
bank0,DD2C,copy_0d32_or_call_0d58e,vacuous,
bank0,DD3D,store_0d32_to_045d_0704,agree,
bank0,DD4A,or_intmem_32_low_nibble_into_045a,agree,
bank0,DD5C,store_32_to_0458_then_tailcall_1954,agree,
bank0,DE4D,init_0046_to_64_and_clear_af,agree,
bank0,DE56,read_code_byte_at_ptr_0a35_0a36,agree,
bank0,DE65,init_163e_16f1_300e_3008,agree,
bank0,DE83,stage_3000_block_then_probe_3000_3007,disagree,names-other-addresses
bank0,DF1E,stage_0a47_then_call_de83_r5_1a,agree,
bank0,DF35,stage_0a47_then_call_de83_r5_1b,agree,
bank0,DF78,scale_r7_by_8_then_set_09c1_09c3,agree,
bank0,DFA0,FUN_CODE_dfa0,vacuous,
bank0,DFDF,gate_06e6_then_store_0464,agree,
bank0,E010,load_06e6,agree,
bank0,E014,branch_on_06e6_eq_1,vacuous,
bank0,E020,move_a_to_r5_and_call_dfa0,vacuous,
bank0,E024,store_r6_r7_to_046c_046d,agree,
bank0,E02D,mul_r7_by_8,vacuous,
bank0,E03F,set_09c1_09c3_from_dptr,agree,
bank0,E054,store_a_to_dptr_e054,vacuous,
bank0,E064,copy_043e_to_1511,disagree,named-by-register-symbol
bank0,E06F,copy_dptr_to_1511_discard_arith,vacuous,
bank0,E090,copy_dptr_plus_1_to_1511,vacuous,
bank0,E0C3,store_a_or_3c_at_dptr,vacuous,
bank0,E0D3,inc_indirect_then_store_3c_at_dptr,vacuous,
bank0,E149,load_dptr_from_0d04_0d05,agree,
bank0,E161,read_code_pair_at_dptr_into_r2_r1,vacuous,
bank0,E256,dispatch_on_0046_copy_status_to_0083,agree,
bank0,E376,load_164b_and_80,disagree,names-other-addresses
bank0,E37B,store_a_to_dptr_then_164c_164e,agree,
bank0,E389,load_0434_0438_pairs_mul16_and_tailcall,disagree,named-by-register-symbol
bank0,E3C4,set_r6_from_a_r7_from_dptr,vacuous,
bank0,E3C9,tail_jump_708f_r4_0_r5_64,vacuous,
bank0,E3D0,write_103f_through_0a56_pointer,agree,
bank0,E453,copy_bytes_between_two_16bit_bases,agree,
bank0,E4B9,init_0a4d_block_and_count,agree,
bank0,E4F0,jump_to_f0a3,vacuous,
bank0,E4FE,write_fe_r7_to_0f61_62,vacuous,
bank0,E51E,write_ff_fa_r5_r7_to_0f60_63,vacuous,
bank0,E567,call_e4fe_2_clear_0f60_retry,vacuous,
bank0,E570,probe_c0_c1_expect_88_51_or_53,agree,
bank0,E5B1,forward_e896_with_fixed_args,vacuous,
bank0,E5BE,write_ff_f8_a5_5a_and_retry,agree,
bank0,E5F3,write_ff_f8_00_and_retry,agree,
bank0,E624,gate_04_09_then_0f80_bit1_set,vacuous,
bank0,E64A,gate_05_09_then_0f80_bit1_clear,vacuous,
bank0,E670,gate_poll_0f80_bit4,vacuous,
bank0,E6B1,init_args_then_e51e_e4fe_16,agree,
bank0,E7C7,r7_zero_ret_2,vacuous,
bank0,E7CA,init_0a50_2_then_start_0x13_block,agree,
bank0,E893,r7_zero_ret_3,vacuous,
bank0,E896,write_0f60_0f61_then_0x7049,agree,
bank0,E8C4,write_r6_r7_r5_to_0f60_62,agree,
bank0,E8EC,mask_1603_and_wait_tf1,agree,
bank0,E9DE,rmw_1603_and_wait_tf1_2500_times,agree,
bank0,EA94,three_calls_then_4777_r3_04,vacuous,
bank0,EAAD,set_dptr_0f60_then_4777_r3_03,agree,
bank0,EAC6,FUN_CODE_eac6,vacuous,
bank0,EAD1,forward_to_8648_after_1978_c43f,vacuous,
bank0,EBD5,dispatch_on_0a4b_via_7151,vacuous,
bank0,EC59,store_r7_to_0a4c_and_branch_on_1_or_2,vacuous,
bank0,ED47,gate_a4b_eq_9,agree,
bank0,ED52,write_1c41_12_copy_0a49_0a4a_clear_1601_bit4,agree,
bank0,ED6E,forward_to_ead1_return_0,vacuous,
bank0,ED74,write_0a59_block_then_445e,vacuous,
bank0,ED9B,call_0ea2_with_0xfa,vacuous,
bank0,EDA4,mov_c_from_bit_0x22,vacuous,
bank0,EDA6,call_e8c4_with_r6_0xff_return_r7,vacuous,
bank0,EDBC,four_calls_then_4777_flag,vacuous,
bank0,EDD8,write_4_bytes_after_f121_then_chain,vacuous,
bank0,EE0F,send_0x12_via_f078_then_chain,vacuous,
bank0,EE4F,write_3_bytes_after_f121_then_chain,vacuous,
bank0,EE96,send_0x07_via_f078_then_chain,vacuous,
bank0,EED6,send_0x10_via_f079_then_chain,vacuous,
bank0,EF12,ajmp_0xe822,vacuous,
bank0,EF17,call_f0a1_with_d6_then_4777_flag,vacuous,
bank0,EF60,toggle_0fc0_bit1_unless_r6r7_zero,vacuous,
bank0,EF70,call_ee96_then_xor_0fc0_04,vacuous,
bank0,EFDC,call_ef17_then_copy_0f80_to_0fb1,vacuous,
bank0,EFF0,store_dptr_byte_to_0fb2_copy_0f82,agree,
bank0,F012,store_16bit_sum_to_0a43_0a44,agree,
bank0,F022,rotate_16bit_pair_and_range_check_0fc3,agree,
bank0,F06B,clear_0fc3_bit0_and_zero_0fc0,agree,
bank0,F077,ret_immediately,vacuous,
bank0,F078,store_a_0_1_zeros_at_dptr_plus1,vacuous,
bank0,F079,store_a_0_1_zeros_at_dptr,vacuous,
bank0,F07E,store_a_plus1_then_five_zeros,vacuous,
bank0,F07F,store_a_then_five_zeros,vacuous,
bank0,F080,store_five_zeros_at_dptr_plus1,vacuous,
bank0,F081,store_a_five_times,vacuous,
bank0,F083,store_a_four_times,vacuous,
bank0,F089,store_a_once_at_dptr_plus1,vacuous,
bank0,F08B,set_0a56_to_0f_60_00_00_00,agree,
bank0,F090,write_0f_60_00_00_00_at_dptr,vacuous,
bank0,F095,store_a_then_three_zeros,vacuous,
bank0,F09F,set_0f60_84_and_0a56_block,vacuous,
bank0,F0A3,gate_on_a_then_set_0a56_block,vacuous,
bank0,F0B3,store_0f_80_and_setup_regs,vacuous,
bank0,F0C4,clear_0f60_61_and_set_0a56_block,agree,
bank0,F0C8,store_a_twice_at_dptr,vacuous,
bank0,F0CA,store_a_read_0fa0_then_set_0a56_block,disagree,names-other-addresses
bank0,F0DC,store_a_0f_80_and_r6_0f,vacuous,
bank0,F0E0,store_0f_80_at_dptr_plus1,vacuous,
bank0,F0E4,store_80_and_setup_regs,vacuous,
bank0,F0ED,set_0f60_88_and_0a56_0f_60,vacuous,
bank0,F0EF,store_a_to_0f60_and_set_0a56,agree,
bank0,F0F3,set_0a56_to_0f_60,agree,
bank0,F0FE,write_fe_5a_a5_then_read_0fa0,vacuous,
bank0,F107,store_a_at_dptr_plus1,vacuous,
bank0,F108,store_a_at_dptr_then_read_0fa0,agree,
bank0,F10F,be16_add_0_1,vacuous,
bank0,F116,store_40_to_1621_1622,vacuous,
bank0,F118,store_a_to_1621_1622,agree,
bank0,F121,write_98_to_0f60,agree,
bank0,F128,set_r3_09_r5_80_r7_01,vacuous,
bank0,F12F,load_r6_r7_from_0a49,disagree,names-other-addresses
bank0,F138,copy_0f81_to_0a58,agree,
bank0,F141,store_r1_r5_r3_to_103d_103c_103b,agree,
bank0,F151,write_ff_to_0f60,agree,
bank0,F159,inc_dptr_byte_sub3,vacuous,
bank0,F161,store_a_to_1603_then_clear_0a3e_0a3f,agree,
bank0,F165,clear_0a3e_0a3f,agree,
bank0,F16D,bit7_split_0a3e,agree,
bank0,F177,store_a_and_zero_next_dptr_bytes,vacuous,
bank0,F17E,read_0a51_with_r7_from_0a4e,disagree,names-other-addresses
bank0,F189,write_00_to_0f60,agree,
bank0,F221,gate_on_0x12_update_0xeb8,disagree,named-by-register-symbol
bank0,F239,gate_06e6_then_dispatch_0e01,agree,
bank0,F424,write_06_to_0e01,agree,
bank0,F42B,clear_0e01,agree,
bank0,F430,ret_only_f430,vacuous,
bank0,F431,write_10_0e_b0_after_dptr_call_4777,vacuous,
bank0,F44F,write_01_0f_80_after_dptr_call_4777,vacuous,
bank0,F467,write_04_0e_a4_after_dptr_call_4777,vacuous,
bank0,F485,call_4777_store_r7_to_0e02,vacuous,
bank0,F493,store_bd_to_0f60_then_0a56_0a57,vacuous,
bank0,F495,set_dptr_0f60_then_store_a,agree,
bank0,F498,store_a_at_dptr,vacuous,
bank0,F499,write_0f_60_to_0a56_0a57,agree,
bank0,F4A4,inc_0e03,agree,
bank0,F4AB,zero_3_xdata_bytes_at_dptr1,vacuous,
bank0,F4C1,store_bc02_0f60_61_set_r6,agree,
bank0,F566,ff_filler_not_a_function_f566,vacuous,
bank0,F583,ff_filler_not_a_function_f583,vacuous,
bank0,FAE8,ff_filler_not_a_function_fae8,vacuous,
bank0,FE0F,poll_1304_1500_dispatch_0083,agree,
bank0,FF17,ff_filler_not_a_function_ff17,vacuous,
bank0,FF90,ff_filler_not_a_function_ff90,vacuous,
bank1,031C,call_d2a3_then_d274,vacuous,
bank1,1738,trampoline_to_c0a2,agree,
bank1,1762,trampoline_to_c201,agree,
bank1,1768,trampoline_to_c209,agree,
bank1,17FE,FUN_CODE_17fe,no-export,
bank1,1803,nop_no_control_transfer,vacuous,
bank1,1804,trampoline_to_c48f,agree,
bank1,1984,trampoline_to_c10c,agree,
bank1,198A,trampoline_to_c1e7,disagree,names-nothing
bank1,1990,trampoline_to_c391,agree,
bank1,1996,trampoline_to_c4bf,agree,
bank1,199C,trampoline_to_c4b7,agree,
bank1,19A2,trampoline_to_cf96,agree,
bank1,19A8,trampoline_to_c118,agree,
bank1,19AE,trampoline_to_cfa9,agree,
bank1,19B4,trampoline_to_c389,agree,
bank1,19BA,trampoline_to_c381,agree,
bank1,19C0,trampoline_to_c030,agree,
bank1,19C6,trampoline_to_a747,agree,
bank1,19D2,trampoline_to_85c6,agree,
bank1,19DE,trampoline_to_c174,agree,
bank1,19E4,load_dptr_8294_tail_jump_1100,agree,
bank1,19EA,load_dptr_8588_tail_jump_1100,agree,
bank1,19F0,load_dptr_c4e6_tail_jump_1100,agree,
bank1,19F6,load_dptr_c478_tail_jump_1100,agree,
bank1,19FC,load_dptr_c07e_tail_jump_1100,agree,
bank1,1A02,load_dptr_c06e_tail_jump_1100,agree,
bank1,1A08,load_dptr_c0ad_tail_jump_1100,agree,
bank1,1A0E,load_dptr_c076_tail_jump_1100,agree,
bank1,1A14,load_dptr_aa04_tail_jump_1100,agree,
bank1,1A1A,load_dptr_c066_tail_jump_1100,agree,
bank1,1A20,load_dptr_c2d7_tail_jump_1100,agree,
bank1,1A26,load_dptr_c1b1_tail_jump_1100,agree,
bank1,1A2C,load_dptr_c349_tail_jump_1100,agree,
bank1,1A32,load_dptr_8567_tail_jump_1100,agree,
bank1,1A38,load_dptr_c026_tail_jump_1100,agree,
bank1,1A3E,load_dptr_c1d9_tail_jump_1100,agree,
bank1,1A44,load_dptr_c1d8_tail_jump_1100,agree,
bank1,1A4A,load_dptr_c2ba_tail_jump_1100,agree,
bank1,1A50,load_dptr_c2b2_tail_jump_1100,agree,
bank1,1A56,load_dptr_c2f7_tail_jump_1100,agree,
bank1,1A5C,load_dptr_c2ef_tail_jump_1100,agree,
bank1,1A62,load_dptr_c154_tail_jump_1100,agree,
bank1,1A68,load_dptr_85fb_tail_jump_1100,agree,
bank1,1A6E,load_dptr_c4c9_tail_jump_1100,agree,
bank1,1A74,load_dptr_c43f_tail_jump_1100,agree,
bank1,1A7A,load_dptr_c16c_tail_jump_1100,agree,
bank1,1A80,load_dptr_85de_tail_jump_1100,agree,
bank1,1A86,load_dptr_c44d_tail_jump_1100,agree,
bank1,1A8C,load_dptr_c427_tail_jump_1100,agree,
bank1,1A92,load_dptr_c41f_tail_jump_1100,agree,
bank1,1A98,trampoline_bank0_8031,disagree,names-nothing
bank1,1A9E,trampoline_bank0_a4e2,agree,
bank1,1AA4,trampoline_bank0_9c48,agree,
bank1,1AAA,trampoline_bank0_8590,agree,
bank1,1AB0,trampoline_bank0_c26e,agree,
bank1,1AB6,trampoline_bank0_c184,agree,
bank1,1ABC,trampoline_bank0_c17c,agree,
bank1,2A6C,clear_bit4_of_direct_4c,vacuous,
bank1,2A70,clear_bits_5_6_of_direct_4c,vacuous,
bank1,2C70,match_0a49_loop_tail,vacuous,
bank1,4874,inc_0a54_then_0a58_sequence,agree,
bank1,4A26,code_table_pointer_from_r1,vacuous,
bank1,703F,forwarder_to_e322,vacuous,
bank1,8000,ret_only_8000,vacuous,
bank1,8001,decrement_nonzero_xdata_counters,agree,
bank1,8004,read_06c6,vacuous,
bank1,8005,skip_06c6_decrement,vacuous,
bank1,8007,dec_06c6_value,vacuous,
bank1,8008,store_06c6_decrement,vacuous,
bank1,8009,select_06cd,agree,
bank1,800C,read_06cd,vacuous,
bank1,800D,skip_06cd_decrement,vacuous,
bank1,800F,dec_06cd_value,vacuous,
bank1,8010,store_06cd_decrement,vacuous,
bank1,8011,select_06d1,agree,
bank1,8014,read_06d1_and_test_zero,vacuous,
bank1,8017,dec_06d1_value,vacuous,
bank1,8018,store_acc_to_xdata_dptr_8018,vacuous,
bank1,8019,load_dptr_06d2,agree,
bank1,801C,read_xdata_dptr_801c,vacuous,
bank1,801D,branch_if_acc_zero_to_8021,vacuous,
bank1,801F,dec_acc_801f,vacuous,
bank1,8020,store_acc_to_xdata_dptr_8020,vacuous,
bank1,8021,load_dptr_06f3,agree,
bank1,8024,read_xdata_dptr_8024,vacuous,
bank1,8025,branch_if_acc_zero_to_8029,vacuous,
bank1,8027,dec_acc_8027,vacuous,
bank1,8028,store_acc_and_load_dptr_0635,agree,
bank1,802C,read_xdata_dptr_802c,vacuous,
bank1,802D,branch_if_acc_zero_to_8031,vacuous,
bank1,802F,dec_acc_802f,vacuous,
bank1,8030,store_acc_to_xdata_dptr_8030,vacuous,
bank1,8031,load_dptr_0636_and_read,agree,
bank1,8035,branch_if_acc_zero_to_8039,vacuous,
bank1,8037,dec_store_and_load_dptr_0637,agree,
bank1,803C,test_and_decrement_0638_after_prior_byte,vacuous,
bank1,8048,store_acc_and_read_0639,agree,
bank1,804D,dec_then_test_063a_with_sign_guard,vacuous,
bank1,8060,branch_if_acc_zero_to_8064,vacuous,
bank1,8062,dec_store_then_test_and_dec_07f6,agree,
bank1,806C,reload_06d6_with_9_or_return_early,agree,
bank1,807E,dec_06c3_and_dec_06d8_gated_on_0440,agree,
bank1,8096,dec_06d9_only_if_both_calls_return_zero,vacuous,
bank1,80AA,dec_timers_06da_08e4_055f_09ce_070b,agree,
bank1,80D6,clear_0460_0468_when_0706_reaches_zero,vacuous,
bank1,80EF,dec_timers_and_set_expiry_flags,vacuous,
bank1,8202,clear_0801_bit5_then_call_19a2_84,agree,
bank1,820F,and_r7_results_into_carry,vacuous,
bank1,8300,clear_and_set_xdata_flag_bits,vacuous,
bank1,8418,zero_1510_and_clear_xdata_flag_bits,agree,
bank1,84E5,table_bytes_disassembled_as_code_84e5,vacuous,
bank1,8500,table_bytes_disassembled_as_code_8500,vacuous,
bank1,8504,table_bytes_disassembled_as_code_8504,vacuous,
bank1,8597,return_zero,vacuous,
bank1,859B,clear_1c04_1c05_set_1c00_ff,vacuous,
bank1,85AE,clear_1c15_1c16_set_1c11_ff,vacuous,
bank1,85C1,init_0818_081f_byte_set,agree,
bank1,85E9,call_19c0_then_19c6,vacuous,
bank1,85F0,call_19c0,vacuous,
bank1,87CA,set_1033_bits_if_0450_is_28,agree,
bank1,87DD,copy_code_a691_a693_to_xdata,disagree,named-by-code-symbol
bank1,8801,single_movx_store_not_a_function,vacuous,
bank1,8802,ajmp_8822_not_a_function,vacuous,
bank1,881B,copy_2000_2002_to_0450_0452,agree,
bank1,8834,zero_2200_2201_set_047e_ec,agree,
bank1,8844,ror16_r1r2_by_r7,vacuous,
bank1,8854,add_r1r2_to_r3r4,vacuous,
bank1,885B,sub_r1r2_from_r3r4,vacuous,
bank1,8863,cmp_r3r4_against_r1r2_16bit,vacuous,
bank1,887A,set_carry_if_r3r4_is_0102,vacuous,
bank1,8886,read_xdata_pair_to_r1r2,vacuous,
bank1,888C,write_r1r2_to_xdata_pair,vacuous,
bank1,8892,read_xdata_pair_to_r3r4,vacuous,
bank1,8898,read_xdata_pair_to_b_and_a,vacuous,
bank1,889E,write_r3r4_to_xdata_pair,vacuous,
bank1,88A4,sub_r0_from_r1_stash_r0_on_borrow,vacuous,
bank1,88F0,push_r5_into_070f_ring_when_gates_pass,agree,
bank1,8901,inc_accumulator_070f_index,vacuous,
bank1,8902,mask_and_store_to_070f_ring,disagree,names-other-addresses
bank1,8915,saturating_count_09f0_then_call_88f0,agree,
bank1,8955,init_09f1_and_zero_09f2_through_09f9,agree,
bank1,896A,gate_06e6_0440_then_call_89b5,agree,
bank1,897B,index_09f2_by_09f1_bits_7_5_and_bump_09f1,agree,
bank1,89A9,read_xdata_at_dptr_plus_a,vacuous,
bank1,89B5,store_r7_to_09f2_by_09f1_bits_0_2_and_bump,agree,
bank1,89E7,write_xdata_at_dptr_plus_a,vacuous,
bank1,89F4,zero_xdata_bytes_r2r1_through_r2r3,vacuous,
bank1,8A03,ret_terminating_89f4,vacuous,
bank1,8A6C,clear_06f8_bit3_then_call_abce,agree,
bank1,8A98,tick_06f9_and_dispatch_table_8a80,disagree,names-other-addresses
bank1,8AA7,clear_06f9_bits_0_3_then_call_abee,agree,
bank1,8AE5,probe_159a_19f0_0983_then_dispatch,vacuous,
bank1,8B01,load_dptr_097f,agree,
bank1,8B04,countdown_06c0_latch_097f_bit0,vacuous,
bank1,8B31,return_with_carry_cleared,vacuous,
bank1,8B33,return_with_carry_set,vacuous,
bank1,8B8F,clear_0480_bit4_set_0459_01_06e1_a0,agree,
bank1,8BB2,set_0480_50_zero_048f_0459_02_06e1_a0,agree,
bank1,8BD1,select_probe_address_and_return_carry,vacuous,
bank1,8CDB,return_with_carry_clear,vacuous,
bank1,8CDD,write_0a_to_07f2_fall_into_8ce3,agree,
bank1,8CE3,clear_0983_bit0_return_carry_set,agree,
bank1,8CEC,gate_then_copy_2200_to_075f,agree,
bank1,8D25,combine_0490_0495_049d_flags_into_carry,vacuous,
bank1,8D74,write_30_to_0679_and_14_to_0678,agree,
bank1,8D83,count_down_0678_0679_pair,agree,
bank1,8DBC,write_05_to_06c4_after_1984_check,agree,
bank1,8DE4,dispatch_on_0490_0495_0496_0498,agree,
bank1,8E3B,write_r4_to_047f_then_047e_fc,agree,
bank1,8E91,dispatch_on_049d_049e_05e0,agree,
bank1,8ECC,select_r4_from_cpu_temp_and_0620_0626,agree,
bank1,8F37,write_047f_and_arm_06d1_fa,agree,
bank1,8F54,write_047f_and_arm_06d2_fa,agree,
bank1,8F6B,gate_06c2_0472_0801_then_count_06ce,agree,
bank1,9000,store_a_to_xdata_at_dptr,vacuous,
bank1,9001,ret_only_fragment,vacuous,
bank1,9004,load_dptr_06ce,agree,
bank1,9007,store_a_to_xdata_at_dptr_2,vacuous,
bank1,9008,update_06cf_countdown_and_06e1_bits,agree,
bank1,9081,count_down_06e4_and_toggle_06e3,agree,
bank1,90B0,forward_to_90b8,vacuous,
bank1,90B8,step_counter_084e_dispatch,agree,
bank1,9178,call_1738_1a0e_1a1a,vacuous,
bank1,9182,add_two_xdata_bytes_to_r1r2_and_halve,vacuous,
bank1,9193,store_r1_r2_to_xdata_at_dptr,vacuous,
bank1,9199,gate_1984_19a8_then_count_06cc,vacuous,
bank1,91D0,caseD_0,vacuous,
bank1,91E8,dispatch_062e_counter_via_table_91d0,disagree,names-other-addresses
bank1,91FA,clear_062e_and_jump_94a8,agree,
bank1,9202,step_0628_nibble_against_92dc_table,agree,
bank1,92BF,clamp_a_to_7_and_set_0723_08e2,vacuous,
bank1,92DC,select_table_920c_or_923c_by_074c,disagree,named-by-register-symbol
bank1,92F7,write_057b_057c_057d_and_call_888c,agree,
bank1,9354,gate_030a_030b_then_8892_887a,agree,
bank1,9373,gate_0456_80_and_06e6_01,disagree,named-by-register-symbol
bank1,9416,adjust_0627_index_against_gpu_temp,disagree,named-by-register-symbol
bank1,94A8,lookup_94a0_table_by_0620_low3,agree,
bank1,94FA,magic_55aa_and_0704_countdown,vacuous,
bank1,95AE,copy_045d_to_0704,agree,
bank1,95B7,load_0704_from_045d_then_branch,vacuous,
bank1,95E5,set_0476_bit1_then_branch_on_r7,vacuous,
bank1,966C,step_06fd_06fe_06ff_counters_via_1a32,vacuous,
bank1,9733,sync_085a_from_iram28_and_call_896a,agree,
bank1,976E,clear_0480_bit0_then_step_05f1_countdown,agree,
bank1,9816,ret_only_stub_9816,vacuous,
bank1,9817,enter_state_0480_05f1_06d9,disagree,names-other-addresses
bank1,98B3,ret_only_stub_98b3,vacuous,
bank1,98CC,dispatch_0680_low3_via_98b4_table,agree,
bank1,98E5,forward_to_98fe_98e5,vacuous,
bank1,98FE,set_0680_to_2,agree,
bank1,9967,forward_to_98fe_9967,vacuous,
bank1,99B0,clear_0680,agree,
bank1,99CF,dispatch_0681_low3_via_99b7_table,agree,
bank1,99E0,set_1c01_2_and_0681_81,agree,
bank1,99ED,set_0681_to_82,agree,
bank1,99F4,set_1c01_0_and_0681_83,agree,
bank1,9A01,set_1c10_0_and_0681_84,agree,
bank1,9A0E,set_161c_80_and_0681_85,agree,
bank1,9A1B,set_161b_161c_4_and_0681_86,agree,
bank1,9A2E,set_1c10_1_and_0681_87,agree,
bank1,9A3B,clear_0681,agree,
bank1,9A41,step_0686_by_14_or_set_0681_80,agree,
bank1,9A78,step_0691_by_14_or_set_068c_80,agree,
bank1,9AEA,dispatch_068b_low3_via_9ad2_table,agree,
bank1,9B03,countdown_068d_then_branch_on_r7,agree,
bank1,9B35,write_4_to_068b,agree,
bank1,9BE6,inc_694_by_2_set_68c_80,agree,
bank1,9BF8,reset_1c11_1c15_1c16_set_68b_4,agree,
bank1,9C0E,match_0820_against_0458_mode,agree,
bank1,9CC0,gate_04fe_06e6_call_19a8,agree,
bank1,9CD8,halve_be16_after_add_r1,vacuous,
bank1,9CE8,seed_1c12_trio_or_update_1c11_1c15_1c16,agree,
bank1,9D45,write_2_to_068b,agree,
bank1,9D4C,write_0_to_068b,agree,
bank1,9D53,seed_1c12_trio_9f_or_run_0x9d7a_ladder,disagree,named-by-register-symbol
bank1,9E26,dispatch_068c_low3,agree,
bank1,9E37,set_1c12_2_and_68c_81,agree,
bank1,9E44,set_68c_82,agree,
bank1,9E4B,set_1c12_0_and_68c_83,agree,
bank1,9E58,set_1c21_0_and_68c_84,agree,
bank1,9E65,set_1622_80_and_68c_85,agree,
bank1,9E72,set_1621_1622_4_and_68c_86,agree,
bank1,9E85,set_1c21_1_and_68c_87,agree,
bank1,9E92,clear_68c_inc_68b,agree,
bank1,9EA1,shift_pair_then_sum_and_divide_by_four,vacuous,
bank1,9ED4,ring_write_0990_len_2f,disagree,names-other-addresses
bank1,9EF6,call_1a38_then_set_0823_80,vacuous,
bank1,9F00,ret_only_stub_9f00,vacuous,
bank1,9F04,dispatch_on_dpl_5b_7b_40,vacuous,
bank1,9FC1,call_9fcb_a029_9ff0,vacuous,
bank1,9FCA,exit_ret,vacuous,
bank1,9FCB,tick_0724_bit4_decrement_067e,agree,
bank1,A029,decrement_067c_then_clear_0724_bit5,agree,
bank1,A054,call_9fc1_a1bf_a064_a0cc_a12d,vacuous,
bank1,A064,gate_045a_bit0_set_0724_bit4,agree,
bank1,A0CC,set_0724_bit5_when_gates_pass,agree,
bank1,A12C,nop_ret_stub_a12c,vacuous,
bank1,A12D,set_0724_bit7_after_06c5_threshold,agree,
bank1,A1BE,nop_ret_stub_a1be,vacuous,
bank1,A1BF,dispatch_045a_bits_to_1a44_1a5c_1a50,agree,
bank1,A1F5,nop_ret_stub_a1f5,vacuous,
bank1,A1F6,pass_0707_to_88f0_when_045f_eq_db,agree,
bank1,A211,call_88f0_then_clear_07f3_and_070c,agree,
bank1,A24E,FUN_CODE_a24e,agree,
bank1,A2DA,nop_ret_stub_a2da,vacuous,
bank1,A2F3,dispatch_0974_low_nibble,agree,
bank1,A32C,send_1a68_83_80_00_set_0974_02,vacuous,
bank1,A33D,send_1a68_78_08_00_set_0974_03,vacuous,
bank1,A34E,send_1a68_71_40_e0_set_0974_04,vacuous,
bank1,A35F,send_1a68_14_01_00_set_0974_05,vacuous,
bank1,A370,send_1a68_6c_02_e0_set_0974_00,vacuous,
bank1,A380,clear_0725,agree,
bank1,A388,nop_ret_stub_a388,vacuous,
bank1,A389,decrement_0980_then_run_19b4_198a,agree,
bank1,A3B2,tick_09e3_countdown,agree,
bank1,A3F7,tick_0750_countdown,agree,
bank1,A43B,scan_0b00_for_byte_1c,agree,
bank1,A44C,clear_0750,agree,
bank1,A452,map_0763_through_f13f_table,agree,
bank1,A476,gate_value_against_045a_bits,vacuous,
bank1,A4CF,send_ea_to_9ed4_when_06e6_eq_05,agree,
bank1,A4FD,forward_to_a501,vacuous,
bank1,A501,gate_0442_06e6_before_call_1a7a,agree,
bank1,A530,code_table_scatter_to_xdata,vacuous,
bank1,A55C,write_0_to_200b_7_times,agree,
bank1,A567,write_0_to_200b_335_times,agree,
bank1,A57E,write_0_to_200b_r5_times_330,agree,
bank1,A5A7,mul_partial_products_r0_r1_r2_r3,vacuous,
bank1,A5E6,mul_16_round_shift_subtract,vacuous,
bank1,A6C5,zero_xdata_block_at_dph00,vacuous,
bank1,A750,dispatch_0832_event_bits,agree,
bank1,A7D8,flag_0832_bit3_send_12_3f_8c,agree,
bank1,A7F7,flag_0832_bit5_send_12_3b_8c,agree,
bank1,A816,flag_0832_bit6_send_12_12_8c,agree,
bank1,A835,write_5_to_0680,agree,
bank1,A841,dispatch_086f_event_bits,agree,
bank1,A873,flag_086f_bit0_send_5a_01_88,vacuous,
bank1,A88D,flag_086f_bit1_send_5a_01_88_ff,vacuous,
bank1,A8A7,flag_086f_bit2_send_5a_02_88_table,disagree,named-by-code-symbol
bank1,A8DA,clear_bit_e4_then_tail_a8e9,vacuous,
bank1,A8E9,write_5_to_068b,agree,
bank1,A8F0,clamp_0623_level_into_080e,agree,
bank1,A916,clamp_078b_level_into_0804,agree,
bank1,A9B3,return_stub,vacuous,
bank1,A9B4,step_state_0845,agree,
bank1,AA39,step_counters_0756_0757,agree,
bank1,AAA2,clear_0756_when_1c_found_in_b00_fc,agree,
bank1,AAB9,write_083c_083d_and_0832_bit6,agree,
bank1,AAF9,write_0830_0831_and_0832_bit5,agree,
bank1,AB29,latch_0983_b2_from_0442_b3,agree,
bank1,AB64,call_ef32_1a98_a24e_976e,vacuous,
bank1,AB71,forward_a4cf,vacuous,
bank1,AB75,call_8de4_d4d3_a388,vacuous,
bank1,AB7F,call_8f6b_98cc,vacuous,
bank1,AB86,call_9aea_efbd,vacuous,
bank1,AB8D,call_a452_1a9e,vacuous,
bank1,AB94,call_c80e_9f00,vacuous,
bank1,AB9B,call_a1f5_966c_d946_a3b2,vacuous,
bank1,ABA8,call_f3b8_9081_9199_ad68_d524,vacuous,
bank1,ABB8,call_8001_c613_91e8_a8f0_a916_1aa4_a2f3,vacuous,
bank1,ABCE,call_b728_c614_8915,vacuous,
bank1,ABD8,call_95e5_a054_a389,vacuous,
bank1,ABE2,call_c11c_then_ab29,vacuous,
bank1,ABE9,ret_only_abe9,vacuous,
bank1,ABEA,forward_a4fd,vacuous,
bank1,ABEE,call_b98d_bfbb_a211_a9b4,vacuous,
bank1,ABFB,forward_b5af,vacuous,
bank1,ABFF,call_a1f6_94fa_a3f7_aa39,vacuous,
bank1,AC0C,ret_only_ac0c,vacuous,
bank1,AC0D,forward_d5e1,vacuous,
bank1,AC11,write_0680_03_or_04_from_04fe_0490,agree,
bank1,AC36,write_1c00_ff_and_0680_04,agree,
bank1,AC6D,set_0681_bit7,agree,
bank1,AC83,ret_only_ac83,vacuous,
bank1,AC84,ten_step_check_1aaa_889e,agree,
bank1,AD68,round_robin_dispatch_on_0566,disagree,names-other-addresses
bank1,AD77,forwarder_to_b56c,vacuous,
bank1,AD7A,forwarder_to_adfd,vacuous,
bank1,AD7D,forwarder_to_af06,vacuous,
bank1,AD80,forwarder_to_ad8b,vacuous,
bank1,AD82,forwarder_to_b2d5,vacuous,
bank1,AD85,forwarder_to_b33b,vacuous,
bank1,AD88,forwarder_to_c245,vacuous,
bank1,AD8B,update_0492_from_0490_0524,agree,
bank1,ADFD,dispatch_on_056a_low3,agree,
bank1,AE16,set_056a_1_on_carry_from_ae2b,agree,
bank1,AE2B,cmp_0436_0437_against_040a_040b,agree,
bank1,AE42,chain_probes_update_056a_0_1_2,agree,
bank1,AE5F,cmp_0436_0437_against_0544_0545,agree,
bank1,AE6F,or_r6_into_0496_low5,agree,
bank1,AE78,chain_probes_update_056a_1_3,agree,
bank1,AE92,cmp_0436_0437_against_040c_040d,agree,
bank1,AEA2,chain_probes_update_056a_2_4,agree,
bank1,AEBC,cmp_0436_0437_against_1_or_test_0514,agree,
bank1,AED9,store_0_to_056a,agree,
bank1,AEE2,set_056a_3_or_0496_low5_0f,agree,
bank1,AEF3,set_056a_3_or_0496_low5_1f,agree,
bank1,AF06,gate_0490_04ff_0505_then_call_b0d1,agree,
bank1,B0D1,step_index_056b_update_0495_0493,agree,
bank1,B1B3,dispatch_0490_low3,agree,
bank1,B202,carry_set_set_043c_4_call_b2a0,vacuous,
bank1,B214,set_carry_if_0404_0405_is_0201,agree,
bank1,B2A0,cmp_0404_vs_0518_then_store_0436,vacuous,
bank1,B2D5,copy_0514_0516_to_04ab_04ac_then_probe,agree,
bank1,B321,set_0575_8_or_write_0404_and_call_88f0,agree,
bank1,B33B,FUN_CODE_b33b,agree,
bank1,B407,forwarder_to_b40e,vacuous,
bank1,B409,set_dptr_1770_fallthru,disagree,named-by-decimal-literal
bank1,B40E,cmp_dptr_to_r2r1,vacuous,
bank1,B415,bump_counter_054d,vacuous,
bank1,B41C,store_054d_set_bit_on_10,vacuous,
bank1,B50E,derive_scaled_values_from_0404,agree,
bank1,B56C,cmp_043a_0436_store_0548,agree,
bank1,B5AF,dispatch_043c_04fc_bits,agree,
bank1,B652,arm_05f6_with_88f0_06,vacuous,
bank1,B666,gate_0572_bit0_clear,agree,
bank1,B679,gate_0572_bit0_set,agree,
bank1,B68C,gate_0571_0573_eq_1,disagree,named-by-register-symbol
bank1,B6A8,snapshot_0432_043c_04f2_04fc,disagree,named-by-register-symbol
bank1,B6C9,cmp32_hi16_lt_lo16_at_dptr,vacuous,
bank1,B6DE,gate_0564_against_4_and_0563_high_nibble,agree,
bank1,B728,clear_0610_bit5_and_dispatch,agree,
bank1,B80A,arm_05f5_countdown_0490_bit5,agree,
bank1,B841,arm_05f2_countdown_0575_clears_0490,agree,
bank1,B8E1,arm_05f4_countdown_0576_clears_0490,agree,
bank1,B91B,zero_xdata_04b0_05ff_runs,vacuous,
bank1,B937,clear_0492_0496_0577_0578_0542,agree,
bank1,B962,clear_049a_049e_0579_057a_05c2,agree,
bank1,B98D,threshold_dispatch_0438_by_0491,agree,
bank1,BA43,gate_chain_to_0491_bit0,agree,
bank1,BABF,stage_0577_against_0834_0836,agree,
bank1,BB3D,forward_to_bd20_bb3d,vacuous,
bank1,BCAA,set_0494_bit1,agree,
bank1,BD10,mask_0491_with_c0,agree,
bank1,BD20,clear_0834_word_when_nonzero,agree,
bank1,BD45,force_0491_0x21_then_base_0300_or_0180,agree,
bank1,BDEF,write_0499_with_0x21,disagree,names-other-addresses
bank1,BE02,override_src_0180_when_1,vacuous,
bank1,BE91,pick_0f80_0800_0bb0_1800_1f00,agree,
bank1,BF0E,pick_0800_or_0bb0_by_05b9,agree,
bank1,BF3A,guard_then_store_pair_0834,agree,
bank1,BF93,forward_to_bd20_bf93,vacuous,
bank1,BFBB,FUN_CODE_bfbb,vacuous,
bank1,BFD9,zero_04ae_and_04be,agree,
bank1,C11C,latch_0490_bit3_or_bit7,agree,
bank1,C1E7,latch_0498_bit1_or_bit3,agree,
bank1,C245,dispatch_0490_bits_1_5_6,agree,
bank1,C267,reset_0432_and_04f2,vacuous,
bank1,C277,set_0432_from_0494,agree,
bank1,C2B0,clear_04f2_04f4_04f8_set_04f6_ffff,vacuous,
bank1,C2E1,set_04f2_from_049c,agree,
bank1,C31D,ret_stub,vacuous,
bank1,C31E,call_b1b3_listing_cut,vacuous,
bank1,C322,xch_rrc_at_r0,vacuous,
bank1,C352,dispatch_on_06d4_mod_10,agree,
bank1,C3A0,dec_0622_when_04a2_below_0cee,disagree,names-other-addresses
bank1,C3CD,compare_0434_04f4_against_0646,agree,
bank1,C41D,zero_0623,agree,
bank1,C43B,gate_on_06d4_mod10,agree,
bank1,C45C,subtract_shifted_reads_of_0646,agree,
bank1,C4AF,reload_083e_when_0834_is_zero,agree,
bank1,C4D2,setup_1c00_block_with_arg_4c,agree,
bank1,C4F0,poll_1c00_status_up_to_100_cycles,agree,
bank1,C541,write_zero_to_200b_six_times,agree,
bank1,C54C,setup_and_poll_1c00_block_with_arg_48,agree,
bank1,C59F,countdown_0896_and_gate_on_04ab_equals_64,agree,
bank1,C613,return_immediately,vacuous,
bank1,C614,gate_0755_and_0440_dispatch,vacuous,
bank1,C638,clear_bit0_of_0755_and_0709,agree,
bank1,C647,gate_0709b0_into_045b_branch,agree,
bank1,C659,toggle_045b_b0_and_0758_b3,agree,
bank1,C6B0,set_070d_to_5_then_jump_to_c638,agree,
bank1,C6B8,gate_0458b7_set_0723b2_from_045c,agree,
bank1,C6DB,set_068b_to_1,agree,
bank1,C700,setup_state_and_copy_30_byte_table,disagree,names-other-addresses
bank1,C747,tail_call_89f4_with_r1_0_r2_3_r3_ff,vacuous,
bank1,C751,zero_0300_03ff_then_set_3fe_3a8_3fb,agree,
bank1,C778,clear_0492_04a0_0524_0526_and_0497b5,agree,
bank1,C7A7,copy_6_bytes_via_a530_and_clear_0497b7,agree,
bank1,C7ED,copy_48_bytes_via_a530_from_c7bd,agree,
bank1,C80E,dispatch_0394_low3_through_ljmp_table,agree,
bank1,C830,step_state_from_0490_low3,agree,
bank1,C861,on_198a_result_advance_0394,vacuous,
bank1,C884,on_198a_result_advance_0394_to_3,vacuous,
bank1,C8C7,on_198a_result_step_03c2_low2,vacuous,
bank1,C8E3,call_cc2d_then_d0c4,vacuous,
bank1,C8EA,call_d5b4_then_d32c_and_d34b,vacuous,
bank1,C8F4,jump_to_c924,vacuous,
bank1,C8F6,e0_bit2_dispatch,agree,
bank1,C924,dispatch_03a3_low3,disagree,names-other-addresses
bank1,C979,mul_0342_0514_into_0388_when_03d0_lt_0384,agree,
bank1,C9BE,count_0361_then_0362_toward_03a3,agree,
bank1,CA02,store_a_then_03a3_3_over_1f,vacuous,
bank1,CA1D,add_03a6_plus_0388_into_039e,agree,
bank1,CA3E,count_0361_to_40_then_branch_on_0347,agree,
bank1,CAB8,FUN_CODE_cab8,agree,
bank1,CB08,set_0575_08_when_03a1_low2_clear,agree,
bank1,CB1E,ret_only_cb1e,vacuous,
bank1,CB1F,set_039b_039c_from_0404_div_100,agree,
bank1,CB80,div_0343_by_31e_shifted_into_03a9,agree,
bank1,CBE8,increment_0349_saturating,agree,
bank1,CBF3,publish_0514_and_0342_product,agree,
bank1,CC95,set_0397_from_0342_by_0514_band,agree,
bank1,CD80,reset_03b5_at_limit_then_decrement_0514,agree,
bank1,CDCB,dispatch_03f1_low3,disagree,names-other-addresses
bank1,CDDA,clamp_r1r2_against_const_from_0491,agree,
bank1,CE2D,store_slot_for_index_0_and_7,vacuous,
bank1,CE78,store_slot_for_index_1,vacuous,
bank1,CEA9,store_slot_for_index_2,vacuous,
bank1,CEDA,store_slot_for_index_3,vacuous,
bank1,CF0B,store_slot_for_index_4,vacuous,
bank1,CF3C,store_slot_for_index_5,vacuous,
bank1,CF6D,store_slot_for_index_6,vacuous,
bank1,CFB1,step_03c3_and_reload_03bf,disagree,named-by-decimal-literal
bank1,D018,dispatch_on_03c3_low3,agree,
bank1,D04C,set_r1_0e_jump_d068,vacuous,
bank1,D050,set_r1_0c_jump_d068,vacuous,
bank1,D054,set_r1_08_jump_d068,vacuous,
bank1,D058,set_r1_06_jump_d068,vacuous,
bank1,D05C,set_r1_04_jump_d068,vacuous,
bank1,D060,set_r1_02_jump_d068,vacuous,
bank1,D064,set_r1_00_jump_d068,vacuous,
bank1,D068,scale_store_to_0397,vacuous,
bank1,D09F,store_ff_to_0397,agree,
bank1,D0A6,store_03c3_to_0360_when_ge_3,agree,
bank1,D0C4,update_0524_0526_4a0_and_0497_flags,agree,
bank1,D17E,increment_0514_toward_0x64,agree,
bank1,D1B8,trampoline_to_d16f,vacuous,
bank1,D1BC,select_ptr_0491_c080_then_0506,agree,
bank1,D1E7,set_0497_bit6_and_0394_to_5,agree,
bank1,D219,step_03c2_and_dispatch_four_ways,vacuous,
bank1,D22E,call_cdcb_then_d0a6,vacuous,
bank1,D235,FUN_CODE_d235,no-export,
bank1,D236,call_d2a3_then_d274,vacuous,
bank1,D23F,call_d34b_then_d32c,vacuous,
bank1,D246,clear_0394_or_call_cd80,vacuous,
bank1,D274,div_23_minus_0386_by_034d_capped_15,agree,
bank1,D2A3,derive_scale_from_034e_and_compute_from_044c,agree,
bank1,D322,call_a5e6_then_888c_on_03b8,vacuous,
bank1,D32C,copy_0514_to_03c1_and_set_03a1_bit0,agree,
bank1,D34B,bump_counter_mirror_to_04a6_04a7,agree,
bank1,D37F,scan_table_03de_down_stride2,agree,
bank1,D472,store_r1_to_0514_03ab_if_gap_ok,agree,
bank1,D6D7,FUN_CODE_d6d7,agree,
bank1,D946,FUN_CODE_d946,vacuous,
bank1,DE3C,stage_0563_0564_pair_and_commit_1c04,agree,
bank1,DEC4,FUN_CODE_dec4,agree,
bank1,E1D7,counter_tick_03ae_0560,agree,
bank1,E237,gate_1c00_init_defaults,agree,
bank1,E27D,reset_1c00_group_and_toggle_03a0,agree,
bank1,E2A0,setup_0975_0976_0978_0979_call_c54c,agree,
bank1,E2C3,set_1c00_ff_clear_1c04_1c05,agree,
bank1,E2D3,dispatch_036c_low3_then_seed_1c00_block,agree,
bank1,E332,set_036c_to_4_jump_e490,agree,
bank1,E3B5,copy_03cd_03ce_03cf_to_1c02_1c04_1c05,agree,
bank1,E490,stage_1c00_block_from_code_table_indexed_03c4,agree,
bank1,E4E9,gate_1c00_bit1_then_1c00_ff,agree,
bank1,E4F9,store_a_to_dptr_then_set_0680_4,agree,
bank1,E501,reset_03c4_03af_and_clear_03a1_bit,agree,
bank1,E54F,increment_03af_clear_03a1_on_wrap,agree,
bank1,E57E,push_r7_call_e5d6_pop_r7,vacuous,
bank1,E582,read_code_pair_by_r7_index_then_call_889e,disagree,names-other-addresses
bank1,E5A7,copy_code_pair_to_3e0_plus_r7,vacuous,
bank1,E656,dptr_from_0491_031c_then_step_0e,vacuous,
bank1,E6CB,decrement_0365_and_0368_if_nonzero,agree,
bank1,E722,write_r1_to_tmod_and_jump_8801,vacuous,
bank1,E768,ret_no_op,vacuous,
bank1,E769,clamp_r2r1_to_0420_above_3c0b,vacuous,
bank1,E781,countdown_03a8_gated_by_0490_bit1,agree,
bank1,E8A4,compute_097e_times_10_write_0386_0387,agree,
bank1,E924,read_code_pair_at_r5_index,vacuous,
bank1,E931,shared_return_point,vacuous,
bank1,E954,unresolved_byte_stream_e954,vacuous,
bank1,E9CE,FUN_CODE_e9ce,vacuous,
bank1,EAC3,unresolved_byte_stream_eac3,vacuous,
bank1,ED02,data_run_1a_1e,vacuous,
bank1,ED3A,data_run_2e_3e,vacuous,
bank1,EF26,data_run_33_34,vacuous,
bank1,EF32,xdata_request_dispatch_048c,agree,
bank1,EFBC,ret_stub_no_request_bit,vacuous,
bank1,EFBD,tick_097d_call_88f0_at_c8,agree,
bank1,EFDA,dispatch_index_3x_from_byte_00,vacuous,
bank1,F012,table_efe8_row14_ljmp_f040,vacuous,
bank1,F018,dispatch_via_table_f041,agree,
bank1,F022,dispatch_via_table_f071,agree,
bank1,F02C,dispatch_via_table_f0a1,vacuous,
bank1,F030,operand_of_mov_dptr_f02f,vacuous,
bank1,F036,dispatch_via_table_f0d1,agree,
bank1,F054,mid_instruction_of_row_f053,vacuous,
bank1,F074,table_f071_row01_ljmp_f127,vacuous,
bank1,F07D,table_f071_row04_ljmp_f127,vacuous,
bank1,F080,table_f071_row05_ljmp_f127,vacuous,
bank1,F08C,table_f071_row09_ljmp_f127,vacuous,
bank1,F090,mid_instruction_of_row_f08f,vacuous,
bank1,F0E4,mid_instruction_of_row_f0e3,vacuous,
bank1,F0EE,last_byte_of_row_f0ec,vacuous,
bank1,F101,ret_stub_table_f041_row00,vacuous,
bank1,F102,sjmp_f154,vacuous,
bank1,F104,sjmp_f160,vacuous,
bank1,F106,ljmp_f18a,vacuous,
bank1,F109,ljmp_f196,vacuous,
bank1,F10C,ret_stub_table_f041_row05,vacuous,
bank1,F10D,ljmp_f219,vacuous,
bank1,F110,ljmp_f246,vacuous,
bank1,F113,forward_to_f275,vacuous,
bank1,F116,forward_to_f290,vacuous,
bank1,F119,forward_to_f2ad,vacuous,
bank1,F11C,forward_to_f2ca,vacuous,
bank1,F11F,forward_to_f2f3,vacuous,
bank1,F122,bare_ret_f122,vacuous,
bank1,F123,forward_to_f198,vacuous,
bank1,F126,bare_ret_f126,vacuous,
bank1,F127,bare_ret_f127,vacuous,
bank1,F128,bare_ret_f128,vacuous,
bank1,F129,store_00_ff_0d_to_0762_0764,agree,
bank1,F13C,bare_ret_f13c,vacuous,
bank1,F13D,bare_ret_f13d,vacuous,
bank1,F13E,bare_ret_f13e,vacuous,
bank1,F153,bare_ret_f153,vacuous,
bank1,F154,if_0440_nonzero_call_88f0_0a,agree,
bank1,F160,toggle_045b_bit0_set_0709_bit0,agree,
bank1,F18A,if_0440_nonzero_call_88f0_0c,agree,
bank1,F196,sjmp_to_f198,vacuous,
bank1,F198,gate_045a_e0_bits_into_047b_0720_097a,agree,
bank1,F219,set_0636_0a_toggle_047b_02_set_097a_02,agree,
bank1,F246,if_045a_bit4_set_toggle_047b_10_set_0637_0a,agree,
bank1,F275,set_06ff_80_else_toggle_0471_80,agree,
bank1,F290,if_06cd_zero_set_02_set_06ff_20,agree,
bank1,F2AD,if_06cd_zero_set_02_set_06ff_40,agree,
bank1,F2CA,dec_0443_low3_unless_0440_5_6_7,agree,
bank1,F2F3,inc_0443_low3_unless_0440_5_6_7,agree,
bank1,F3B8,if_04fe_bit7_clear_call_f3d7_f416_f436,agree,
bank1,F3C9,set_r3_22_or_44_from_0456_bit6,disagree,named-by-register-symbol
bank1,F3D7,store_scaled_quotient_0449,vacuous,
bank1,F416,scale_0438_into_0448,vacuous,
bank1,F436,halve_sum_into_044c,agree,
bank1,F512,unimplemented_ff_fill_f512,vacuous,
bank1,F70D,unimplemented_ff_fill_f70d,vacuous,
bank1,F727,unimplemented_ff_fill_f727,vacuous,
bank1,F73E,unimplemented_ff_fill_f73e,vacuous,
bank1,F902,unimplemented_ff_fill_f902,vacuous,
bank1,FF17,unimplemented_ff_fill_ff17,vacuous,
bank1,FF63,unimplemented_ff_fill_ff63,vacuous,
common,0000,reset_vector_forwarder_to_0070,vacuous,
common,0003,int0_vector_forwarder_to_052f,vacuous,
common,0007,table_entry_to_1150,vacuous,
common,000B,timer0_vector_forwarder_to_0530,vacuous,
common,000E,table_entry_to_1156,vacuous,
common,0012,ret_only_0012,vacuous,
common,0013,int1_vector_forwarder_to_0556,vacuous,
common,0016,table_entry_to_115c,vacuous,
common,001A,ret_only_001a,vacuous,
common,001B,timer1_vector_forwarder_to_05b6,vacuous,
common,001E,table_entry_to_1162,vacuous,
common,0022,ret_only_0022,vacuous,
common,0023,serial0_vector_forwarder_to_05e6,vacuous,
common,0026,table_entry_to_1168,vacuous,
common,002A,ret_only_002a,vacuous,
common,002B,table_entry_to_05e7,vacuous,
common,0070,reset_entry_stack_bank0_then_code_init,agree,
common,00CF,walk_code_table_6f39,disagree,named-by-code-symbol
common,00E4,FUN_CODE_00e4,vacuous,
common,012F,chan_init_170a_then_jmp_11b6,agree,
common,018C,chan_init_1709_then_jmp_11bc,agree,
common,0200,post_05e8_sp_0c0_init_1042_16e7_3105,vacuous,
common,029B,chan_init_1708_then_jmp_11c2,agree,
common,04C8,FUN_CODE_04c8,vacuous,
common,052F,int0_target_is_one_byte_reti,vacuous,
common,0530,timer0_target_decrements_xdata_0a00,vacuous,
common,0556,int1_target_six_calls_14c8_012f_018c_029b_7110_7177,vacuous,
common,05B6,timer1_target_splits_internal_ram_41_on_carry,vacuous,
common,05E6,serial0_target_is_one_byte_reti,vacuous,
common,05E7,table_entry_002b_target_is_one_byte_reti,vacuous,
common,05E8,critical_section_enter_05e8,vacuous,
common,05EF,critical_section_exit_05ef,vacuous,
common,0690,FUN_CODE_0690,vacuous,
common,07B6,zero_seven_xdata_bytes_from_200b,agree,
common,07C1,write_0x11_to_1700_1701_1702,agree,
common,07D0,write_0x11_to_1702,agree,
common,07D6,mask_1106_store_0x1c_to_1102_set_bit_23_0,agree,
common,07E7,set_bit_06_4_clear_bit_23_0_store_ff_via_r0_07e7,vacuous,
common,07F0,inc_xdata_0043_return_new,agree,
common,086B,FUN_CODE_086b,agree,
common,08CE,FUN_CODE_08ce,vacuous,
common,0937,store_r7_to_0a49_then_pulse_bit_3206_4,agree,
common,09A2,call_0c7a_then_write_1300_1306,vacuous,
common,09E9,FUN_CODE_09e9,agree,
common,0A74,rearm_timer1_then_set_bit_4_of_internal_41,vacuous,
common,0B25,FUN_CODE_0b25,vacuous,
common,0C7A,clear_low_nibble_of_1304,agree,
common,0C86,poll_flag_bytes_30_to_3b_and_dispatch,vacuous,
common,0D7B,divide_down_scheduler_counters_44_45_47,vacuous,
common,0DF7,thunk_FUN_CODE_0e4c,vacuous,
common,0E40,thunk_FUN_CODE_1552,vacuous,
common,0E58,thunk_FUN_CODE_1582,vacuous,
common,0E5E,timer0_reload_8a_06_8c_f1_clear_8d,vacuous,
common,0E72,timer1_load_th1_fa_tl1_01_clear_tf1_start,vacuous,
common,0E7D,stop_timer1_clear_tf1_and_bit_06_2,vacuous,
common,0ECC,timer1_counted_delay_count_in_r7,vacuous,
common,0EE8,timer1_load_th1_fd_tl0_clear_tf1_start,vacuous,
common,0EF3,write_internal_ram_init_constants,vacuous,
common,0F75,clr_xdata_0000_00ff_iram_20_bf_xdata_9000_97ff,agree,
common,1002,FUN_CODE_1002,agree,
common,1048,bl51_bank_select_0_tail_110a_wrapper,vacuous,
common,10F1,zero_xdata_200b,agree,
common,10FF,FUN_CODE_10ff,vacuous,
common,1100,bl51_bank_select_0,vacuous,
common,110A,set_iram_08_0a_clear_p1_0_p1_2,vacuous,
common,1114,bl51_bank_select_1,vacuous,
common,1128,bl51_bank_select_2,vacuous,
common,113C,bl51_bank_select_3,vacuous,
common,1150,load_dptr_bf1c_tail_jump_1100,agree,
common,1156,load_dptr_bf1d_tail_jump_1100,agree,
common,115C,load_dptr_bf1e_tail_jump_1100,agree,
common,1162,load_dptr_bf1f_tail_jump_1100,agree,
common,1168,load_dptr_bf20_tail_jump_1100,agree,
common,1198,FUN_CODE_1198,agree,
common,11C2,load_dptr_bf57_tail_jump_1100,agree,
common,11CE,FUN_CODE_11ce,agree,
common,11FE,FUN_CODE_11fe,agree,
common,1228,FUN_CODE_1228,disagree,named-by-decimal-literal
common,1258,FUN_CODE_1258,agree,
common,1288,FUN_CODE_1288,agree,
common,12B8,FUN_CODE_12b8,agree,
common,12E8,FUN_CODE_12e8,agree,
common,1318,FUN_CODE_1318,agree,
common,1348,FUN_CODE_1348,agree,
common,1378,FUN_CODE_1378,agree,
common,13A8,FUN_CODE_13a8,agree,
common,13D8,FUN_CODE_13d8,agree,
common,1408,FUN_CODE_1408,agree,
common,1438,FUN_CODE_1438,agree,
common,1468,FUN_CODE_1468,agree,
common,1498,FUN_CODE_1498,agree,
common,14C8,FUN_CODE_14c8,agree,
common,14F8,FUN_CODE_14f8,agree,
common,1528,FUN_CODE_1528,agree,
common,1558,FUN_CODE_1558,agree,
common,1588,FUN_CODE_1588,agree,
common,158E,load_dptr_d89f_tail_jump_1100,agree,
common,1594,load_dptr_d96c_tail_jump_1100,agree,
common,159A,load_dptr_c251_tail_jump_1100,disagree,names-nothing
common,15B8,trampoline_bank0_c881,agree,
common,15D0,FUN_CODE_15d0,agree,
common,1602,FUN_CODE_1602,vacuous,
common,1636,load_dptr_d991_tail_jump_1100,disagree,names-nothing
common,16D2,FUN_CODE_16d2,agree,
common,1C3E,FUN_CODE_1c3e,agree,
common,2002,FUN_CODE_2002,vacuous,
common,21DC,load_dptr_0a52_then_call_out,disagree,names-nothing
common,220A,increment_xdata_0a53,agree,
common,221F,return_low_three_bits_of_0a49,agree,
common,223F,FUN_CODE_223f,agree,
common,24FE,FUN_CODE_24fe,vacuous,
common,27E3,FUN_CODE_27e3,agree,
common,2896,clear_iram_6d_7f_then_xdata_b00_bfe,vacuous,
common,291D,FUN_CODE_291d,vacuous,
common,2990,advance_bfe_counter_publish_at_bfd,agree,
common,2A38,FUN_CODE_2a38,vacuous,
common,2A84,FUN_CODE_2a84,vacuous,
common,2AAC,FUN_CODE_2aac,vacuous,
common,2B6C,set_1304_mode_bits_then_write_1300_and_1308,agree,
common,2BC1,clamp_iram_80_up_to_r7,vacuous,
common,2D7A,FUN_CODE_2d7a,agree,
common,2DE3,mask_1106_then_clear_18_34,vacuous,
common,2E9C,store_0a4c_triplet_then_countdown_and_dispatch,agree,
common,2F1D,store_0a4f_triplet_then_retry_loop,agree,
common,30A6,FUN_CODE_30a6,agree,
common,30B5,or_table_bytes_into_dptr_under_flag_87,vacuous,
common,3239,increment_xdata_0a4d_then_ljmp_311d,agree,
common,3336,FUN_CODE_3336,vacuous,
common,355E,shared_tail_return_of_3459_and_34c6,vacuous,
common,3578,thunk_FUN_CODE_3459,vacuous,
common,375E,FUN_CODE_375e,vacuous,
common,3835,store_r7_to_upper_internal_ram_byte_3835,vacuous,
common,383A,set_direct_bit_0c_3,vacuous,
common,3894,set_iram_ad_88_clear_33,vacuous,
common,38F0,FUN_CODE_38f0,vacuous,
common,3983,store_r7_to_upper_internal_ram_byte_3983,vacuous,
common,3ACC,store_r7_to_upper_internal_ram_byte_3acc,vacuous,
common,3AD1,clear_upper_internal_ram_byte_3ad1,vacuous,
common,3B20,read_xdata_at_dptr_into_r7,vacuous,
common,3B22,mul13_table_lookup_3b22,vacuous,
common,3B32,load_dptr_high_from_a_low_from_code_table_3b32,vacuous,
common,3B3E,mul13_table_lookup_3b3e,vacuous,
common,3B4E,read_dptr_to_r6_then_dptr_3a00_plus_13x,vacuous,
common,3B51,dptr_3a00_plus_13x_3b51,vacuous,
common,3B70,dph_from_a_dpl_from_code_3b70,vacuous,
common,3B80,FUN_CODE_3b80,vacuous,
common,3BAE,load_dptr_high_from_a_low_from_code_table,vacuous,
common,3BD0,FUN_CODE_3bd0,vacuous,
common,3BDD,stop_timer1_and_set_et1_3bdd,vacuous,
common,3C0A,read_0a49_then_index_iram_by_plus_97,agree,
common,3C2F,FUN_CODE_3c2f,agree,
common,3C6D,FUN_CODE_3c6d,agree,
common,3D08,FUN_CODE_3d08,vacuous,
common,3D3F,FUN_CODE_3d3f,vacuous,
common,3DA8,FUN_CODE_3da8,agree,
common,3E33,FUN_CODE_3e33,vacuous,
common,3EC5,FUN_CODE_3ec5,vacuous,
common,3F9D,store_r7_to_iram_bb_then_set_68_0,vacuous,
common,3FA4,store_r7_to_iram_31,vacuous,
common,3FA7,FUN_CODE_3fa7,agree,
common,41ED,FUN_CODE_41ed,vacuous,
common,4368,stop_timer1_and_set_et1_4368,vacuous,
common,436F,store_0xfc_to_xdata_1308,agree,
common,437E,FUN_CODE_437e,vacuous,
common,43A5,per_channel_state_sequence_on_15byte_stride_table_43a5,vacuous,
common,4666,FUN_CODE_4666,vacuous,
common,4725,shift_and_xor_step_on_iram_af,vacuous,
common,4940,FUN_CODE_4940,vacuous,
common,4A42,dptr_from_21byte_stride_index,vacuous,
common,4A4D,code_word_to_dptr_4a4d,vacuous,
common,4A69,code_word_to_dptr_4a69,vacuous,
common,4A76,dptr_4900_plus_15x_r1,vacuous,
common,4A8F,FUN_CODE_4a8f,vacuous,
common,4AD3,FUN_CODE_4ad3,vacuous,
common,4AFB,stop_timer1_and_set_et1_4afb,vacuous,
common,4B22,FUN_CODE_4b22,vacuous,
common,4BB0,FUN_CODE_4bb0,disagree,names-nothing
common,4FED,FUN_CODE_4fed,disagree,names-nothing
common,5597,write_009f_4f_or_0f_by_r7,vacuous,
common,5802,FUN_CODE_5802,vacuous,
common,5A43,addc_chain_into_r7_5a43,vacuous,
common,5A55,table_bytes_disassembled_as_code_5a55,vacuous,
common,5DC2,FUN_CODE_5dc2,vacuous,
common,6402,FUN_CODE_6402,vacuous,
common,6BAE,FUN_CODE_6bae,vacuous,
common,6FD6,FUN_CODE_6fd6,vacuous,
common,707D,mul16,vacuous,
common,70E4,be16_add,vacuous,
common,70FA,limit_65000_minus_x,vacuous,
common,7110,dptr_plus_a_times_b_16bit,vacuous,
common,7125,FUN_CODE_7125,vacuous,
common,7151,switch_case_dispatch,vacuous,
common,7177,jump_to_dptr_from_r1_r2,vacuous,
common,7401,ff_filler_not_a_function_7401,vacuous,
common,7404,ff_filler_not_a_function_7404,vacuous,
common,7405,ff_filler_not_a_function_7405,vacuous,
common,7408,ff_filler_not_a_function_7408,vacuous,
common,7410,ff_filler_not_a_function_7410,vacuous,
common,741C,ff_filler_not_a_function_741c,vacuous,
common,7602,ff_filler_not_a_function_7602,vacuous,
common,7848,ff_filler_not_a_function_7848,vacuous,
common,7883,ff_filler_not_a_function_7883,vacuous,
common,7BFF,ff_filler_not_a_function_7bff,vacuous,
common,7C02,ff_filler_not_a_function_7c02,vacuous,
common,7DF2,ff_filler_not_a_function_7df2,vacuous,
common,7E01,ff_filler_not_a_function_7e01,vacuous,
common,7F01,ff_filler_not_a_function_7f01,vacuous,
common,7F02,ff_filler_not_a_function_7f02,vacuous,
common,7FF1,ff_filler_not_a_function_7ff1,vacuous,
common,7FFF,ff_filler_not_a_function_7fff,vacuous,
pd,0000,ljmp_0500,vacuous,
pd,0003,ljmp_0056,vacuous,
pd,000B,ljmp_0094,vacuous,
pd,0012,ff_filler_not_a_function_0012,vacuous,
pd,0013,ljmp_00b2,vacuous,
pd,001B,ljmp_00f0,vacuous,
pd,0023,ljmp_010e,vacuous,
pd,0050,call_10f1_then_jmp_1229,vacuous,
pd,0056,vector_wrapper_dp_0151,agree,
pd,0094,vector_wrapper_dp_0154,agree,
pd,00B2,vector_wrapper_dp_0157,agree,
pd,00F0,vector_wrapper_dp_015a,agree,
pd,010E,vector_wrapper_dp_015d,agree,
pd,0180,dispatch_r5_write_083b_0300,agree,
pd,0500,c_startup_idata_clear,vacuous,
pd,05A6,mul32_accumulate_r4_r7,vacuous,
pd,06B1,shl32_16_iters,vacuous,
pd,06EA,test_r4r5_bit15_then_rrc_40bit_and_negate_32bit,vacuous,
pd,0721,shift_right_2x16_sticky_d5,vacuous,
pd,0738,shift_r3r4_right_1,vacuous,
pd,0756,saturate_all_ones,vacuous,
pd,075D,clear_r4_r7_return_zero,vacuous,
pd,0760,saturate_r4_from_d5_r5_80,vacuous,
pd,0B85,index_from_r5_r3_then_jmp_at_0b05,vacuous,
pd,0BAB,read_byte_by_tag_r3,vacuous,
pd,0BC4,read_byte_at_dptr_plus_r1r2_by_tag,vacuous,
pd,0BF1,add_a_into_byte_by_tag_r3,vacuous,
pd,0C13,add_a_to_byte_selected_by_r3_kind,vacuous,
pd,0C46,write_byte_by_tag_r3,vacuous,
pd,0C58,write_byte_at_dptr_plus_r1r2_by_tag,vacuous,
pd,0C7A,mul_r7_r5_r4_into_r6r7,vacuous,
pd,0C8C,div_u16_by_u16_or_u8,vacuous,
pd,0CF7,add_a_and_b_to_16bit_at_dptr_return_high,vacuous,
pd,0D0D,read_two_bytes_by_ptr_kind,vacuous,
pd,0D38,read_two_bytes_at_offset_by_ptr_kind,vacuous,
pd,0D70,write_two_bytes_by_ptr_kind,vacuous,
pd,0D8F,write_two_bytes_at_offset_by_ptr_kind,vacuous,
pd,0DBC,add_32bit_r0r3_to_r4r7,vacuous,
pd,0DC9,mul8_partial_products_accumulate_into_r4r7,vacuous,
pd,0E54,udiv_shift_subtract_core,vacuous,
pd,0EE6,and_32bit_r0r3_r4r7,vacuous,
pd,0EF3,or_32bit_r0r3_r4r7,vacuous,
pd,0F00,negate_32bit_r4r7,vacuous,
pd,0F0E,sub_or_cmp_r0_r7,vacuous,
pd,0F1F,shr_32bit_r4r7_by_r0,vacuous,
pd,0F32,shl_32bit_r4r7_by_r0,vacuous,
pd,0F45,read4_ptr_kind_dispatch,vacuous,
pd,0FAF,read4xdata_to_r4_r7,vacuous,
pd,0FBB,read4_code_to_r4r7,vacuous,
pd,0FCB,load_xdata_to_r0_r1_r2_or_r3,vacuous,
pd,1013,add_32bit_r4r7_into_xdata_at_dptr,vacuous,
pd,1041,write4xdata_from_r4_r7,vacuous,
pd,104D,write4_inline_args,vacuous,
pd,1064,movc_byte_to_xdata,vacuous,
pd,10BC,add_full_product_to_dptr,vacuous,
pd,10C8,read3_xdata_to_r3r1_10c8,vacuous,
pd,10E8,store_3byte_r3r2r1,vacuous,
pd,10F1,read3_code_to_r3r1,vacuous,
pd,10FD,read3_ptr_kind_dispatch,vacuous,
pd,119C,dispatch_code_table,vacuous,
pd,11C2,dispatch_code_table_2byte_key,vacuous,
pd,1229,load_dptr_then_indirect_jump,vacuous,
pd,122D,jmp_code_at_dptr,vacuous,
pd,122F,add_dptr_to_word_0d0e_ea_guard,vacuous,
pd,1253,add_word_0d0e_to_dptr,vacuous,
pd,128D,fill_bytes_by_ptr_kind,vacuous,
pd,12B9,read4_idata_to_r4r7,vacuous,
pd,12C5,read4_xdata_to_r4r7,vacuous,
pd,131B,read3_idata_to_r3r1,vacuous,
pd,132D,read3_xdata_to_r3r1_132d,vacuous,
pd,133F,clear_0807_0808_dispatch_0805,agree,
pd,1820,store_r7_12_clear_bit_4d_tailcall,vacuous,
pd,1E4B,read_0803_and_invert,agree,
pd,1E9D,flag_from_f4ee,agree,
pd,1EFE,gate_0803_then_dispatch_through_code_table,agree,
pd,2726,invert_r7_after_f407,vacuous,
pd,347B,read_byte_to_r3_stride_60_alt,agree,
pd,3494,load_b_60,vacuous,
pd,3497,call_10bc,vacuous,
pd,349B,dph_plus_double_a_349b,vacuous,
pd,34A5,read_byte_to_r7_base_0420,agree,
pd,34C9,copy_a_to_r7_zero_r6,vacuous,
pd,34CC,copy_a_to_r5_r4,vacuous,
pd,34CE,copy_a_to_r3,vacuous,
pd,34CF,r2_r1_r0_from_a_ljmp_0f0e,vacuous,
pd,34D6,index_stride_5e_from_07d6,agree,
pd,34D9,read_xdata_at_dptr_34d9,vacuous,
pd,34DA,index_5e_fc,vacuous,
pd,34ED,read_xdata_at_dptr_to_r7_34ed,vacuous,
pd,34EF,set_dptr_0424,agree,
pd,34F2,add_60a_to_dptr_34f2,vacuous,
pd,34FB,read_byte_to_r7_base_0408,agree,
pd,3500,add_60a_to_dptr_3500,vacuous,
pd,3506,set_dptr_0a8b,agree,
pd,3509,read_xdata_at_dptr_to_r7_3509,vacuous,
pd,350B,index_5e_f4,vacuous,
pd,352C,write_3bytes_to_0a86,agree,
pd,353E,add_60a_to_dptr_353e,vacuous,
pd,3544,zero_5_xdata_bytes,vacuous,
pd,354F,store_a_to_5_xdata_bytes,vacuous,
pd,3565,dptr_0418_plus_60a,agree,
pd,357E,read_byte_to_r3_stride_60,disagree,names-nothing
pd,35AC,dptr_0428_plus_60a,agree,
pd,35DA,store_2byte_r6r7_then_0x10c8,agree,
pd,35E8,dptr_0400_plus_60a,agree,
pd,35FF,read_07d2_to_r3,agree,
pd,3604,index_5e_f6,vacuous,
pd,3621,add_60a_to_dptr_3621,vacuous,
pd,3627,add_r6_to_dpl,vacuous,
pd,362A,add_carry_into_dph,vacuous,
pd,3632,set_dptr_042f_then_fall_through,agree,
pd,3635,tail_jump_10bc_with_b_60,vacuous,
pd,363E,load_a_from_r7_then_tail_10bc,vacuous,
pd,364A,mul_by_17_add_2d_split_dpl,vacuous,
pd,3655,write_dph_call_0faf_return_r7,vacuous,
pd,365C,scale_dptr_from_dptr_byte,vacuous,
pd,366E,write_xdata_then_set_r5_2,vacuous,
pd,3689,read_0a8b_then_tail_10bc,agree,
pd,36B9,read_xdata_to_r3_set_dptr_0400,disagree,names-nothing
pd,36C2,read_0803_0804_to_r7_r5,disagree,names-other-addresses
pd,36CB,read_07d6_tail_0c7a,agree,
pd,36E6,call_0f1f_then_fall_through,vacuous,
pd,36E9,mask_r7_to_bit0_clear_r4_r5_r6,vacuous,
pd,36F2,setup_3byte_store_r3r2r1_at_0807,agree,
pd,3706,set_r2_07_r1_d3_tail_10e8,vacuous,
pd,3720,read_xdata_to_r7_set_r3_r2,vacuous,
pd,373C,scaled_lookup_from_07d2,agree,
pd,3750,call_0faf_0f00_then_jump_0dbc,vacuous,
pd,3760,read_dptr_byte_then_tail_10bc_at_042c,agree,
pd,3777,inc32_r4_r7_and_mul_r3_by_5e,vacuous,
pd,37A7,load_r7_then_tail_10bc,vacuous,
pd,37AE,store_r7_at_dptr,vacuous,
pd,37DE,scale_dptr_from_dptr_byte_5e_f5,vacuous,
pd,37ED,clear_r7_and_mask_r6_to_bit3,vacuous,
pd,383A,unresolved_0x383A,vacuous,
pd,384E,call_0f1f_then_return_r7_and_3,vacuous,
pd,3872,load_r0_r1_r2_r3_04_05_06_07,vacuous,
pd,3883,set_b_60_and_dptr_0400_then_return,disagree,names-nothing
pd,38CA,read_xdata_to_r3_set_dptr_0418,disagree,names-nothing
pd,38D3,read_be16_from_dptr,vacuous,
pd,393D,write_r7_r5_r3_to_consecutive_xdata,vacuous,
pd,396B,read4xdata_and_clear_r7_bit0,vacuous,
pd,3974,set_dptr_07fb_then_fall_through,disagree,names-other-addresses
pd,3977,read_dptr_byte_then_07d2,agree,
pd,39AC,read_byte_to_r7_set_r3_1,vacuous,
pd,39DE,set_dph_call_1041_r7_03,vacuous,
pd,39E6,set_r5_from_a_then_fall_through_to_39e7,vacuous,
pd,39E7,set_args_r1_d3_r2_07_r3_01,vacuous,
pd,39F9,tail_jump_10bc_with_b_60_and_r7,vacuous,
pd,3A0E,read4xdata_and_return_r7_bit0,vacuous,
pd,3A33,store_a_then_multiply_r7_by_5e,vacuous,
pd,3FEA,clear_ram_07_08_then_call_10e8_at_0988,agree,
pd,4402,run_body_while_07cf_is_zero,agree,
pd,4800,increment_dptr_byte_and_jump_back_to_4408,vacuous,
pd,4C12,call_f739_then_return_dptr_07d0_4c12,vacuous,
pd,4C19,call_f739_then_return_dptr_07d0_4c19,vacuous,
pd,4C20,call_f739_then_return_dptr_07d0,vacuous,
pd,4C27,dispatch_entry,agree,
pd,4D6F,dispatch_case_06,agree,
pd,4E84,dispatch_case_09,agree,
pd,52EF,call_f739_then_return_dptr_07d0_52ef,vacuous,
pd,531F,call_f739_then_return_dptr_07d0_531f,vacuous,
pd,567C,scale_dptr_from_a_times_77_plus_73,vacuous,
pd,56CB,store_a_then_scaled_lookup_from_r7,vacuous,
pd,56ED,read_xdata_0852,agree,
pd,56F1,scale_dptr_from_a_times_77_plus_6e,vacuous,
pd,578E,index_stride_77_addr_r1,vacuous,
pd,584A,mul_dptr_byte_77_to_r4r5_and_arg_d7,vacuous,
pd,5874,mul_dptr_byte_77_to_arg_6c,vacuous,
pd,58AB,arg_89_from_r4r5_then_store_at_0864,agree,
pd,58B9,scale_dptr_from_dptr_byte_77_plus_96,vacuous,
pd,5950,index_stride_77_r7,vacuous,
pd,6673,dispatch_on_07f5_record_after_staging_07d2,agree,
pd,68CE,store_a_and_copy_07f4_masked_to_07f5,disagree,names-other-addresses
pd,6F96,call_122f_with_dptr_fffd_6f96,agree,
pd,6FAD,read_dptr_byte_into_r7,vacuous,
pd,6FAF,scaled_lookup_from_a_times_5e_plus_f8,vacuous,
pd,6FC5,scaled_lookup_from_a_times_5e_plus_f7,vacuous,
pd,6FD4,set_r5_then_fall_through,vacuous,
pd,6FD5,call_10bc_with_b_60_and_dptr_0433,agree,
pd,700D,read_xdata_080d_and_set_r3_ff,agree,
pd,7014,set_dptr_0a86_and_call_10e8,agree,
pd,7021,scale_5e_and_call_122f,agree,
pd,7045,set_dptr_fffd_and_call_122f,agree,
pd,7059,call_122f,vacuous,
pd,705C,load_dptr_from_iram_0d_0e,vacuous,
pd,7063,call_1041_then_point_dptr_07d4,vacuous,
pd,7069,read_07d4_into_r7,vacuous,
pd,706B,dptr_08e9_plus_5e_times_a,vacuous,
pd,7091,read_07d4_into_a,agree,
pd,7095,dptr_08ea_plus_5e_times_a,vacuous,
pd,70A3,read_08ea_table_byte,vacuous,
pd,70A4,dptr_08ed_plus_5e_times_a,vacuous,
pd,70BA,read_08ed_table_byte,vacuous,
pd,70BB,dpl_08f4_plus_5e_times_a_low_only,vacuous,
pd,70C7,store_a_to_dptr,vacuous,
pd,70C8,dptr_08e7_plus_5e_times_r7,vacuous,
pd,70D7,read_dptr_to_r3_then_dptr_08fc,vacuous,
pd,70E7,call_0fcb_then_tail_jmp_0f0e,agree,
pd,70F8,read_dptr_to_r7_then_dptr_08f9,vacuous,
pd,7108,set_dptr_0007_call_1253_tail_jmp_10c8,disagree,named-by-decimal-literal
pd,7121,read_08e8_record_byte_from_r7,vacuous,
pd,7140,pack_0108e8_plus_5e_times_a_into_r1_r3,vacuous,
pd,714F,dptr_0a2d_plus_17_times_a,vacuous,
pd,715E,dptr_08e4_plus_5e_times_a,vacuous,
pd,716C,dptr_08e3_plus_5e_times_a,vacuous,
pd,717C,set_dptr_ffff_tail_jmp_122f,agree,
pd,7182,pack_0108e3_plus_r6_r7_into_r1_r3,vacuous,
pd,718D,store_a_to_dptr_and_zero_r2_r3,vacuous,
pd,7392,count_07cb_up_to_3_over_07ca_records,agree,
pd,7580,set_07d2_and_return_r7_zero_or_one,agree,
pd,7753,call_f75c_with_07d1,agree,
pd,775C,call_e4d0_return_r7,agree,
pd,7B0D,call_f739_then_return_dptr_07d0_7b0d,vacuous,
pd,7B14,stage_07c9_index_then_dispatch_on_flag_bits,agree,
pd,7CE0,dispatch_on_0a8c_command_then_write_0a8b_record,agree,
pd,7E91,reload_0a8b_call_f75c,agree,
pd,805E,update_07d4_state,agree,
pd,8210,call_dc29_with_07d4,agree,
pd,821B,fill_0849_0857_block,agree,
pd,856F,call_f739_then_return_dptr_07d0_856f,vacuous,
pd,8576,step_state_07d0_07d1,agree,
pd,8716,call_f22e_with_07d0,agree,
pd,8814,store_3bytes_at_dptr_plus_1,vacuous,
pd,88BE,update_07d6_table_entries,agree,
pd,8A4A,dispatch_on_07d1_bits_then_update_07d1_07d2,agree,
pd,8BC0,call_f739_then_read_07d1,vacuous,
pd,8D41,advance_07d2_counter_and_dispatch,agree,
pd,8EA6,call_7ce0_with_r5_0b,vacuous,
pd,9021,stub_set_r4_07,vacuous,
pd,9023,make_dptr_r4_minus_3,vacuous,
pd,9024,make_dptr_a_minus_3,vacuous,
pd,9026,make_dptr_r6_minus_3_9026,vacuous,
pd,9028,make_dptr_r6_minus_3_9028,vacuous,
pd,9066,make_dptr_a_minus_3_col_12,vacuous,
pd,906D,make_dptr_r6_minus_3_col_r3,vacuous,
pd,9076,read_byte_at_dptr_to_r1,vacuous,
pd,9078,make_dptr_a_minus_3_col_14,vacuous,
pd,907E,make_dptr_r6_minus_3_col_r5,vacuous,
pd,9087,read_and_increment_32bit,vacuous,
pd,909A,read_bit0_of_08fc_row,vacuous,
pd,90B1,store_4bytes_at_0a86,vacuous,
pd,90B3,store_3bytes_at_0a86,agree,
pd,90C0,read_xdata_00b0_plus_r4,vacuous,
pd,90CF,dph_plus_double_a_90cf,vacuous,
pd,90D6,read_table_08f4_step_5e_minus_1,vacuous,
pd,90E8,read_xdata_r6_minus_3_low_a,vacuous,
pd,90F3,set_dptr_0004_then_fall_through,disagree,named-by-decimal-literal
pd,90F6,call_1253_then_jump_10c8,vacuous,
pd,90FC,call_0c46_then_dptr_0d0e,vacuous,
pd,90FF,set_dptr_0d0e_90ff,vacuous,
pd,9106,read_xdata_0a2c_step_17,vacuous,
pd,9115,read_dptr_to_r5_r6_zero_r7,vacuous,
pd,911C,read_xdata_07ca_into_r6,disagree,names-nothing
pd,9123,dpl_090d_plus_5e_times_a,vacuous,
pd,912F,dpl_0931_plus_5e_times_a,vacuous,
pd,9147,dpl_0929_plus_5e_times_a,vacuous,
pd,915E,load_r5_then_write_via_915f,vacuous,
pd,915F,write_a_to_dptr_set_r6_r4_ret6,vacuous,
pd,9166,read_xdata_07c9_into_r6,disagree,names-nothing
pd,9177,set_b60_dptr_04a3_tail_10bc,agree,
pd,96E8,dptr_07d1_then_scale_via_96ed,agree,
pd,96EB,read_dptr_to_r7_then_scale,vacuous,
pd,96ED,dptr_0a13_plus_17_times_a,vacuous,
pd,96FB,dptr_0819_then_scale_via_96ff,agree,
pd,96FE,read_dptr_to_a_then_scale,vacuous,
pd,96FF,dptr_0a27_plus_17_times_a,vacuous,
pd,970D,zero_xdata_0a14_step_17,vacuous,
pd,971B,write_a_to_dptr,vacuous,
pd,971C,dptr_0a15_plus_17_times_r7,vacuous,
pd,972B,dptr_07d4_then_fall_through,agree,
pd,972E,load_r0_r3_then_read_dptr_times_17,vacuous,
pd,973C,dptr_07d1_then_tail_0faf,agree,
pd,9740,dptr_from_a_mul_5e_add_fc_tail_jump_0faf,vacuous,
pd,9750,load_a_from_r7_9750,vacuous,
pd,9751,dptr_from_a_mul_17_add_29,vacuous,
pd,975F,read_xdata_07d4_into_r3,agree,
pd,9764,dptr_from_a_mul_17_add_17_first_half,vacuous,
pd,9768,dptr_from_a_add_17_second_half,vacuous,
pd,9772,read_xdata_07d4_into_a,agree,
pd,9776,dptr_from_a_mul_17_add_1b,vacuous,
pd,9784,call_0faf_0f00_0dbc_then_r3_23,vacuous,
pd,9792,clr_carry,vacuous,
pd,9793,copy_a_to_r0_r1_r2_tail_jump_0f0e,vacuous,
pd,9799,load_a_from_r7_9799,vacuous,
pd,979A,read_xdata_table_byte_idx_a_mul_17_add_14,vacuous,
pd,97A9,dptr_from_a_mul_17_add_2c,vacuous,
pd,97B8,load_a_from_r7_97b8,vacuous,
pd,97B9,read_xdata_byte_at_r4_minus_3_page_01,vacuous,
pd,97C7,dptr_page_sel_from_r6_minus_3_first_half,vacuous,
pd,97CB,read_xdata_byte_at_r6_minus_3_page_01,vacuous,
pd,97D5,dptr_from_a_mul_5e_add_04_tail_jump_0faf,vacuous,
pd,97E5,test_r7_bit_5,vacuous,
pd,97E8,clear_r4_r5_r6_return_a,vacuous,
pd,97EF,dptr_from_a_mul_17_add_23_first_half,vacuous,
pd,97F3,dptr_low_from_a_add_23_no_dph_store,vacuous,
pd,97FB,dptr_from_a_mul_17_add_28,vacuous,
pd,982F,call_0faf_0f00_0dbc_return_zero,vacuous,
pd,9849,call_0bc4_keep_result_in_r7,vacuous,
pd,984D,call_0eeae,vacuous,
pd,9850,load_dptr_d9ef_tail_jump_10f1,agree,
pd,985D,call_0d8f_write_00_04_to_07da_07db,vacuous,
pd,987F,set_r1_from_a_then_add_carry_into_r2,vacuous,
pd,9883,read_xdata_byte_to_r7,vacuous,
pd,9885,set_multiplier_2,vacuous,
pd,9888,mul_ab_into_dptr,vacuous,
pd,98A1,load_dptr_07d0,agree,
pd,98A4,read_xdata_byte,vacuous,
pd,98A5,mul_by_0c_return_r6r7,vacuous,
pd,98AD,call_0d8f_then_take_r7,vacuous,
pd,98B1,inc_r7_carry_to_r6_setup_0005,vacuous,
pd,98BE,load_dptr_0004,disagree,named-by-decimal-literal
pd,98C1,add_r6r7_to_r1r2_tail_0bc4,vacuous,
pd,98DF,store_a_to_r2,vacuous,
pd,98E0,add_5_to_r2r1,vacuous,
pd,9909,pass_r6_and_a_to_0d70,vacuous,
pd,991A,dptr_001d_tail_0d38,agree,
pd,9920,dptr_0011_tail_0d8f,agree,
pd,9926,dptr_001f_return_a0_b2,disagree,names-nothing
pd,9936,add_r6r7_to_r1r2_tail_0c58,vacuous,
pd,9958,call_10fd_then_dptr_0007,vacuous,
pd,995F,dptr_0021_tail_0c58,agree,
pd,9965,add_a_times_0c_to_16bit_r1r2,vacuous,
pd,996F,dptr_0010_tail_0c58,agree,
pd,9975,call_10fd_dptr_0004_tail_0bc4,vacuous,
pd,9987,load_a_from_r7_9987,vacuous,
pd,9988,set_multiplier_60,vacuous,
pd,998B,call_10bc,vacuous,
pd,998F,dbl_a_add_dph_write_dph,vacuous,
pd,99C9,add_r5_to_dptr,vacuous,
pd,99D4,read_xdata_inc_r7_carry_r6_tail_0c8c,vacuous,
pd,9A1B,a_r3_b_60_tail_10bc,vacuous,
pd,9A90,load_a_from_r7_stub,vacuous,
pd,9A91,set_b_60_dptr_04a4_then_ret,disagree,names-nothing
pd,9ACD,dptr_add_0d0e_via_122f,agree,
pd,9ADD,set_dptr_0d0e_9add,vacuous,
pd,9C18,set_b_67,vacuous,
pd,9C1B,call_10bc,vacuous,
pd,9C45,read_xdata_to_r6_set_dptr_069a,agree,
pd,9C4D,call_10bc,vacuous,
pd,9CC2,load_1byte_to_r6,vacuous,
pd,9CFB,read_xdata_to_r7_set_dptr_066c,disagree,names-nothing
pd,9D39,set_b_67_dptr_066e,disagree,names-nothing
pd,A000,begins_mid_statement_write_then_index_0a8c_and_dispatch,vacuous,
pd,A0E6,stage_07d6_07d7_07d8_then_tail_to_f654,agree,
pd,A339,stash_args_dispatch_code_table,agree,
pd,A571,dispatch_on_state_07d0,agree,
pd,A5B3,and_16bit_fields_write_07d2_07d3,vacuous,
pd,A678,inc_07d0_reenter_a571,agree,
pd,A681,zero_r7_return,vacuous,
pd,A742,load_dptr_be16_from_0abf,agree,
pd,A75D,shift_r4_r7_right_then_sub_0x30,vacuous,
pd,A890,ascii_string_not_code,vacuous,
pd,A8AE,event_dispatch_ff80_ffe0,agree,
pd,ABBF,build_masked_indexed_table_bytes,agree,
pd,ACB7,load_r0_r3_4_5_6_7,vacuous,
pd,ACBF,read_xdata_at_dptr_acbf,vacuous,
pd,ACC0,index_a_by_23_add_0a35,vacuous,
pd,ACCE,set_dptr_07d6,agree,
pd,ACD1,read_xdata_to_a_r7,vacuous,
pd,ACD3,index_a_by_23_add_0a2c,vacuous,
pd,ACE1,set_dptr_07d1,agree,
pd,ACE4,read_xdata_to_r3,vacuous,
pd,ACE6,index_a_by_23_add_0a2d,vacuous,
pd,ACF4,write_r7_to_dptr,vacuous,
pd,ACF6,index_a_by_5e_add_08fc,vacuous,
pd,AD01,read4xdata_bit0_to_a,vacuous,
pd,AD09,zero_extend_a_into_r4_r7,vacuous,
pd,AD10,dptr_0900_plus_5e_times_xdata_byte,vacuous,
pd,AD1E,call_0faf_then_clear_r3,vacuous,
pd,AD23,load_r2_from_a,vacuous,
pd,AD24,copy_a_to_r0_r1_tail_jump_0f0e,vacuous,
pd,AD2A,read_xdata_07d1_into_a,agree,
pd,AD2E,dptr_0a39_plus_17_times_a,vacuous,
pd,AD3C,set_dptr_07d0,agree,
pd,AD3F,read_dptr_byte_then_dpl_17x_plus_31,vacuous,
pd,AD4D,call_0faf_0f00_0dbc_return_0,vacuous,
pd,AD58,set_r3_ff_dptr_0a86_call_10e8,agree,
pd,AD67,dptr_08fb_plus_5e_times_a,vacuous,
pd,AD75,dptr_0a3d_plus_17_times_a,vacuous,
pd,AD83,read_07d1_07d2_into_r7_r5,disagree,names-other-addresses
pd,AD8C,read_07d2_into_r7_r5_zero,disagree,names-nothing
pd,AD94,call_1041_then_return_07d1,vacuous,
pd,AD9C,read_07d1_into_r7_r5_zero,disagree,names-nothing
pd,ADA4,call_0faf_then_test_r7_bit2,vacuous,
pd,ADAB,copy_0809_to_080a_then_dispatch_0805,agree,
pd,AE9C,write_07d1_then_call_chain,agree,
pd,B074,call_c1dd_store_r7_then_call_122f,vacuous,
pd,B154,load_a_with_03,vacuous,
pd,B156,set_dptr_083d,agree,
pd,B159,store_first_handoff_helper,agree,
pd,B172,read_dptr_byte_to_r7_then_add_b0,vacuous,
pd,B176,make_dptr_from_a_low_byte,vacuous,
pd,B17D,write_dptr_byte_set_00bd_bit0_clear_ff62_bit3,agree,
pd,B19F,set_dptr_0a00_plus_a,vacuous,
pd,B1E3,read_xdata_0800_table_stride_77,vacuous,
pd,B1F2,unresolved_0xB1F2,vacuous,
pd,B217,clear_r3_r2_r1,vacuous,
pd,B21E,read_xdata_at_r6r7_minus_3,vacuous,
pd,B24C,load_r3_r0_jmp_0f0e,vacuous,
pd,B24D,broadcast_a_to_r0_r2_then_sub_r4_r7,vacuous,
pd,B263,add_ab_then_r7_page,vacuous,
pd,B28A,mul38_of_xdata_0832,agree,
pd,B2A6,mov_a_from_r7,vacuous,
pd,B2A7,write_a_to_dptr_then_read4_from_07d8,agree,
pd,B2AE,mul38_ptr_0946,vacuous,
pd,B2B2,add_a_ptr_0946,vacuous,
pd,B2CD,read3_from_07d5_into_r3_r1,agree,
pd,B2D3,mul38_ptr_0976,vacuous,
pd,B2E1,dptr_from_097c_plus_carry,vacuous,
pd,B2E9,dptr_from_097d_plus_carry,vacuous,
pd,B2F7,read3_from_dptr_then_set_dptr_0002,vacuous,
pd,B2FE,read_0832_and_multiply_by_38,agree,
pd,B311,write_07d2_then_dispatch_on_07d1,agree,
pd,B3ED,write_r7_at_0d0d_then_load_0d0b,vacuous,
pd,B73F,stage_07d6_index_and_store_args_at_07dc,agree,
pd,B80E,write_r7_and_r3r2r1_to_0803,agree,
pd,B8DB,init_07d8_indexed_flags_to_ff,agree,
pd,B9A1,stage_07d4_07d5_then_dispatch_and_tail_f035,agree,
pd,BA67,write_07d4_07d5_then_return_0_or_1,agree,
pd,BBE7,branch_on_ram_r5_then_set_indirect_bits,vacuous,
pd,BECB,write_07d6_07d7_07d8_07d9_then_store_07df,agree,
pd,C0AF,forwarder_9926_985d_cfa0,vacuous,
pd,C0EF,store_0845_0847_then_return_ff_or_00,agree,
pd,C1B3,call_0e54_with_dc_then_reenter_with_26,vacuous,
pd,C1D6,set_dptr_0d0e_c1d6,vacuous,
pd,C1DD,load_dptr_fffe_into_0d0c,agree,
pd,C1EF,write_a_to_dptr_then_fall_into_c1f0,vacuous,
pd,C1F0,load_dptr_ffff_into_0d0d,agree,
pd,C20C,cmp32be_0827_against_00001388,agree,
pd,C23A,read_byte_at_ffdc_plus_a,vacuous,
pd,C24E,write_080d_then_branch_on_70e7,agree,
pd,C2FA,write_07d0_then_run_indexed_state_chain,agree,
pd,C398,set_r7_r5_from_iram_then_read_07d0,vacuous,
pd,C62B,write_00b8_pattern_then_copy_ffc0_to_00d5,vacuous,
pd,C755,latch_07d2_07d3_then_zero_23_bytes,agree,
pd,C808,store_a_at_dptr_and_r7_at_0800_plus_a,vacuous,
pd,C873,compare_55_then_mark_0819,agree,
pd,C901,dispatch_on_r3_then_add_product_to_0699,agree,
pd,CB2A,store_0803_0805_then_jump_c808,agree,
pd,CBB0,write_r4_r5_indexed_flag_bits,vacuous,
pd,CC36,call_122f_with_dptr_fffd_cc36,agree,
pd,CCB7,store_0a94_0a97_then_add_0a94_times_60,agree,
pd,CDB7,decide_r7_from_r6_r5_r4_and_write_indexed_byte,vacuous,
pd,CFA0,store_4_at_07d6_then_branch_on_991a,agree,
pd,D013,latch_07d4_07d5_and_call_7014_with_63_or_6c,agree,
pd,D085,decrement_00e2_and_tail_jump_to_d07b,agree,
pd,D0F0,require_nonzero_from_b074,agree,
pd,D435,gate_0827_against_1388_then_set_0ffd4_bit0,agree,
pd,D6E0,inc_r0_then_reti,vacuous,
pd,D72E,stage_07d1_set_0ffd4_bit5_then_tail_c755,agree,
pd,D78A,return_one_when_arg_matches_queried_values,vacuous,
pd,D83D,store_4_zero_bytes_at_0904_plus_0809_times_5e,agree,
pd,D8EE,copy_0841_to_0984_when_083c_matches_097f,agree,
pd,DA44,poll_0208_0209_then_spin,vacuous,
pd,DB89,mov_dptr_07cf_and_call_10e8,disagree,named-by-decimal-literal
pd,DBD9,loop_c901_per_index_0x07d0,agree,
pd,DC29,call_122f_with_dptr_fffe,agree,
pd,DCC7,store_then_clear_0817_and_add_r6_times_0x67,agree,
pd,DF6A,loop_256_passes_over_07cf,agree,
pd,DFB2,store_0x14_at_0810_and_write_0000,vacuous,
pd,DFFA,init_sequence_then_ljmp_128d,agree,
pd,E15A,set_0832_through_5874_58ab_ed46_56cb,agree,
pd,E1E0,copy_0815_to_081b_then_call_c873,vacuous,
pd,E2E4,poll_d78a_for_indices_0_and_1,vacuous,
pd,E323,dptr_fffe_then_122f_at_e323,agree,
pd,E458,store_07d8_and_dispatch_07da,agree,
pd,E4D0,dptr_fffe_then_122f_at_e4d0,agree,
pd,E543,count_07cf_and_conditional_call_122d,agree,
pd,E5B3,store_080e_and_accumulate_r6,agree,
pd,E6C0,set_or_clear_706b_byte_bit2_then_call_f1b0_if_6faf_zero,vacuous,
pd,E757,set_0832_bit0_then_dispatch_b17d_from_r5_and_call_0180,agree,
pd,E877,store_080f_0810_and_pick_f50e_arg_on_carry,agree,
pd,E8D4,index_07d0_by_0x17_then_fill_128d_and_call_f604,agree,
pd,E902,if_0bc4_result_below_6_then_read3_at_r7_times_3_32,vacuous,
pd,E930,write_07ca_indexed_and_restore_saved_byte_when_flag_e7,vacuous,
pd,E9E3,store_3byte_r3r2r1_at_0803,agree,
pd,EA67,reset_07c9_block_then_flag_00d3_1,agree,
pd,EBBB,init_sequence_with_ea_cleared,agree,
pd,EBE4,pick_00d0_or_00d1_then_tail_with_dp_0002,vacuous,
pd,EC36,set_or_clear_bits_0_5_via_9028,vacuous,
pd,EC5E,set_or_clear_bits_1_2_6_via_9028,vacuous,
pd,ED46,store_3byte_r3r2r1_at_0861,agree,
pd,ED90,set_bit3_and_bits2_3_from_r5,vacuous,
pd,EDB5,setup_04a3_r3_7_then_call_10bc,agree,
pd,EE68,stage_07d4_07d5_then_call_ef59,agree,
pd,EE8B,set_r6_07_r7_06_after_6faf_zero_test_and_pair_compare,vacuous,
pd,EEAE,write_r7_at_0x0260_plus_0bab_result,vacuous,
pd,EED1,write_ff_clear_bit7_write_ff,vacuous,
pd,EF59,stage_07d6_call_715e_6faf_tail_e5b3,agree,
pd,EF79,stage_07d6_call_716c_6faf_tail_e5b3,agree,
pd,EFB9,clear_0ffd3_ff88_ffe1_bits_then_ffd0_2e,agree,
pd,F035,stage_07d6_chain_tail_f351,agree,
pd,F109,set_or_clear_bit0_via_9028,vacuous,
pd,F126,gate_on_6f96_then_tail_122f_with_dp_000a,vacuous,
pd,F1B0,set_or_clear_0ffd4_bit5_from_r5_when_r7_zero,vacuous,
pd,F22E,read_04a3_then_call_9a90,agree,
pd,F247,write_07d6_then_table_entry_then_0_3,agree,
pd,F28D,dptr_eaf9_index_04,vacuous,
pd,F2FB,write_ffda_ffdb_10_ffd8_48_ff40_bit1,agree,
pd,F351,gate_6f96_then_ljmp_122f,vacuous,
pd,F3CC,store_r4r5_at_08ef_index_5e,vacuous,
pd,F3E0,unresolved_0xF3E0,vacuous,
pd,F3E2,dptr_high_r6_low_a,vacuous,
pd,F3EB,dptr_high_r6_low_r3,vacuous,
pd,F407,zero_084c_call_8814_821b,agree,
pd,F440,write_07d6_then_set_1,agree,
pd,F477,call_0180_if_00e2_is_1,agree,
pd,F4AB,store_4bytes_to_0a82,agree,
pd,F4CD,call_70c7_with_0_then_5c_tail_f55c,agree,
pd,F4EE,return_1_if_dptr_byte_ge_02,vacuous,
pd,F50E,set_bits_6_7_from_r5,vacuous,
pd,F55C,write_r5_then_f763_if_6faf_zero,vacuous,
pd,F56B,return_1_if_acc_bits_2_3_set,vacuous,
pd,F598,set_00bd_bit1_clear_ff42_bit7,agree,
pd,F5C3,return_1_if_56f1_byte_zero,vacuous,
pd,F5D1,set_ff42_bit7_if_00bd_zero,agree,
pd,F604,call_e458_then_r4r5r6r7_03120100,vacuous,
pd,F610,store_r7r5r3_to_080d,agree,
pd,F61C,store_r7r5_0_to_07d2_if_6faf_zero,vacuous,
pd,F63F,store_r7_to_07cc_r5_to_0945,agree,
pd,F654,call_f109_if_6faf_zero,vacuous,
pd,F65E,call_ec5e_if_6faf_zero,vacuous,
pd,F668,call_ec36_if_6faf_zero,vacuous,
pd,F672,call_f610_if_6faf_zero,vacuous,
pd,F6F3,clear_ffc6_bit5,agree,
pd,F6FB,set_ffc6_bit2,agree,
pd,F723,chain_96ff_then_0c46,vacuous,
pd,F739,call_returns_with_dptr_loaded,agree,
pd,F755,read_dptr_byte_via_715e,vacuous,
pd,F75C,read_dptr_byte_via_716c,vacuous,
pd,F763,store_r5_at_dptr_via_97fb,vacuous,
pd,F775,write_r7_to_xdata_07d9,agree,
pd,F781,clear_sfr_88_set_sfr_a8,vacuous,
pd,F786,tailcall_7b14_with_r7_zero,vacuous,
pd,F79C,ljmp_d085,vacuous,
pd,F79F,ljmp_4402,vacuous,
pd,F7B2,ret_only_f7b2,vacuous,
pd,F7B3,ret_only_f7b3,vacuous,
pd,F7B4,ret_only_f7b4,vacuous,
pd,F7B7,ret_only_f7b7,vacuous,
