addr,name,from_register,register_status,derivation,programs
0x0740,PROJECT_ID,PROJECT_ID,confirmed-working,scalar-name,bank0;bank1
0x0741,AP_OEM,AP_OEM (ENABLE_MANUAL_CTRL),confirmed-working,scalar-name,bank0;bank1
0x0743,CTGP_DB_CTRL,CTGP_DB_CTRL / OFFSET,confirmed-working,override,bank0;bank1
0x0744,CTGP_OFFSET,CTGP_DB_CTRL / OFFSET,confirmed-working,override,bank0;bank1
0x0745,CTGP_DB_TPP_TARGET,CTGP_DB_CTRL / OFFSET,confirmed-working,override,bank0;bank1
0x0746,CTGP_DB_MAX_TGP,CTGP_DB_CTRL / OFFSET,confirmed-working,override,bank0;bank1
0x074E,BIOS_OEM,BIOS_OEM (FN_LOCK_STATUS),confirmed-working,scalar-name,bank0;bank1
0x0765,SUPPORT_1,SUPPORT_1,absent,scalar-name,bank0;bank1
0x0766,SUPPORT_2,SUPPORT_2,present-untested,scalar-name,bank0;bank1
0x0767,TRIGGER,TRIGGER,confirmed-working,scalar-name,bank0;bank1
0x0768,SWITCH_STATUS,SWITCH_STATUS (SUPER_KEY_LOCK_STATUS),confirmed-working,scalar-name,bank0;bank1
0x0726,OEM_9,OEM_9 (AC_AUTO_BOOT_ENABLE),absent,scalar-name,bank0;bank1
0x07A6,OEM_4_CHARGING_PROFILE,OEM_4 (CHARGING_PROFILE_MASK),confirmed-working-partially,override,bank0;bank1
0x07B9,CHARGE_CTRL,CHARGE_CTRL (numeric threshold),unknown-not-absent,scalar-name,bank0;bank1
0x07D0,DBD1,DBD1 (DSDT name; ECSpec calls the same byte BATTERY_CHARGE_LIMIT_DOWN),unknown-not-absent-DO-NOT-WRITE-BLIND,scalar-name,bank0;bank1
0x07D1,DBD2,"DBD2 (DSDT name; no vendor constant, no committed Windows writer)",unknown-not-absent-DO-NOT-WRITE-BLIND,scalar-name,bank0;bank1
0x0748,LIGHTBAR_AC_CTRL,LIGHTBAR_AC_CTRL / RED / GREEN / BLUE,confirmed-not-this-mechanism,name-split,bank0;bank1
0x0749,LIGHTBAR_AC_CTRL_RED,LIGHTBAR_AC_CTRL / RED / GREEN / BLUE,confirmed-not-this-mechanism,name-split,bank0;bank1
0x074A,LIGHTBAR_AC_CTRL_GREEN,LIGHTBAR_AC_CTRL / RED / GREEN / BLUE,confirmed-not-this-mechanism,name-split,bank0;bank1
0x074B,LIGHTBAR_AC_CTRL_BLUE,LIGHTBAR_AC_CTRL / RED / GREEN / BLUE,confirmed-not-this-mechanism,name-split,bank0;bank1
0x07E2,LIGHTBAR_BAT_CTRL,LIGHTBAR_BAT_CTRL / RED / GREEN / BLUE,unknown-not-absent,name-split,bank0;bank1
0x07E3,LIGHTBAR_BAT_CTRL_RED,LIGHTBAR_BAT_CTRL / RED / GREEN / BLUE,unknown-not-absent,name-split,bank0;bank1
0x07E4,LIGHTBAR_BAT_CTRL_GREEN,LIGHTBAR_BAT_CTRL / RED / GREEN / BLUE,unknown-not-absent,name-split,bank0;bank1
0x07E5,LIGHTBAR_BAT_CTRL_BLUE,LIGHTBAR_BAT_CTRL / RED / GREEN / BLUE,unknown-not-absent,name-split,bank0;bank1
0x078C,KBD_STATUS,KBD_STATUS,present-untested,scalar-name,bank0;bank1
0x07CC,USB_C_POWER_PRIORITY,USB_C_POWER_PRIORITY,present-untested,scalar-name,bank0;bank1
0x043E,CPU_TEMP,CPU_TEMP,confirmed-working,scalar-name,bank0;bank1
0x044F,GPU_TEMP,GPU_TEMP,confirmed-working,scalar-name,bank0;bank1
0x0400,BAT_POWER_UNIT_0,BAT_POWER_UNIT,present-untested,override,bank0;bank1
0x0401,BAT_POWER_UNIT_1,BAT_POWER_UNIT,present-untested,override,bank0;bank1
0x0402,BAT_DESIGN_CAPACITY_0,BAT_DESIGN_CAPACITY,present-untested,override,bank0;bank1
0x0403,BAT_DESIGN_CAPACITY_1,BAT_DESIGN_CAPACITY,present-untested,override,bank0;bank1
0x0390,XDATA_0390,XDATA_0390,present-untested,scalar-name,bank0;bank1
0x0404,BAT_FULL_CAPACITY_1,BAT_FULL_CAPACITY_1,present-untested,scalar-name,bank0;bank1
0x0408,BAT_DESIGN_VOLTAGE_1,BAT_DESIGN_VOLTAGE_1,present-untested,scalar-name,bank0;bank1
0x040A,XDATA_040A,XDATA_040A,present-untested,scalar-name,bank0;bank1
0x040C,XDATA_040C,XDATA_040C,present-untested,scalar-name,bank0;bank1
0x040E,XDATA_040E,XDATA_040E,present-untested,scalar-name,bank0;bank1
0x0410,XDATA_0410,XDATA_0410,present-untested,scalar-name,bank0;bank1
0x0420,XDATA_0420,XDATA_0420,present-untested,scalar-name,bank0;bank1
0x0432,BAT_STATUS_1,BAT_STATUS_1,present-untested,scalar-name,bank0;bank1
0x0434,BAT_CURRENT_MA_0,BAT_CURRENT_MA,present-untested,override,bank0;bank1
0x0435,BAT_CURRENT_MA_1,BAT_CURRENT_MA,present-untested,override,bank0;bank1
0x0436,XDATA_0436_0,XDATA_0436_PAIR,present-untested,override,bank0;bank1
0x0437,XDATA_0436_1,XDATA_0436_PAIR,present-untested,override,bank0;bank1
0x0438,BAT_VOLTAGE_MV_0,BAT_VOLTAGE_MV,present-untested,override,bank0;bank1
0x0439,BAT_VOLTAGE_MV_1,BAT_VOLTAGE_MV,present-untested,override,bank0;bank1
0x043A,XDATA_043A,XDATA_043A,present-untested,scalar-name,bank0;bank1
0x043C,XDATA_043C,XDATA_043C,present-untested,scalar-name,bank0;bank1
0x043D,XDATA_043D,XDATA_043D,present-untested,scalar-name,bank0;bank1
0x043F,XDATA_043F,XDATA_043F,present-untested,scalar-name,bank0;bank1
0x0440,XDATA_0440,XDATA_0440,present-untested,scalar-name,bank0;bank1
0x0442,XDATA_0442,XDATA_0442,present-untested,scalar-name,bank0;bank1
0x0443,XDATA_0443,XDATA_0443,present-untested,scalar-name,bank0;bank1
0x0448,XDATA_0448,XDATA_0448,present-untested,scalar-name,bank0;bank1
0x0449,XDATA_0449,XDATA_0449,present-untested,scalar-name,bank0;bank1
0x044B,XDATA_044B,XDATA_044B,present-untested,scalar-name,bank0;bank1
0x044C,XDATA_044C,XDATA_044C,present-untested,scalar-name,bank0;bank1
0x0450,XDATA_0450,XDATA_0450,present-untested,scalar-name,bank0;bank1
0x0451,XDATA_0451,XDATA_0451,present-untested,scalar-name,bank0;bank1
0x0452,XDATA_0452,XDATA_0452,present-untested,scalar-name,bank0;bank1
0x0454,XDATA_0454,XDATA_0454,present-untested,scalar-name,bank0;bank1
0x0455,XDATA_0455,XDATA_0455,present-untested,scalar-name,bank0;bank1
0x0456,SYSTEM_ID,SYSTEM_ID,present-untested,scalar-name,bank0;bank1
0x0457,XDATA_0457,XDATA_0457,present-untested,scalar-name,bank0;bank1
0x0458,XDATA_0458,XDATA_0458,present-untested,scalar-name,bank0;bank1
0x0459,XDATA_0459,XDATA_0459,present-untested,scalar-name,bank0;bank1
0x045A,XDATA_045A,XDATA_045A,present-untested,scalar-name,bank0;bank1
0x045B,XDATA_045B,XDATA_045B,present-untested,scalar-name,bank0;bank1
0x045C,XDATA_045C,XDATA_045C,present-untested,scalar-name,bank0;bank1
0x045D,XDATA_045D,XDATA_045D,present-untested,scalar-name,bank0;bank1
0x045E,XDATA_045E,XDATA_045E,present-untested,scalar-name,bank0;bank1
0x045F,XDATA_045F,XDATA_045F,present-untested,scalar-name,bank0;bank1
0x04A6,BAT_CYCLE_COUNT_0,BAT_CYCLE_COUNT,confirmed-working,override,bank0;bank1
0x04A7,BAT_CYCLE_COUNT_1,BAT_CYCLE_COUNT,confirmed-working,override,bank0;bank1
0x0522,CHARGE_TARGET_MV_0,CHARGE_TARGET_MV (charger constant-voltage target),confirmed-working,override,bank0;bank1
0x0523,CHARGE_TARGET_MV_1,CHARGE_TARGET_MV (charger constant-voltage target),confirmed-working,override,bank0;bank1
0x030E,SBS_CHARGING_VOLTAGE_0,SBS_CHARGING_VOLTAGE (pack-requested charge voltage),present-untested,override,bank0;bank1
0x030F,SBS_CHARGING_VOLTAGE_1,SBS_CHARGING_VOLTAGE (pack-requested charge voltage),present-untested,override,bank0;bank1
0x0783,CPU_PL1,CPU_PL1 / PL2 / PL4 (APL1/APL2/APL4),present-untested,name-split,bank0;bank1
0x0784,CPU_PL1_PL2,CPU_PL1 / PL2 / PL4 (APL1/APL2/APL4),present-untested,name-split,bank0;bank1
0x0785,CPU_PL1_PL4,CPU_PL1 / PL2 / PL4 (APL1/APL2/APL4),present-untested,name-split,bank0;bank1
0x0751,MANUAL_FAN_CTRL,MANUAL_FAN_CTRL (power mode / fan mode),present-untested,scalar-name,bank0;bank1
0x075B,MAIN_FAN_L_DUTY,"MAIN_FAN_L_DUTY (fan duty, published to the Control Center)",present-untested,scalar-name,bank0;bank1
0x075C,MAIN_FAN_R_DUTY,"MAIN_FAN_R_DUTY (fan duty, published to the Control Center)",present-untested,scalar-name,bank0;bank1
0x0782,BIOS_OEM_2,BIOS_OEM_2 (DEFAULT_MODE / FAN_QKEY / FAN_TABLE_OFFICE_MODE),present-untested,scalar-name,bank0;bank1
0x049F,BIOS_INFO_3,BIOS_INFO_3 (Turbo mode supported),present-untested,scalar-name,bank0;bank1
0x0730,MODE_PL_DEFAULTS_GAMING_PL1_0,MODE_PL_DEFAULTS (per-mode PL1/PL2/PL4/D-state defaults),present-untested,override,bank0;bank1
0x0731,MODE_PL_DEFAULTS_GAMING_PL2_1,MODE_PL_DEFAULTS (per-mode PL1/PL2/PL4/D-state defaults),present-untested,override,bank0;bank1
0x0732,MODE_PL_DEFAULTS_GAMING_PL4_2,MODE_PL_DEFAULTS (per-mode PL1/PL2/PL4/D-state defaults),present-untested,override,bank0;bank1
0x0733,MODE_PL_DEFAULTS_GAMING_DSTATE_3,MODE_PL_DEFAULTS (per-mode PL1/PL2/PL4/D-state defaults),present-untested,override,bank0;bank1
0x0734,MODE_PL_DEFAULTS_OFFICE_PL1_4,MODE_PL_DEFAULTS (per-mode PL1/PL2/PL4/D-state defaults),present-untested,override,bank0;bank1
0x0735,MODE_PL_DEFAULTS_OFFICE_PL2_5,MODE_PL_DEFAULTS (per-mode PL1/PL2/PL4/D-state defaults),present-untested,override,bank0;bank1
0x0736,MODE_PL_DEFAULTS_OFFICE_PL4_6,MODE_PL_DEFAULTS (per-mode PL1/PL2/PL4/D-state defaults),present-untested,override,bank0;bank1
0x0737,MODE_PL_DEFAULTS_OFFICE_DSTATE_7,MODE_PL_DEFAULTS (per-mode PL1/PL2/PL4/D-state defaults),present-untested,override,bank0;bank1
0x07A7,MODE_PL_DEFAULTS_TURBO_PL1_8,MODE_PL_DEFAULTS (per-mode PL1/PL2/PL4/D-state defaults),present-untested,override,bank0;bank1
0x07A8,MODE_PL_DEFAULTS_TURBO_PL2_9,MODE_PL_DEFAULTS (per-mode PL1/PL2/PL4/D-state defaults),present-untested,override,bank0;bank1
0x07A9,MODE_PL_DEFAULTS_TURBO_PL4_10,MODE_PL_DEFAULTS (per-mode PL1/PL2/PL4/D-state defaults),present-untested,override,bank0;bank1
0x07AA,MODE_PL_DEFAULTS_TURBO_DSTATE_11,MODE_PL_DEFAULTS (per-mode PL1/PL2/PL4/D-state defaults),present-untested,override,bank0;bank1
0x07D8,MODE_TCC_OFFSET_DEFAULTS_GAMING_0,MODE_TCC_OFFSET_DEFAULTS,present-untested,override,bank0;bank1
0x07D9,MODE_TCC_OFFSET_DEFAULTS_OFFICE_1,MODE_TCC_OFFSET_DEFAULTS,present-untested,override,bank0;bank1
0x07DA,MODE_TCC_OFFSET_DEFAULTS_TURBO_2,MODE_TCC_OFFSET_DEFAULTS,present-untested,override,bank0;bank1
0x0786,CPU_TCC_OFFSET,CPU_TCC_OFFSET (APTC/APTN),present-untested,scalar-name,bank0;bank1
0x07C6,AP_OEM_6,AP_OEM_6 (whisper status / universal fan control),present-untested,scalar-name,bank0;bank1
0x08A0,XDATA_08A0,XDATA_08A0,present-untested,scalar-name,bank0;bank1
0x08A2,XDATA_08A2,XDATA_08A2,present-untested,scalar-name,bank0;bank1
0x08EB,XDATA_08EB,XDATA_08EB,present-untested,scalar-name,bank0;bank1
0x089E,XDATA_089E,XDATA_089E,present-untested,scalar-name,bank0;bank1
0x089F,XDATA_089F,XDATA_089F,present-untested,scalar-name,bank0;bank1
0x09E6,XDATA_09E6,XDATA_09E6,present-untested,scalar-name,bank0;bank1
0x09E7,XDATA_09E7,XDATA_09E7,present-untested,scalar-name,bank0;bank1
0x0460,XDATA_0460,XDATA_0460,present-untested,scalar-name,bank0;bank1
0x0468,XDATA_0468,XDATA_0468,present-untested,scalar-name,bank0;bank1
0x055F,XDATA_055F,XDATA_055F,present-untested,scalar-name,bank0;bank1
0x0621,XDATA_0621,XDATA_0621,present-untested,scalar-name,bank0;bank1
0x0635,XDATA_0635,XDATA_0635,present-untested,scalar-name,bank0;bank1
0x0636,XDATA_0636,XDATA_0636,present-untested,scalar-name,bank0;bank1
0x0637,XDATA_0637,XDATA_0637,present-untested,scalar-name,bank0;bank1
0x0638,XDATA_0638,XDATA_0638,present-untested,scalar-name,bank0;bank1
0x0639,XDATA_0639,XDATA_0639,present-untested,scalar-name,bank0;bank1
0x063A,XDATA_063A,XDATA_063A,present-untested,scalar-name,bank0;bank1
0x06C2,XDATA_06C2,XDATA_06C2,present-untested,scalar-name,bank0;bank1
0x06C3,XDATA_06C3,XDATA_06C3,present-untested,scalar-name,bank0;bank1
0x06C5,XDATA_06C5,XDATA_06C5,present-untested,scalar-name,bank0;bank1
0x06D1,XDATA_06D1,XDATA_06D1,present-untested,scalar-name,bank0;bank1
0x06D2,XDATA_06D2,XDATA_06D2,present-untested,scalar-name,bank0;bank1
0x06D6,XDATA_06D6,XDATA_06D6,present-untested,scalar-name,bank0;bank1
0x06D8,XDATA_06D8,XDATA_06D8,present-untested,scalar-name,bank0;bank1
0x06D9,XDATA_06D9,XDATA_06D9,present-untested,scalar-name,bank0;bank1
0x06DA,XDATA_06DA,XDATA_06DA,present-untested,scalar-name,bank0;bank1
0x06DB,XDATA_06DB,XDATA_06DB,present-untested,scalar-name,bank0;bank1
0x06F3,XDATA_06F3,XDATA_06F3,present-untested,scalar-name,bank0;bank1
0x0706,XDATA_0706,XDATA_0706,present-untested,scalar-name,bank0;bank1
0x070B,XDATA_070B,XDATA_070B,present-untested,scalar-name,bank0;bank1
0x070D,XDATA_070D,XDATA_070D,present-untested,scalar-name,bank0;bank1
0x0723,XDATA_0723,XDATA_0723,present-untested,scalar-name,bank0;bank1
0x07F3,XDATA_07F3,XDATA_07F3,present-untested,scalar-name,bank0;bank1
0x07F6,XDATA_07F6,XDATA_07F6,present-untested,scalar-name,bank0;bank1
0x0809,XDATA_0809,XDATA_0809,present-untested,scalar-name,bank0;bank1
0x080C,XDATA_080C,XDATA_080C,present-untested,scalar-name,bank0;bank1
0x080D,XDATA_080D,XDATA_080D,present-untested,scalar-name,bank0;bank1
0x0811,XDATA_0811,XDATA_0811,present-untested,scalar-name,bank0;bank1
0x0843,XDATA_0843,XDATA_0843,present-untested,scalar-name,bank0;bank1
0x0844,XDATA_0844,XDATA_0844,present-untested,scalar-name,bank0;bank1
0x085B,XDATA_085B,XDATA_085B,present-untested,scalar-name,bank0;bank1
0x0890,XDATA_0890,XDATA_0890,present-untested,scalar-name,bank0;bank1
0x08A7,XDATA_08A7,XDATA_08A7,present-untested,scalar-name,bank0;bank1
0x08A8,XDATA_08A8,XDATA_08A8,present-untested,scalar-name,bank0;bank1
0x08E4,XDATA_08E4,XDATA_08E4,present-untested,scalar-name,bank0;bank1
0x0981,XDATA_0981,XDATA_0981,present-untested,scalar-name,bank0;bank1
0x0982,XDATA_0982,XDATA_0982,present-untested,scalar-name,bank0;bank1
0x0985,XDATA_0985,XDATA_0985,present-untested,scalar-name,bank0;bank1
0x0986,XDATA_0986,XDATA_0986,present-untested,scalar-name,bank0;bank1
0x09CE,XDATA_09CE,XDATA_09CE,present-untested,scalar-name,bank0;bank1
0x0860,XDATA_0860,XDATA_0860,present-untested,scalar-name,bank0;bank1
0x0862,XDATA_0862,XDATA_0862,present-untested,scalar-name,bank0;bank1
0x0865,XDATA_0865,XDATA_0865,present-untested,scalar-name,bank0;bank1
0x0866,XDATA_0866,XDATA_0866,present-untested,scalar-name,bank0;bank1
0x0867,XDATA_0867,XDATA_0867,present-untested,scalar-name,bank0;bank1
0x0868,XDATA_0868,XDATA_0868,present-untested,scalar-name,bank0;bank1
0x0869,XDATA_0869,XDATA_0869,present-untested,scalar-name,bank0;bank1
0x086A,XDATA_086A,XDATA_086A,present-untested,scalar-name,bank0;bank1
0x086B,XDATA_086B,XDATA_086B,present-untested,scalar-name,bank0;bank1
0x086D,XDATA_086D,XDATA_086D,present-untested,scalar-name,bank0;bank1
0x086E,XDATA_086E,XDATA_086E,present-untested,scalar-name,bank0;bank1
0x1C39,XDATA_1C39,XDATA_1C39,present-untested,scalar-name,bank0;bank1
0x1C3A,XDATA_1C3A,XDATA_1C3A,present-untested,scalar-name,bank0;bank1
0x1F01,XDATA_1F01,XDATA_1F01,present-untested,scalar-name,bank0;bank1
0x1F07,XDATA_1F07,XDATA_1F07,present-untested,scalar-name,bank0;bank1
0x07C4,GPU_DYNAMIC_BOOST_STATUS,"GPU_DYNAMIC_BOOST_STATUS (DSDT DBEN bit 3, DBST bit 5)",present-untested,scalar-name,bank0;bank1
0x07D3,GFID,GFID (DSDT bits 4-6),present-untested,scalar-name,bank0;bank1
0x07D4,CPUA,CPUA (DSDT),present-untested,scalar-name,bank0;bank1
0x07D5,DBAP,DBAP (DSDT),present-untested,scalar-name,bank0;bank1
0x07D6,DBSP,DBSP (DSDT),unknown-not-absent,scalar-name,bank0;bank1
0x07D7,CGCT,CGCT (DSDT),unknown-not-absent,scalar-name,bank0;bank1
0x07C7,XDATA_07C7,XDATA_07C7 (no DSDT field; no direct site found),unknown-not-absent,scalar-name,bank0;bank1
0x07C8,XDATA_07C8,XDATA_07C8 (no DSDT field; no direct site found),unknown-not-absent,scalar-name,bank0;bank1
