# ec/tools/ec_timer_capture.py, read-only, ECMG window 0xfe410000 via /dev/mem
# started 2026-09-24T20:59:08.977+02:00  host mattone  kernel 7.2.7
# power: AC0.online=1 BAT0.status=Charging BAT0.capacity=97 hidpp_battery_1.online=1 hidpp_battery_1.status=Discharging ucsi-source-psy-USBC000:001.online=0 ucsi-source-psy-USBC000:001.status=Not charging
# interval 0.0005s  seconds 60.0  9 addresses: 0x06d6 0x06d9 0x04fe 0x0480 0x05f1 0x05f0 0x0490 0x0498 0x06da
# note: issue #257 arm 3, substitute: 0x1664 and 0x3202 are outside the host window, so 0x06D9 is sampled at 0.5 ms against 0x06D6 (to catch a decrement undone by bank1 0x982E, which stores 3) with the in-window bytes 0x976E/0x9817 read or write: 0x04FE 0x0480 0x05F1 0x05F0 0x0490 0x0498 0x06DA
# note: NixOS, no vendor service (Linux), uniwill_laptop loaded; loadavg at start: 10.51 6.26 4.38; operator activity on the machine not controlled or recorded
# baseline 2026-09-24T20:59:08.990+02:00: 0x06D6=0x03 0x06D9=0x03 0x04FE=0x00 0x0480=0x03 0x05F1=0x01 0x05F0=0x01 0x0490=0x0F 0x0498=0x00 0x06DA=0x00
ts,addr,old,new
2026-09-24T20:59:09.000+02:00,0x06D6,0x03,0x02
2026-09-24T20:59:09.099+02:00,0x06D6,0x02,0x01
2026-09-24T20:59:09.199+02:00,0x06D6,0x01,0x00
2026-09-24T20:59:09.299+02:00,0x06D6,0x00,0x09
2026-09-24T20:59:09.399+02:00,0x06D6,0x09,0x08
2026-09-24T20:59:09.498+02:00,0x06D6,0x08,0x07
2026-09-24T20:59:09.598+02:00,0x06D6,0x07,0x06
2026-09-24T20:59:09.698+02:00,0x06D6,0x06,0x05
2026-09-24T20:59:09.797+02:00,0x06D6,0x05,0x04
2026-09-24T20:59:09.897+02:00,0x06D6,0x04,0x03
2026-09-24T20:59:09.997+02:00,0x06D6,0x03,0x02
2026-09-24T20:59:10.097+02:00,0x06D6,0x02,0x01
2026-09-24T20:59:10.196+02:00,0x06D6,0x01,0x00
2026-09-24T20:59:10.296+02:00,0x06D6,0x00,0x09
2026-09-24T20:59:10.396+02:00,0x06D6,0x09,0x08
2026-09-24T20:59:10.496+02:00,0x06D6,0x08,0x07
2026-09-24T20:59:10.595+02:00,0x06D6,0x07,0x06
2026-09-24T20:59:10.695+02:00,0x06D6,0x06,0x05
2026-09-24T20:59:10.795+02:00,0x06D6,0x05,0x04
2026-09-24T20:59:10.895+02:00,0x06D6,0x04,0x03
2026-09-24T20:59:10.994+02:00,0x06D6,0x03,0x02
2026-09-24T20:59:11.094+02:00,0x06D6,0x02,0x01
2026-09-24T20:59:11.194+02:00,0x06D6,0x01,0x00
2026-09-24T20:59:11.294+02:00,0x06D6,0x00,0x09
2026-09-24T20:59:11.393+02:00,0x06D6,0x09,0x08
2026-09-24T20:59:11.493+02:00,0x06D6,0x08,0x07
2026-09-24T20:59:11.593+02:00,0x06D6,0x07,0x06
2026-09-24T20:59:11.693+02:00,0x06D6,0x06,0x05
2026-09-24T20:59:11.792+02:00,0x06D6,0x05,0x04
2026-09-24T20:59:11.892+02:00,0x06D6,0x04,0x03
2026-09-24T20:59:11.992+02:00,0x06D6,0x03,0x02
2026-09-24T20:59:12.092+02:00,0x06D6,0x02,0x01
2026-09-24T20:59:12.191+02:00,0x06D6,0x01,0x00
2026-09-24T20:59:12.291+02:00,0x06D6,0x00,0x09
2026-09-24T20:59:12.391+02:00,0x06D6,0x09,0x08
2026-09-24T20:59:12.490+02:00,0x06D6,0x08,0x07
2026-09-24T20:59:12.590+02:00,0x06D6,0x07,0x06
2026-09-24T20:59:12.690+02:00,0x06D6,0x06,0x05
2026-09-24T20:59:12.791+02:00,0x06D6,0x05,0x04
2026-09-24T20:59:12.889+02:00,0x06D6,0x04,0x03
2026-09-24T20:59:12.989+02:00,0x06D6,0x03,0x02
2026-09-24T20:59:13.089+02:00,0x06D6,0x02,0x01
2026-09-24T20:59:13.189+02:00,0x06D6,0x01,0x00
2026-09-24T20:59:13.288+02:00,0x06D6,0x00,0x09
2026-09-24T20:59:13.388+02:00,0x06D6,0x09,0x08
2026-09-24T20:59:13.488+02:00,0x06D6,0x08,0x07
2026-09-24T20:59:13.588+02:00,0x06D6,0x07,0x06
2026-09-24T20:59:13.687+02:00,0x06D6,0x06,0x05
2026-09-24T20:59:13.787+02:00,0x06D6,0x05,0x04
2026-09-24T20:59:13.887+02:00,0x06D6,0x04,0x03
2026-09-24T20:59:13.987+02:00,0x06D6,0x03,0x02
2026-09-24T20:59:14.086+02:00,0x06D6,0x02,0x01
2026-09-24T20:59:14.186+02:00,0x06D6,0x01,0x00
2026-09-24T20:59:14.286+02:00,0x06D6,0x00,0x09
2026-09-24T20:59:14.386+02:00,0x06D6,0x09,0x08
2026-09-24T20:59:14.485+02:00,0x06D6,0x08,0x07
2026-09-24T20:59:14.585+02:00,0x06D6,0x07,0x06
2026-09-24T20:59:14.685+02:00,0x06D6,0x06,0x05
2026-09-24T20:59:14.785+02:00,0x06D6,0x05,0x04
2026-09-24T20:59:14.884+02:00,0x06D6,0x04,0x03
2026-09-24T20:59:14.984+02:00,0x06D6,0x03,0x02
2026-09-24T20:59:15.084+02:00,0x06D6,0x02,0x01
2026-09-24T20:59:15.184+02:00,0x06D6,0x01,0x00
2026-09-24T20:59:15.283+02:00,0x06D6,0x00,0x09
2026-09-24T20:59:15.383+02:00,0x06D6,0x09,0x08
2026-09-24T20:59:15.483+02:00,0x06D6,0x08,0x07
2026-09-24T20:59:15.582+02:00,0x06D6,0x07,0x06
2026-09-24T20:59:15.682+02:00,0x06D6,0x06,0x05
2026-09-24T20:59:15.782+02:00,0x06D6,0x05,0x04
2026-09-24T20:59:15.882+02:00,0x06D6,0x04,0x03
2026-09-24T20:59:15.981+02:00,0x06D6,0x03,0x02
2026-09-24T20:59:16.081+02:00,0x06D6,0x02,0x01
2026-09-24T20:59:16.181+02:00,0x06D6,0x01,0x00
2026-09-24T20:59:16.281+02:00,0x06D6,0x00,0x09
2026-09-24T20:59:16.380+02:00,0x06D6,0x09,0x08
2026-09-24T20:59:16.480+02:00,0x06D6,0x08,0x07
2026-09-24T20:59:16.580+02:00,0x06D6,0x07,0x06
2026-09-24T20:59:16.680+02:00,0x06D6,0x06,0x05
2026-09-24T20:59:16.779+02:00,0x06D6,0x05,0x04
2026-09-24T20:59:16.879+02:00,0x06D6,0x04,0x03
2026-09-24T20:59:16.979+02:00,0x06D6,0x03,0x02
2026-09-24T20:59:17.079+02:00,0x06D6,0x02,0x01
2026-09-24T20:59:17.178+02:00,0x06D6,0x01,0x00
2026-09-24T20:59:17.278+02:00,0x06D6,0x00,0x09
2026-09-24T20:59:17.378+02:00,0x06D6,0x09,0x08
2026-09-24T20:59:17.478+02:00,0x06D6,0x08,0x07
2026-09-24T20:59:17.577+02:00,0x06D6,0x07,0x06
2026-09-24T20:59:17.677+02:00,0x06D6,0x06,0x05
2026-09-24T20:59:17.777+02:00,0x06D6,0x05,0x04
2026-09-24T20:59:17.877+02:00,0x06D6,0x04,0x03
2026-09-24T20:59:17.976+02:00,0x06D6,0x03,0x02
2026-09-24T20:59:18.076+02:00,0x06D6,0x02,0x01
2026-09-24T20:59:18.176+02:00,0x06D6,0x01,0x00
2026-09-24T20:59:18.276+02:00,0x06D6,0x00,0x09
2026-09-24T20:59:18.375+02:00,0x06D6,0x09,0x08
2026-09-24T20:59:18.475+02:00,0x06D6,0x08,0x07
2026-09-24T20:59:18.575+02:00,0x06D6,0x07,0x06
2026-09-24T20:59:18.675+02:00,0x06D6,0x06,0x05
2026-09-24T20:59:18.774+02:00,0x06D6,0x05,0x04
2026-09-24T20:59:18.874+02:00,0x06D6,0x04,0x03
2026-09-24T20:59:18.974+02:00,0x06D6,0x03,0x02
2026-09-24T20:59:19.074+02:00,0x06D6,0x02,0x01
2026-09-24T20:59:19.173+02:00,0x06D6,0x01,0x00
2026-09-24T20:59:19.273+02:00,0x06D6,0x00,0x09
2026-09-24T20:59:19.373+02:00,0x06D6,0x09,0x08
2026-09-24T20:59:19.473+02:00,0x06D6,0x08,0x07
2026-09-24T20:59:19.572+02:00,0x06D6,0x07,0x06
2026-09-24T20:59:19.672+02:00,0x06D6,0x06,0x05
2026-09-24T20:59:19.772+02:00,0x06D6,0x05,0x04
2026-09-24T20:59:19.872+02:00,0x06D6,0x04,0x03
2026-09-24T20:59:19.971+02:00,0x06D6,0x03,0x02
2026-09-24T20:59:20.071+02:00,0x06D6,0x02,0x01
2026-09-24T20:59:20.171+02:00,0x06D6,0x01,0x00
2026-09-24T20:59:20.271+02:00,0x06D6,0x00,0x09
2026-09-24T20:59:20.370+02:00,0x06D6,0x09,0x08
2026-09-24T20:59:20.470+02:00,0x06D6,0x08,0x07
2026-09-24T20:59:20.570+02:00,0x06D6,0x07,0x06
2026-09-24T20:59:20.670+02:00,0x06D6,0x06,0x05
2026-09-24T20:59:20.769+02:00,0x06D6,0x05,0x04
2026-09-24T20:59:20.869+02:00,0x06D6,0x04,0x03
2026-09-24T20:59:20.969+02:00,0x06D6,0x03,0x02
2026-09-24T20:59:21.069+02:00,0x06D6,0x02,0x01
2026-09-24T20:59:21.168+02:00,0x06D6,0x01,0x00
2026-09-24T20:59:21.268+02:00,0x06D6,0x00,0x09
2026-09-24T20:59:21.368+02:00,0x06D6,0x09,0x08
2026-09-24T20:59:21.468+02:00,0x06D6,0x08,0x07
2026-09-24T20:59:21.567+02:00,0x06D6,0x07,0x06
2026-09-24T20:59:21.667+02:00,0x06D6,0x06,0x05
2026-09-24T20:59:21.767+02:00,0x06D6,0x05,0x04
2026-09-24T20:59:21.867+02:00,0x06D6,0x04,0x03
2026-09-24T20:59:21.966+02:00,0x06D6,0x03,0x02
2026-09-24T20:59:22.066+02:00,0x06D6,0x02,0x01
2026-09-24T20:59:22.166+02:00,0x06D6,0x01,0x00
2026-09-24T20:59:22.266+02:00,0x06D6,0x00,0x09
2026-09-24T20:59:22.365+02:00,0x06D6,0x09,0x08
2026-09-24T20:59:22.465+02:00,0x06D6,0x08,0x07
2026-09-24T20:59:22.565+02:00,0x06D6,0x07,0x06
2026-09-24T20:59:22.665+02:00,0x06D6,0x06,0x05
2026-09-24T20:59:22.764+02:00,0x06D6,0x05,0x04
2026-09-24T20:59:22.864+02:00,0x06D6,0x04,0x03
2026-09-24T20:59:22.964+02:00,0x06D6,0x03,0x02
2026-09-24T20:59:23.064+02:00,0x06D6,0x02,0x01
2026-09-24T20:59:23.163+02:00,0x06D6,0x01,0x00
2026-09-24T20:59:23.263+02:00,0x06D6,0x00,0x09
2026-09-24T20:59:23.363+02:00,0x06D6,0x09,0x08
2026-09-24T20:59:23.463+02:00,0x06D6,0x08,0x07
2026-09-24T20:59:23.562+02:00,0x06D6,0x07,0x06
2026-09-24T20:59:23.662+02:00,0x06D6,0x06,0x05
2026-09-24T20:59:23.762+02:00,0x06D6,0x05,0x04
2026-09-24T20:59:23.862+02:00,0x06D6,0x04,0x03
2026-09-24T20:59:23.961+02:00,0x06D6,0x03,0x02
2026-09-24T20:59:24.061+02:00,0x06D6,0x02,0x01
2026-09-24T20:59:24.161+02:00,0x06D6,0x01,0x00
2026-09-24T20:59:24.261+02:00,0x06D6,0x00,0x09
2026-09-24T20:59:24.360+02:00,0x06D6,0x09,0x08
2026-09-24T20:59:24.460+02:00,0x06D6,0x08,0x07
2026-09-24T20:59:24.560+02:00,0x06D6,0x07,0x06
2026-09-24T20:59:24.660+02:00,0x06D6,0x06,0x05
2026-09-24T20:59:24.759+02:00,0x06D6,0x05,0x04
2026-09-24T20:59:24.859+02:00,0x06D6,0x04,0x03
2026-09-24T20:59:24.959+02:00,0x06D6,0x03,0x02
2026-09-24T20:59:25.059+02:00,0x06D6,0x02,0x01
2026-09-24T20:59:25.158+02:00,0x06D6,0x01,0x00
2026-09-24T20:59:25.258+02:00,0x06D6,0x00,0x09
2026-09-24T20:59:25.358+02:00,0x06D6,0x09,0x08
2026-09-24T20:59:25.458+02:00,0x06D6,0x08,0x07
2026-09-24T20:59:25.557+02:00,0x06D6,0x07,0x06
2026-09-24T20:59:25.657+02:00,0x06D6,0x06,0x05
2026-09-24T20:59:25.757+02:00,0x06D6,0x05,0x04
2026-09-24T20:59:25.857+02:00,0x06D6,0x04,0x03
2026-09-24T20:59:25.957+02:00,0x06D6,0x03,0x02
2026-09-24T20:59:26.056+02:00,0x06D6,0x02,0x01
2026-09-24T20:59:26.156+02:00,0x06D6,0x01,0x00
2026-09-24T20:59:26.256+02:00,0x06D6,0x00,0x09
2026-09-24T20:59:26.356+02:00,0x06D6,0x09,0x08
2026-09-24T20:59:26.455+02:00,0x06D6,0x08,0x07
2026-09-24T20:59:26.555+02:00,0x06D6,0x07,0x06
2026-09-24T20:59:26.655+02:00,0x06D6,0x06,0x05
2026-09-24T20:59:26.755+02:00,0x06D6,0x05,0x04
2026-09-24T20:59:26.854+02:00,0x06D6,0x04,0x03
2026-09-24T20:59:26.954+02:00,0x06D6,0x03,0x02
2026-09-24T20:59:27.054+02:00,0x06D6,0x02,0x01
2026-09-24T20:59:27.154+02:00,0x06D6,0x01,0x00
2026-09-24T20:59:27.253+02:00,0x06D6,0x00,0x09
2026-09-24T20:59:27.353+02:00,0x06D6,0x09,0x08
2026-09-24T20:59:27.453+02:00,0x06D6,0x08,0x07
2026-09-24T20:59:27.553+02:00,0x06D6,0x07,0x06
2026-09-24T20:59:27.652+02:00,0x06D6,0x06,0x05
2026-09-24T20:59:27.752+02:00,0x06D6,0x05,0x04
2026-09-24T20:59:27.852+02:00,0x06D6,0x04,0x03
2026-09-24T20:59:27.952+02:00,0x06D6,0x03,0x02
2026-09-24T20:59:28.051+02:00,0x06D6,0x02,0x01
2026-09-24T20:59:28.151+02:00,0x06D6,0x01,0x00
2026-09-24T20:59:28.251+02:00,0x06D6,0x00,0x09
2026-09-24T20:59:28.351+02:00,0x06D6,0x09,0x08
2026-09-24T20:59:28.450+02:00,0x06D6,0x08,0x07
2026-09-24T20:59:28.550+02:00,0x06D6,0x07,0x06
2026-09-24T20:59:28.650+02:00,0x06D6,0x06,0x05
2026-09-24T20:59:28.750+02:00,0x06D6,0x05,0x04
2026-09-24T20:59:28.849+02:00,0x06D6,0x04,0x03
2026-09-24T20:59:28.949+02:00,0x06D6,0x03,0x02
2026-09-24T20:59:29.049+02:00,0x06D6,0x02,0x01
2026-09-24T20:59:29.149+02:00,0x06D6,0x01,0x00
2026-09-24T20:59:29.248+02:00,0x06D6,0x00,0x09
2026-09-24T20:59:29.348+02:00,0x06D6,0x09,0x08
2026-09-24T20:59:29.448+02:00,0x06D6,0x08,0x07
2026-09-24T20:59:29.548+02:00,0x06D6,0x07,0x06
2026-09-24T20:59:29.647+02:00,0x06D6,0x06,0x05
2026-09-24T20:59:29.747+02:00,0x06D6,0x05,0x04
2026-09-24T20:59:29.847+02:00,0x06D6,0x04,0x03
2026-09-24T20:59:29.947+02:00,0x06D6,0x03,0x02
2026-09-24T20:59:30.046+02:00,0x06D6,0x02,0x01
2026-09-24T20:59:30.146+02:00,0x06D6,0x01,0x00
2026-09-24T20:59:30.246+02:00,0x06D6,0x00,0x09
2026-09-24T20:59:30.346+02:00,0x06D6,0x09,0x08
2026-09-24T20:59:30.445+02:00,0x06D6,0x08,0x07
2026-09-24T20:59:30.545+02:00,0x06D6,0x07,0x06
2026-09-24T20:59:30.645+02:00,0x06D6,0x06,0x05
2026-09-24T20:59:30.745+02:00,0x06D6,0x05,0x04
2026-09-24T20:59:30.844+02:00,0x06D6,0x04,0x03
2026-09-24T20:59:30.944+02:00,0x06D6,0x03,0x02
2026-09-24T20:59:31.044+02:00,0x06D6,0x02,0x01
2026-09-24T20:59:31.144+02:00,0x06D6,0x01,0x00
2026-09-24T20:59:31.243+02:00,0x06D6,0x00,0x09
2026-09-24T20:59:31.343+02:00,0x06D6,0x09,0x08
2026-09-24T20:59:31.443+02:00,0x06D6,0x08,0x07
2026-09-24T20:59:31.543+02:00,0x06D6,0x07,0x06
2026-09-24T20:59:31.642+02:00,0x06D6,0x06,0x05
2026-09-24T20:59:31.742+02:00,0x06D6,0x05,0x04
2026-09-24T20:59:31.842+02:00,0x06D6,0x04,0x03
2026-09-24T20:59:31.942+02:00,0x06D6,0x03,0x02
2026-09-24T20:59:32.041+02:00,0x06D6,0x02,0x01
2026-09-24T20:59:32.141+02:00,0x06D6,0x01,0x00
2026-09-24T20:59:32.241+02:00,0x06D6,0x00,0x09
2026-09-24T20:59:32.340+02:00,0x06D6,0x09,0x08
2026-09-24T20:59:32.440+02:00,0x06D6,0x08,0x07
2026-09-24T20:59:32.540+02:00,0x06D6,0x07,0x06
2026-09-24T20:59:32.640+02:00,0x06D6,0x06,0x05
2026-09-24T20:59:32.739+02:00,0x06D6,0x05,0x04
2026-09-24T20:59:32.839+02:00,0x06D6,0x04,0x03
2026-09-24T20:59:32.939+02:00,0x06D6,0x03,0x02
2026-09-24T20:59:33.039+02:00,0x06D6,0x02,0x01
2026-09-24T20:59:33.138+02:00,0x06D6,0x01,0x00
2026-09-24T20:59:33.238+02:00,0x06D6,0x00,0x09
2026-09-24T20:59:33.338+02:00,0x06D6,0x09,0x08
2026-09-24T20:59:33.438+02:00,0x06D6,0x08,0x07
2026-09-24T20:59:33.537+02:00,0x06D6,0x07,0x06
2026-09-24T20:59:33.637+02:00,0x06D6,0x06,0x05
2026-09-24T20:59:33.737+02:00,0x06D6,0x05,0x04
2026-09-24T20:59:33.837+02:00,0x06D6,0x04,0x03
2026-09-24T20:59:33.936+02:00,0x06D6,0x03,0x02
2026-09-24T20:59:34.036+02:00,0x06D6,0x02,0x01
2026-09-24T20:59:34.136+02:00,0x06D6,0x01,0x00
2026-09-24T20:59:34.236+02:00,0x06D6,0x00,0x09
2026-09-24T20:59:34.335+02:00,0x06D6,0x09,0x08
2026-09-24T20:59:34.435+02:00,0x06D6,0x08,0x07
2026-09-24T20:59:34.535+02:00,0x06D6,0x07,0x06
2026-09-24T20:59:34.635+02:00,0x06D6,0x06,0x05
2026-09-24T20:59:34.734+02:00,0x06D6,0x05,0x04
2026-09-24T20:59:34.834+02:00,0x06D6,0x04,0x03
2026-09-24T20:59:34.934+02:00,0x06D6,0x03,0x02
2026-09-24T20:59:35.034+02:00,0x06D6,0x02,0x01
2026-09-24T20:59:35.133+02:00,0x06D6,0x01,0x00
2026-09-24T20:59:35.233+02:00,0x06D6,0x00,0x09
2026-09-24T20:59:35.333+02:00,0x06D6,0x09,0x08
2026-09-24T20:59:35.433+02:00,0x06D6,0x08,0x07
2026-09-24T20:59:35.532+02:00,0x06D6,0x07,0x06
2026-09-24T20:59:35.632+02:00,0x06D6,0x06,0x05
2026-09-24T20:59:35.732+02:00,0x06D6,0x05,0x04
2026-09-24T20:59:35.831+02:00,0x06D6,0x04,0x03
2026-09-24T20:59:35.931+02:00,0x06D6,0x03,0x02
2026-09-24T20:59:36.031+02:00,0x06D6,0x02,0x01
2026-09-24T20:59:36.131+02:00,0x06D6,0x01,0x00
2026-09-24T20:59:36.230+02:00,0x06D6,0x00,0x09
2026-09-24T20:59:36.330+02:00,0x06D6,0x09,0x08
2026-09-24T20:59:36.430+02:00,0x06D6,0x08,0x07
2026-09-24T20:59:36.530+02:00,0x06D6,0x07,0x06
2026-09-24T20:59:36.629+02:00,0x06D6,0x06,0x05
2026-09-24T20:59:36.729+02:00,0x06D6,0x05,0x04
2026-09-24T20:59:36.829+02:00,0x06D6,0x04,0x03
2026-09-24T20:59:36.929+02:00,0x06D6,0x03,0x02
2026-09-24T20:59:37.028+02:00,0x06D6,0x02,0x01
2026-09-24T20:59:37.128+02:00,0x06D6,0x01,0x00
2026-09-24T20:59:37.228+02:00,0x06D6,0x00,0x09
2026-09-24T20:59:37.328+02:00,0x06D6,0x09,0x08
2026-09-24T20:59:37.427+02:00,0x06D6,0x08,0x07
2026-09-24T20:59:37.527+02:00,0x06D6,0x07,0x06
2026-09-24T20:59:37.627+02:00,0x06D6,0x06,0x05
2026-09-24T20:59:37.727+02:00,0x06D6,0x05,0x04
2026-09-24T20:59:37.826+02:00,0x06D6,0x04,0x03
2026-09-24T20:59:37.926+02:00,0x06D6,0x03,0x02
2026-09-24T20:59:38.026+02:00,0x06D6,0x02,0x01
2026-09-24T20:59:38.126+02:00,0x06D6,0x01,0x00
2026-09-24T20:59:38.225+02:00,0x06D6,0x00,0x09
2026-09-24T20:59:38.325+02:00,0x06D6,0x09,0x08
2026-09-24T20:59:38.425+02:00,0x06D6,0x08,0x07
2026-09-24T20:59:38.525+02:00,0x06D6,0x07,0x06
2026-09-24T20:59:38.624+02:00,0x06D6,0x06,0x05
2026-09-24T20:59:38.724+02:00,0x06D6,0x05,0x04
2026-09-24T20:59:38.824+02:00,0x06D6,0x04,0x03
2026-09-24T20:59:38.923+02:00,0x06D6,0x03,0x02
2026-09-24T20:59:39.023+02:00,0x06D6,0x02,0x01
2026-09-24T20:59:39.123+02:00,0x06D6,0x01,0x00
2026-09-24T20:59:39.223+02:00,0x06D6,0x00,0x09
2026-09-24T20:59:39.322+02:00,0x06D6,0x09,0x08
2026-09-24T20:59:39.422+02:00,0x06D6,0x08,0x07
2026-09-24T20:59:39.522+02:00,0x06D6,0x07,0x06
2026-09-24T20:59:39.622+02:00,0x06D6,0x06,0x05
2026-09-24T20:59:39.721+02:00,0x06D6,0x05,0x04
2026-09-24T20:59:39.821+02:00,0x06D6,0x04,0x03
2026-09-24T20:59:39.921+02:00,0x06D6,0x03,0x02
2026-09-24T20:59:40.021+02:00,0x06D6,0x02,0x01
2026-09-24T20:59:40.120+02:00,0x06D6,0x01,0x00
2026-09-24T20:59:40.220+02:00,0x06D6,0x00,0x09
2026-09-24T20:59:40.320+02:00,0x06D6,0x09,0x08
2026-09-24T20:59:40.420+02:00,0x06D6,0x08,0x07
2026-09-24T20:59:40.519+02:00,0x06D6,0x07,0x06
2026-09-24T20:59:40.619+02:00,0x06D6,0x06,0x05
2026-09-24T20:59:40.719+02:00,0x06D6,0x05,0x04
2026-09-24T20:59:40.819+02:00,0x06D6,0x04,0x03
2026-09-24T20:59:40.918+02:00,0x06D6,0x03,0x02
2026-09-24T20:59:41.018+02:00,0x06D6,0x02,0x01
2026-09-24T20:59:41.118+02:00,0x06D6,0x01,0x00
2026-09-24T20:59:41.218+02:00,0x06D6,0x00,0x09
2026-09-24T20:59:41.317+02:00,0x06D6,0x09,0x08
2026-09-24T20:59:41.417+02:00,0x06D6,0x08,0x07
2026-09-24T20:59:41.517+02:00,0x06D6,0x07,0x06
2026-09-24T20:59:41.617+02:00,0x06D6,0x06,0x05
2026-09-24T20:59:41.716+02:00,0x06D6,0x05,0x04
2026-09-24T20:59:41.816+02:00,0x06D6,0x04,0x03
2026-09-24T20:59:41.916+02:00,0x06D6,0x03,0x02
2026-09-24T20:59:42.016+02:00,0x06D6,0x02,0x01
2026-09-24T20:59:42.115+02:00,0x06D6,0x01,0x00
2026-09-24T20:59:42.215+02:00,0x06D6,0x00,0x09
2026-09-24T20:59:42.315+02:00,0x06D6,0x09,0x08
2026-09-24T20:59:42.414+02:00,0x06D6,0x08,0x07
2026-09-24T20:59:42.514+02:00,0x06D6,0x07,0x06
2026-09-24T20:59:42.614+02:00,0x06D6,0x06,0x05
2026-09-24T20:59:42.714+02:00,0x06D6,0x05,0x04
2026-09-24T20:59:42.813+02:00,0x06D6,0x04,0x03
2026-09-24T20:59:42.913+02:00,0x06D6,0x03,0x02
2026-09-24T20:59:43.013+02:00,0x06D6,0x02,0x01
2026-09-24T20:59:43.113+02:00,0x06D6,0x01,0x00
2026-09-24T20:59:43.212+02:00,0x06D6,0x00,0x09
2026-09-24T20:59:43.312+02:00,0x06D6,0x09,0x08
2026-09-24T20:59:43.412+02:00,0x06D6,0x08,0x07
2026-09-24T20:59:43.512+02:00,0x06D6,0x07,0x06
2026-09-24T20:59:43.611+02:00,0x06D6,0x06,0x05
2026-09-24T20:59:43.711+02:00,0x06D6,0x05,0x04
2026-09-24T20:59:43.811+02:00,0x06D6,0x04,0x03
2026-09-24T20:59:43.911+02:00,0x06D6,0x03,0x02
2026-09-24T20:59:44.011+02:00,0x06D6,0x02,0x01
2026-09-24T20:59:44.110+02:00,0x06D6,0x01,0x00
2026-09-24T20:59:44.210+02:00,0x06D6,0x00,0x09
2026-09-24T20:59:44.310+02:00,0x06D6,0x09,0x08
2026-09-24T20:59:44.410+02:00,0x06D6,0x08,0x07
2026-09-24T20:59:44.509+02:00,0x06D6,0x07,0x06
2026-09-24T20:59:44.609+02:00,0x06D6,0x06,0x05
2026-09-24T20:59:44.709+02:00,0x06D6,0x05,0x04
2026-09-24T20:59:44.809+02:00,0x06D6,0x04,0x03
2026-09-24T20:59:44.908+02:00,0x06D6,0x03,0x02
2026-09-24T20:59:45.008+02:00,0x06D6,0x02,0x01
2026-09-24T20:59:45.108+02:00,0x06D6,0x01,0x00
2026-09-24T20:59:45.207+02:00,0x06D6,0x00,0x09
2026-09-24T20:59:45.307+02:00,0x06D6,0x09,0x08
2026-09-24T20:59:45.407+02:00,0x06D6,0x08,0x07
2026-09-24T20:59:45.507+02:00,0x06D6,0x07,0x06
2026-09-24T20:59:45.606+02:00,0x06D6,0x06,0x05
2026-09-24T20:59:45.706+02:00,0x06D6,0x05,0x04
2026-09-24T20:59:45.806+02:00,0x06D6,0x04,0x03
2026-09-24T20:59:45.906+02:00,0x06D6,0x03,0x02
2026-09-24T20:59:46.005+02:00,0x06D6,0x02,0x01
2026-09-24T20:59:46.105+02:00,0x06D6,0x01,0x00
2026-09-24T20:59:46.205+02:00,0x06D6,0x00,0x09
2026-09-24T20:59:46.305+02:00,0x06D6,0x09,0x08
2026-09-24T20:59:46.404+02:00,0x06D6,0x08,0x07
2026-09-24T20:59:46.504+02:00,0x06D6,0x07,0x06
2026-09-24T20:59:46.604+02:00,0x06D6,0x06,0x05
2026-09-24T20:59:46.704+02:00,0x06D6,0x05,0x04
2026-09-24T20:59:46.803+02:00,0x06D6,0x04,0x03
2026-09-24T20:59:46.903+02:00,0x06D6,0x03,0x02
2026-09-24T20:59:47.003+02:00,0x06D6,0x02,0x01
2026-09-24T20:59:47.103+02:00,0x06D6,0x01,0x00
2026-09-24T20:59:47.202+02:00,0x06D6,0x00,0x09
2026-09-24T20:59:47.302+02:00,0x06D6,0x09,0x08
2026-09-24T20:59:47.402+02:00,0x06D6,0x08,0x07
2026-09-24T20:59:47.502+02:00,0x06D6,0x07,0x06
2026-09-24T20:59:47.601+02:00,0x06D6,0x06,0x05
2026-09-24T20:59:47.701+02:00,0x06D6,0x05,0x04
2026-09-24T20:59:47.801+02:00,0x06D6,0x04,0x03
2026-09-24T20:59:47.901+02:00,0x06D6,0x03,0x02
2026-09-24T20:59:48.000+02:00,0x06D6,0x02,0x01
2026-09-24T20:59:48.100+02:00,0x06D6,0x01,0x00
2026-09-24T20:59:48.200+02:00,0x06D6,0x00,0x09
2026-09-24T20:59:48.299+02:00,0x06D6,0x09,0x08
2026-09-24T20:59:48.399+02:00,0x06D6,0x08,0x07
2026-09-24T20:59:48.499+02:00,0x06D6,0x07,0x06
2026-09-24T20:59:48.599+02:00,0x06D6,0x06,0x05
2026-09-24T20:59:48.698+02:00,0x06D6,0x05,0x04
2026-09-24T20:59:48.798+02:00,0x06D6,0x04,0x03
2026-09-24T20:59:48.898+02:00,0x06D6,0x03,0x02
2026-09-24T20:59:48.998+02:00,0x06D6,0x02,0x01
2026-09-24T20:59:49.097+02:00,0x06D6,0x01,0x00
2026-09-24T20:59:49.197+02:00,0x06D6,0x00,0x09
2026-09-24T20:59:49.297+02:00,0x06D6,0x09,0x08
2026-09-24T20:59:49.397+02:00,0x06D6,0x08,0x07
2026-09-24T20:59:49.496+02:00,0x06D6,0x07,0x06
2026-09-24T20:59:49.596+02:00,0x06D6,0x06,0x05
2026-09-24T20:59:49.696+02:00,0x06D6,0x05,0x04
2026-09-24T20:59:49.796+02:00,0x06D6,0x04,0x03
2026-09-24T20:59:49.895+02:00,0x06D6,0x03,0x02
2026-09-24T20:59:49.995+02:00,0x06D6,0x02,0x01
2026-09-24T20:59:50.095+02:00,0x06D6,0x01,0x00
2026-09-24T20:59:50.195+02:00,0x06D6,0x00,0x09
2026-09-24T20:59:50.294+02:00,0x06D6,0x09,0x08
2026-09-24T20:59:50.394+02:00,0x06D6,0x08,0x07
2026-09-24T20:59:50.494+02:00,0x06D6,0x07,0x06
2026-09-24T20:59:50.594+02:00,0x06D6,0x06,0x05
2026-09-24T20:59:50.693+02:00,0x06D6,0x05,0x04
2026-09-24T20:59:50.793+02:00,0x06D6,0x04,0x03
2026-09-24T20:59:50.893+02:00,0x06D6,0x03,0x02
2026-09-24T20:59:50.993+02:00,0x06D6,0x02,0x01
2026-09-24T20:59:51.092+02:00,0x06D6,0x01,0x00
2026-09-24T20:59:51.192+02:00,0x06D6,0x00,0x09
2026-09-24T20:59:51.292+02:00,0x06D6,0x09,0x08
2026-09-24T20:59:51.392+02:00,0x06D6,0x08,0x07
2026-09-24T20:59:51.491+02:00,0x06D6,0x07,0x06
2026-09-24T20:59:51.591+02:00,0x06D6,0x06,0x05
2026-09-24T20:59:51.691+02:00,0x06D6,0x05,0x04
2026-09-24T20:59:51.791+02:00,0x06D6,0x04,0x03
2026-09-24T20:59:51.890+02:00,0x06D6,0x03,0x02
2026-09-24T20:59:51.990+02:00,0x06D6,0x02,0x01
2026-09-24T20:59:52.090+02:00,0x06D6,0x01,0x00
2026-09-24T20:59:52.189+02:00,0x06D6,0x00,0x09
2026-09-24T20:59:52.289+02:00,0x06D6,0x09,0x08
2026-09-24T20:59:52.389+02:00,0x06D6,0x08,0x07
2026-09-24T20:59:52.489+02:00,0x06D6,0x07,0x06
2026-09-24T20:59:52.588+02:00,0x06D6,0x06,0x05
2026-09-24T20:59:52.688+02:00,0x06D6,0x05,0x04
2026-09-24T20:59:52.788+02:00,0x06D6,0x04,0x03
2026-09-24T20:59:52.888+02:00,0x06D6,0x03,0x02
2026-09-24T20:59:52.987+02:00,0x06D6,0x02,0x01
2026-09-24T20:59:53.087+02:00,0x06D6,0x01,0x00
2026-09-24T20:59:53.187+02:00,0x06D6,0x00,0x09
2026-09-24T20:59:53.287+02:00,0x06D6,0x09,0x08
2026-09-24T20:59:53.386+02:00,0x06D6,0x08,0x07
2026-09-24T20:59:53.486+02:00,0x06D6,0x07,0x06
2026-09-24T20:59:53.586+02:00,0x06D6,0x06,0x05
2026-09-24T20:59:53.686+02:00,0x06D6,0x05,0x04
2026-09-24T20:59:53.785+02:00,0x06D6,0x04,0x03
2026-09-24T20:59:53.885+02:00,0x06D6,0x03,0x02
2026-09-24T20:59:53.985+02:00,0x06D6,0x02,0x01
2026-09-24T20:59:54.085+02:00,0x06D6,0x01,0x00
2026-09-24T20:59:54.184+02:00,0x06D6,0x00,0x09
2026-09-24T20:59:54.284+02:00,0x06D6,0x09,0x08
2026-09-24T20:59:54.384+02:00,0x06D6,0x08,0x07
2026-09-24T20:59:54.484+02:00,0x06D6,0x07,0x06
2026-09-24T20:59:54.583+02:00,0x06D6,0x06,0x05
2026-09-24T20:59:54.683+02:00,0x06D6,0x05,0x04
2026-09-24T20:59:54.783+02:00,0x06D6,0x04,0x03
2026-09-24T20:59:54.883+02:00,0x06D6,0x03,0x02
2026-09-24T20:59:54.982+02:00,0x06D6,0x02,0x01
2026-09-24T20:59:55.082+02:00,0x06D6,0x01,0x00
2026-09-24T20:59:55.182+02:00,0x06D6,0x00,0x09
2026-09-24T20:59:55.282+02:00,0x06D6,0x09,0x08
2026-09-24T20:59:55.381+02:00,0x06D6,0x08,0x07
2026-09-24T20:59:55.481+02:00,0x06D6,0x07,0x06
2026-09-24T20:59:55.581+02:00,0x06D6,0x06,0x05
2026-09-24T20:59:55.681+02:00,0x06D6,0x05,0x04
2026-09-24T20:59:55.780+02:00,0x06D6,0x04,0x03
2026-09-24T20:59:55.880+02:00,0x06D6,0x03,0x02
2026-09-24T20:59:55.980+02:00,0x06D6,0x02,0x01
2026-09-24T20:59:56.080+02:00,0x06D6,0x01,0x00
2026-09-24T20:59:56.179+02:00,0x06D6,0x00,0x09
2026-09-24T20:59:56.279+02:00,0x06D6,0x09,0x08
2026-09-24T20:59:56.379+02:00,0x06D6,0x08,0x07
2026-09-24T20:59:56.478+02:00,0x06D6,0x07,0x06
2026-09-24T20:59:56.578+02:00,0x06D6,0x06,0x05
2026-09-24T20:59:56.678+02:00,0x06D6,0x05,0x04
2026-09-24T20:59:56.778+02:00,0x06D6,0x04,0x03
2026-09-24T20:59:56.877+02:00,0x06D6,0x03,0x02
2026-09-24T20:59:56.977+02:00,0x06D6,0x02,0x01
2026-09-24T20:59:57.077+02:00,0x06D6,0x01,0x00
2026-09-24T20:59:57.177+02:00,0x06D6,0x00,0x09
2026-09-24T20:59:57.276+02:00,0x06D6,0x09,0x08
2026-09-24T20:59:57.376+02:00,0x06D6,0x08,0x07
2026-09-24T20:59:57.476+02:00,0x06D6,0x07,0x06
2026-09-24T20:59:57.576+02:00,0x06D6,0x06,0x05
2026-09-24T20:59:57.675+02:00,0x06D6,0x05,0x04
2026-09-24T20:59:57.775+02:00,0x06D6,0x04,0x03
2026-09-24T20:59:57.875+02:00,0x06D6,0x03,0x02
2026-09-24T20:59:57.975+02:00,0x06D6,0x02,0x01
2026-09-24T20:59:58.074+02:00,0x06D6,0x01,0x00
2026-09-24T20:59:58.174+02:00,0x06D6,0x00,0x09
2026-09-24T20:59:58.274+02:00,0x06D6,0x09,0x08
2026-09-24T20:59:58.374+02:00,0x06D6,0x08,0x07
2026-09-24T20:59:58.473+02:00,0x06D6,0x07,0x06
2026-09-24T20:59:58.573+02:00,0x06D6,0x06,0x05
2026-09-24T20:59:58.673+02:00,0x06D6,0x05,0x04
2026-09-24T20:59:58.773+02:00,0x06D6,0x04,0x03
2026-09-24T20:59:58.872+02:00,0x06D6,0x03,0x02
2026-09-24T20:59:58.972+02:00,0x06D6,0x02,0x01
2026-09-24T20:59:59.072+02:00,0x06D6,0x01,0x00
2026-09-24T20:59:59.172+02:00,0x06D6,0x00,0x09
2026-09-24T20:59:59.271+02:00,0x06D6,0x09,0x08
2026-09-24T20:59:59.371+02:00,0x06D6,0x08,0x07
2026-09-24T20:59:59.471+02:00,0x06D6,0x07,0x06
2026-09-24T20:59:59.571+02:00,0x06D6,0x06,0x05
2026-09-24T20:59:59.670+02:00,0x06D6,0x05,0x04
2026-09-24T20:59:59.770+02:00,0x06D6,0x04,0x03
2026-09-24T20:59:59.870+02:00,0x06D6,0x03,0x02
2026-09-24T20:59:59.970+02:00,0x06D6,0x02,0x01
2026-09-24T21:00:00.069+02:00,0x06D6,0x01,0x00
2026-09-24T21:00:00.169+02:00,0x06D6,0x00,0x09
2026-09-24T21:00:00.269+02:00,0x06D6,0x09,0x08
2026-09-24T21:00:00.369+02:00,0x06D6,0x08,0x07
2026-09-24T21:00:00.468+02:00,0x06D6,0x07,0x06
2026-09-24T21:00:00.568+02:00,0x06D6,0x06,0x05
2026-09-24T21:00:00.668+02:00,0x06D6,0x05,0x04
2026-09-24T21:00:00.768+02:00,0x06D6,0x04,0x03
2026-09-24T21:00:00.867+02:00,0x06D6,0x03,0x02
2026-09-24T21:00:00.967+02:00,0x06D6,0x02,0x01
2026-09-24T21:00:01.067+02:00,0x06D6,0x01,0x00
2026-09-24T21:00:01.167+02:00,0x06D6,0x00,0x09
2026-09-24T21:00:01.266+02:00,0x06D6,0x09,0x08
2026-09-24T21:00:01.366+02:00,0x06D6,0x08,0x07
2026-09-24T21:00:01.466+02:00,0x06D6,0x07,0x06
2026-09-24T21:00:01.566+02:00,0x06D6,0x06,0x05
2026-09-24T21:00:01.665+02:00,0x06D6,0x05,0x04
2026-09-24T21:00:01.765+02:00,0x06D6,0x04,0x03
2026-09-24T21:00:01.865+02:00,0x06D6,0x03,0x02
2026-09-24T21:00:01.965+02:00,0x06D6,0x02,0x01
2026-09-24T21:00:02.064+02:00,0x06D6,0x01,0x00
2026-09-24T21:00:02.164+02:00,0x06D6,0x00,0x09
2026-09-24T21:00:02.264+02:00,0x06D6,0x09,0x08
2026-09-24T21:00:02.364+02:00,0x06D6,0x08,0x07
2026-09-24T21:00:02.463+02:00,0x06D6,0x07,0x06
2026-09-24T21:00:02.563+02:00,0x06D6,0x06,0x05
2026-09-24T21:00:02.663+02:00,0x06D6,0x05,0x04
2026-09-24T21:00:02.763+02:00,0x06D6,0x04,0x03
2026-09-24T21:00:02.862+02:00,0x06D6,0x03,0x02
2026-09-24T21:00:02.962+02:00,0x06D6,0x02,0x01
2026-09-24T21:00:03.062+02:00,0x06D6,0x01,0x00
2026-09-24T21:00:03.162+02:00,0x06D6,0x00,0x09
2026-09-24T21:00:03.261+02:00,0x06D6,0x09,0x08
2026-09-24T21:00:03.361+02:00,0x06D6,0x08,0x07
2026-09-24T21:00:03.461+02:00,0x06D6,0x07,0x06
2026-09-24T21:00:03.561+02:00,0x06D6,0x06,0x05
2026-09-24T21:00:03.661+02:00,0x06D6,0x05,0x04
2026-09-24T21:00:03.761+02:00,0x06D6,0x04,0x03
2026-09-24T21:00:03.860+02:00,0x06D6,0x03,0x02
2026-09-24T21:00:03.960+02:00,0x06D6,0x02,0x01
2026-09-24T21:00:04.060+02:00,0x06D6,0x01,0x00
2026-09-24T21:00:04.160+02:00,0x06D6,0x00,0x09
2026-09-24T21:00:04.259+02:00,0x06D6,0x09,0x08
2026-09-24T21:00:04.359+02:00,0x06D6,0x08,0x07
2026-09-24T21:00:04.459+02:00,0x06D6,0x07,0x06
2026-09-24T21:00:04.559+02:00,0x06D6,0x06,0x05
2026-09-24T21:00:04.658+02:00,0x06D6,0x05,0x04
2026-09-24T21:00:04.758+02:00,0x06D6,0x04,0x03
2026-09-24T21:00:04.858+02:00,0x06D6,0x03,0x02
2026-09-24T21:00:04.958+02:00,0x06D6,0x02,0x01
2026-09-24T21:00:05.057+02:00,0x06D6,0x01,0x00
2026-09-24T21:00:05.157+02:00,0x06D6,0x00,0x09
2026-09-24T21:00:05.257+02:00,0x06D6,0x09,0x08
2026-09-24T21:00:05.357+02:00,0x06D6,0x08,0x07
2026-09-24T21:00:05.456+02:00,0x06D6,0x07,0x06
2026-09-24T21:00:05.556+02:00,0x06D6,0x06,0x05
2026-09-24T21:00:05.656+02:00,0x06D6,0x05,0x04
2026-09-24T21:00:05.756+02:00,0x06D6,0x04,0x03
2026-09-24T21:00:05.855+02:00,0x06D6,0x03,0x02
2026-09-24T21:00:05.955+02:00,0x06D6,0x02,0x01
2026-09-24T21:00:06.055+02:00,0x06D6,0x01,0x00
2026-09-24T21:00:06.155+02:00,0x06D6,0x00,0x09
2026-09-24T21:00:06.254+02:00,0x06D6,0x09,0x08
2026-09-24T21:00:06.354+02:00,0x06D6,0x08,0x07
2026-09-24T21:00:06.454+02:00,0x06D6,0x07,0x06
2026-09-24T21:00:06.554+02:00,0x06D6,0x06,0x05
2026-09-24T21:00:06.653+02:00,0x06D6,0x05,0x04
2026-09-24T21:00:06.753+02:00,0x06D6,0x04,0x03
2026-09-24T21:00:06.853+02:00,0x06D6,0x03,0x02
2026-09-24T21:00:06.953+02:00,0x06D6,0x02,0x01
2026-09-24T21:00:07.052+02:00,0x06D6,0x01,0x00
2026-09-24T21:00:07.152+02:00,0x06D6,0x00,0x09
2026-09-24T21:00:07.252+02:00,0x06D6,0x09,0x08
2026-09-24T21:00:07.352+02:00,0x06D6,0x08,0x07
2026-09-24T21:00:07.451+02:00,0x06D6,0x07,0x06
2026-09-24T21:00:07.551+02:00,0x06D6,0x06,0x05
2026-09-24T21:00:07.651+02:00,0x06D6,0x05,0x04
2026-09-24T21:00:07.751+02:00,0x06D6,0x04,0x03
2026-09-24T21:00:07.850+02:00,0x06D6,0x03,0x02
2026-09-24T21:00:07.950+02:00,0x06D6,0x02,0x01
2026-09-24T21:00:08.050+02:00,0x06D6,0x01,0x00
2026-09-24T21:00:08.150+02:00,0x06D6,0x00,0x09
2026-09-24T21:00:08.249+02:00,0x06D6,0x09,0x08
2026-09-24T21:00:08.349+02:00,0x06D6,0x08,0x07
2026-09-24T21:00:08.449+02:00,0x06D6,0x07,0x06
2026-09-24T21:00:08.549+02:00,0x06D6,0x06,0x05
2026-09-24T21:00:08.648+02:00,0x06D6,0x05,0x04
2026-09-24T21:00:08.748+02:00,0x06D6,0x04,0x03
2026-09-24T21:00:08.848+02:00,0x06D6,0x03,0x02
2026-09-24T21:00:08.948+02:00,0x06D6,0x02,0x01
# ended 2026-09-24T21:00:08.990+02:00  120000 passes in 60.000s (mean pass period 0.500 ms)
