program,addr,name,size,seed_basis,annotated,type,basis,evidence,out_file
DxeOverClock,00000260,FUN_00000260,17,annotation,no,,,,DxeOverClock/00000260.asm
DxeOverClock,000002C0,memcpy_bytes,60,annotation,yes,,,,DxeOverClock/000002C0.asm
DxeOverClock,00000320,cpu_pause,3,annotation,yes,,,,DxeOverClock/00000320.asm
DxeOverClock,00000330,read_tsc,10,annotation,yes,,,,DxeOverClock/00000330.asm
DxeOverClock,00000340,enable_interrupts,2,annotation,yes,,,,DxeOverClock/00000340.asm
DxeOverClock,00000350,disable_interrupts,2,annotation,yes,,,,DxeOverClock/00000350.asm
DxeOverClock,00000360,read_flags,3,annotation,yes,,,,DxeOverClock/00000360.asm
DxeOverClock,00000364,overclock_module_entry,156,entry,yes,,,,DxeOverClock/00000364.asm
DxeOverClock,00000400,FUN_00000400,1049,annotation,no,,,,DxeOverClock/00000400.asm
DxeOverClock,0000081C,load_oc_state_from_protocol,292,annotation,yes,,,,DxeOverClock/0000081C.asm
DxeOverClock,00000940,FUN_00000940,594,auto,no,,,,DxeOverClock/00000940.asm
DxeOverClock,00000B94,init_oc_working_state,1411,annotation,yes,,,,DxeOverClock/00000B94.asm
DxeOverClock,00001118,restore_oc_working_state,1208,annotation,yes,,,,DxeOverClock/00001118.asm
DxeOverClock,000015D0,save_or_restore_oc_state,2135,annotation,yes,,,,DxeOverClock/000015D0.asm
DxeOverClock,00001E28,find_config_table_entry,105,annotation,yes,,,,DxeOverClock/00001E28.asm
DxeOverClock,00001E94,scan_config_data_for_guid,77,annotation,yes,,,,DxeOverClock/00001E94.asm
DxeOverClock,00001EE4,delay_via_port_1808,96,annotation,yes,,,,DxeOverClock/00001EE4.asm
DxeOverClock,00001F44,scale_and_delay,49,annotation,yes,,,,DxeOverClock/00001F44.asm
DxeOverClock,00001F78,probe_msr_150,231,annotation,yes,,,,DxeOverClock/00001F78.asm
DxeOverClock,00002060,read_msrs_610_606_1ad,344,annotation,yes,,,,DxeOverClock/00002060.asm
DxeOverClock,000021B8,submit_oc_descriptor,216,annotation,yes,,,,DxeOverClock/000021B8.asm
DxeOverClock,00002290,FUN_00002290,224,auto,no,,,,DxeOverClock/00002290.asm
DxeOverClock,00002370,locate_protocol_25b0_with_fallback,274,annotation,yes,,,,DxeOverClock/00002370.asm
DxeOverClock,00002484,wait_for_msr150_bit56,137,annotation,yes,,,,DxeOverClock/00002484.asm
EcPs2Kbd,00000260,entry,32,annotation,no,,,,EcPs2Kbd/00000260.asm
EcPs2Kbd,00000280,init_register_two_descriptor_chains,567,annotation,yes,,,,EcPs2Kbd/00000280.asm
EcPs2Kbd,000004B8,FUN_000004b8,509,annotation,no,,,,EcPs2Kbd/000004B8.asm
EcPs2Kbd,0000085C,find_record_by_8byte_id,56,annotation,yes,,,,EcPs2Kbd/0000085C.asm
EcPs2Kbd,00000894,alloc_buffer_type4,43,annotation,yes,,,,EcPs2Kbd/00000894.asm
EcPs2Kbd,000008C0,sum_chain_record_lengths,82,annotation,yes,,,,EcPs2Kbd/000008C0.asm
EcPs2Kbd,00000914,FUN_00000914,213,auto,no,,,,EcPs2Kbd/00000914.asm
EcPs2Kbd,000009EC,copy_chain_to_new_buffer,70,annotation,yes,,,,EcPs2Kbd/000009EC.asm
EcPs2Kbd,00000A34,FUN_00000a34,121,auto,no,,,,EcPs2Kbd/00000A34.asm
EcPs2Kbd,00000B60,memmove_bytes,176,annotation,yes,,,,EcPs2Kbd/00000B60.asm
OemACPIDriverDxe,00000260,mem_set_zero_bytes,29,annotation,yes,,,,OemACPIDriverDxe/00000260.asm
OemACPIDriverDxe,000002C0,module_entry_store_ptrs_and_scan_table,116,annotation,yes,,,,OemACPIDriverDxe/000002C0.asm
OemACPIDriverDxe,00000334,build_adas_record_and_call_services,230,annotation,yes,,,,OemACPIDriverDxe/00000334.asm
OemACPIDriverDxe,000004D8,find_name_tag_record,213,annotation,yes,,,,OemACPIDriverDxe/000004D8.asm
OemACPIDriverDxe,000005B0,write_value_by_type_byte,109,annotation,yes,,,,OemACPIDriverDxe/000005B0.asm
OemACPIDriverDxe,000007A0,mem_move_bytes,176,annotation,yes,,,,OemACPIDriverDxe/000007A0.asm
OemACPIDriverHookDxe,00000260,cpu_pause,3,annotation,yes,,,,OemACPIDriverHookDxe/00000260.asm
OemACPIDriverHookDxe,00000270,read_timestamp_counter,10,annotation,yes,,,,OemACPIDriverHookDxe/00000270.asm
OemACPIDriverHookDxe,00000280,enable_interrupts,2,annotation,yes,,,,OemACPIDriverHookDxe/00000280.asm
OemACPIDriverHookDxe,00000290,disable_interrupts,2,annotation,yes,,,,OemACPIDriverHookDxe/00000290.asm
OemACPIDriverHookDxe,000002A0,FUN_000002a0,3,annotation,no,,,,OemACPIDriverHookDxe/000002A0.asm
OemACPIDriverHookDxe,00000310,module_entry,148,annotation,yes,,,,OemACPIDriverHookDxe/00000310.asm
OemACPIDriverHookDxe,000003A4,FUN_000003a4,283,auto,no,,,,OemACPIDriverHookDxe/000003A4.asm
OemACPIDriverHookDxe,000004CC,lookup_table_entry,96,annotation,yes,,,,OemACPIDriverHookDxe/000004CC.asm
OemACPIDriverHookDxe,0000052C,get_cached_table_pointer,47,annotation,yes,,,,OemACPIDriverHookDxe/0000052C.asm
OemACPIDriverSmm,00001000,save_cpu_context_and_tail_jump,194,annotation,yes,,,,OemACPIDriverSmm/00001000.asm
OemACPIDriverSmm,000010D0,restore_cpu_context_and_tail_jump,172,annotation,yes,,,,OemACPIDriverSmm/000010D0.asm
OemACPIDriverSmm,00001180,mem_move_bytes,60,annotation,yes,,,,OemACPIDriverSmm/00001180.asm
OemACPIDriverSmm,000011C0,cpu_pause,3,annotation,yes,,,,OemACPIDriverSmm/000011C0.asm
OemACPIDriverSmm,000011D0,read_timestamp_counter,10,annotation,yes,,,,OemACPIDriverSmm/000011D0.asm
OemACPIDriverSmm,000011E0,enable_interrupts,2,annotation,yes,,,,OemACPIDriverSmm/000011E0.asm
OemACPIDriverSmm,000011F0,disable_interrupts,2,annotation,yes,,,,OemACPIDriverSmm/000011F0.asm
OemACPIDriverSmm,00001200,read_rflags,3,annotation,yes,,,,OemACPIDriverSmm/00001200.asm
OemACPIDriverSmm,00001230,smm_handler_entry,114,entry,yes,,,,OemACPIDriverSmm/00001230.asm
OemACPIDriverSmm,000012A4,FUN_000012a4,502,auto,no,,,,OemACPIDriverSmm/000012A4.asm
OemACPIDriverSmm,000014DC,register_callback_and_copy_buffer,207,annotation,yes,,,,OemACPIDriverSmm/000014DC.asm
OemACPIDriverSmm,000015AC,empty_return_stub,3,annotation,yes,,,,OemACPIDriverSmm/000015AC.asm
OemACPIDriverSmm,000015B0,copy_bytes_to_static_buffer,35,annotation,yes,,,,OemACPIDriverSmm/000015B0.asm
OemACPIDriverSmm,000015D4,range_table_contains_addr,67,annotation,yes,,,,OemACPIDriverSmm/000015D4.asm
OemACPIDriverSmm,00001618,query_protocol_value_arg6,46,annotation,yes,,,,OemACPIDriverSmm/00001618.asm
OemACPIDriverSmm,00001648,dispatch_to_base_table_method,57,annotation,yes,,,,OemACPIDriverSmm/00001648.asm
OemACPIDriverSmm,00001684,lookup_guid_in_entry_table,105,annotation,yes,,,,OemACPIDriverSmm/00001684.asm
OemACRecoveryDxe,000002C0,dxe_module_entry,32,annotation,yes,,,,OemACRecoveryDxe/000002C0.asm
OemACRecoveryDxe,000002E0,FUN_000002e0,311,annotation,no,,,,OemACRecoveryDxe/000002E0.asm
OemACRecoveryPei,FFF82DE5,forward_vtable_0x24_call,20,entry,yes,,,,OemACRecoveryPei/FFF82DE5.asm
OemApControlDxe,000002C0,cpu_pause,3,annotation,yes,,,,OemApControlDxe/000002C0.asm
OemApControlDxe,000002D0,read_timestamp_counter,10,annotation,yes,,,,OemApControlDxe/000002D0.asm
OemApControlDxe,000002E0,enable_interrupts,2,annotation,yes,,,,OemApControlDxe/000002E0.asm
OemApControlDxe,000002F0,FUN_000002f0,2,annotation,no,,,,OemApControlDxe/000002F0.asm
OemApControlDxe,00000300,read_rflags,3,annotation,yes,,,,OemApControlDxe/00000300.asm
OemApControlDxe,00000310,module_entry_scan_and_apply,28,annotation,yes,,,,OemApControlDxe/00000310.asm
OemApControlDxe,0000032C,FUN_0000032c,265,annotation,no,,,,OemApControlDxe/0000032C.asm
OemApControlDxe,00000438,apply_platform_port_registers,259,annotation,yes,,,,OemApControlDxe/00000438.asm
OemApControlDxe,0000053C,FUN_0000053c,681,auto,no,,,,OemApControlDxe/0000053C.asm
OemApControlDxe,000007E8,write_port_byte_after_wait,119,annotation,yes,,,,OemApControlDxe/000007E8.asm
OemApControlDxe,00000860,FUN_00000860,133,auto,no,,,,OemApControlDxe/00000860.asm
OemApControlDxe,000008E8,wait_port_input_buffer_empty,99,annotation,yes,,,,OemApControlDxe/000008E8.asm
OemApControlDxe,0000094C,exchange_command_and_data_byte,198,annotation,yes,,,,OemApControlDxe/0000094C.asm
OemApControlDxe,00000A14,write_port_register_byte,95,annotation,yes,,,,OemApControlDxe/00000A14.asm
OemApControlDxe,00000A74,read_port_register_byte,155,annotation,yes,,,,OemApControlDxe/00000A74.asm
OemApControlDxe,00000B10,find_config_table_entry_by_guid,105,annotation,yes,,,,OemApControlDxe/00000B10.asm
OemApControlDxe,00000B7C,wait_port_1808_ticks,96,annotation,yes,,,,OemApControlDxe/00000B7C.asm
OemApControlDxe,00000BDC,usec_to_port_1808_ticks,49,annotation,yes,,,,OemApControlDxe/00000BDC.asm
OemDDSSupportDxe,000002C0,cpu_pause,3,annotation,yes,,,,OemDDSSupportDxe/000002C0.asm
OemDDSSupportDxe,000002D0,read_tsc,10,annotation,yes,,,,OemDDSSupportDxe/000002D0.asm
OemDDSSupportDxe,000002E0,enable_interrupts,2,annotation,yes,,,,OemDDSSupportDxe/000002E0.asm
OemDDSSupportDxe,000002F0,disable_interrupts,2,annotation,yes,,,,OemDDSSupportDxe/000002F0.asm
OemDDSSupportDxe,00000300,read_rflags,3,annotation,yes,,,,OemDDSSupportDxe/00000300.asm
OemDDSSupportDxe,00000310,module_entry,28,annotation,yes,,,,OemDDSSupportDxe/00000310.asm
OemDDSSupportDxe,0000032C,init_scan_records_and_install,265,annotation,yes,,,,OemDDSSupportDxe/0000032C.asm
OemDDSSupportDxe,00000438,init_register_two_callbacks,172,annotation,yes,,,,OemDDSSupportDxe/00000438.asm
OemDDSSupportDxe,00000944,poll_status_bit1_until_clear,99,annotation,yes,,,,OemDDSSupportDxe/00000944.asm
OemDDSSupportDxe,00000A70,lookup_entry_by_id_pair,105,annotation,yes,,,,OemDDSSupportDxe/00000A70.asm
OemDDSSupportDxe,00000ADC,delay_poll_counter_port_1808,96,annotation,yes,,,,OemDDSSupportDxe/00000ADC.asm
OemDDSSupportDxe,00000B3C,delay_scaled_by_3579545,49,annotation,yes,,,,OemDDSSupportDxe/00000B3C.asm
OemDgpuBoardIDDxe,00000300,cpu_pause,3,annotation,yes,,,,OemDgpuBoardIDDxe/00000300.asm
OemDgpuBoardIDDxe,00000310,read_timestamp_counter,10,annotation,yes,,,,OemDgpuBoardIDDxe/00000310.asm
OemDgpuBoardIDDxe,00000320,enable_interrupts,2,annotation,yes,,,,OemDgpuBoardIDDxe/00000320.asm
OemDgpuBoardIDDxe,00000330,disable_interrupts,2,annotation,yes,,,,OemDgpuBoardIDDxe/00000330.asm
OemDgpuBoardIDDxe,00000340,read_rflags,3,annotation,yes,,,,OemDgpuBoardIDDxe/00000340.asm
OemDgpuBoardIDDxe,00000350,module_entry,28,annotation,yes,,,,OemDgpuBoardIDDxe/00000350.asm
OemDgpuBoardIDDxe,0000036C,cache_system_table_and_locate_protocol,265,annotation,yes,,,,OemDgpuBoardIDDxe/0000036C.asm
OemDgpuBoardIDDxe,00000478,FUN_00000478,312,auto,no,,,,OemDgpuBoardIDDxe/00000478.asm
OemDgpuBoardIDDxe,000008C4,FUN_000008c4,471,auto,no,,,,OemDgpuBoardIDDxe/000008C4.asm
OemDgpuBoardIDDxe,00000DF8,classify_mmio_word_e00f8002,87,annotation,yes,,,,OemDgpuBoardIDDxe/00000DF8.asm
OemDgpuBoardIDDxe,00000F50,wait_port_0x64_or_0x66_bit1_clear,99,annotation,yes,,,,OemDgpuBoardIDDxe/00000F50.asm
OemDgpuBoardIDDxe,00001118,find_config_table_by_first_two_qwords,105,annotation,yes,,,,OemDgpuBoardIDDxe/00001118.asm
OemDgpuBoardIDDxe,00001184,wait_port_0x1808_ticks,96,annotation,yes,,,,OemDgpuBoardIDDxe/00001184.asm
OemDgpuBoardIDDxe,000011E4,FUN_000011e4,49,auto,no,,,,OemDgpuBoardIDDxe/000011E4.asm
OemDgpuBoardIDPei,FFFAC38D,entry,37,entry,no,,,,OemDgpuBoardIDPei/FFFAC38D.asm
OemDgpuBoardIDPei,FFFAC3B2,get_variable_and_fill_tables,176,annotation,yes,,,,OemDgpuBoardIDPei/FFFAC3B2.asm
OemDgpuBoardIDPei,FFFAC462,FUN_fffac462,302,auto,no,,,,OemDgpuBoardIDPei/FFFAC462.asm
OemDgpuBoardIDPei,FFFAC5BA,call_vtable_slot_0x18_1_arg,37,annotation,yes,,,,OemDgpuBoardIDPei/FFFAC5BA.asm
OemDgpuBoardIDPei,FFFAC5DF,call_vtable_slot_0x20_5_args,45,annotation,yes,,,,OemDgpuBoardIDPei/FFFAC5DF.asm
OemDgpuBoardIDPei,FFFAC60C,FUN_fffac60c,68,auto,no,,,,OemDgpuBoardIDPei/FFFAC60C.asm
OemDisplayModeDxe,000002C0,cpu_pause,3,annotation,yes,,,,OemDisplayModeDxe/000002C0.asm
OemDisplayModeDxe,000002D0,read_timestamp_counter,10,annotation,yes,,,,OemDisplayModeDxe/000002D0.asm
OemDisplayModeDxe,000002E0,enable_interrupts,2,annotation,yes,,,,OemDisplayModeDxe/000002E0.asm
OemDisplayModeDxe,000002F0,disable_interrupts,2,annotation,yes,,,,OemDisplayModeDxe/000002F0.asm
OemDisplayModeDxe,00000300,read_eflags,3,annotation,yes,,,,OemDisplayModeDxe/00000300.asm
OemDisplayModeDxe,00000310,entry,28,annotation,no,,,,OemDisplayModeDxe/00000310.asm
OemDisplayModeDxe,0000032C,FUN_0000032c,265,annotation,no,,,,OemDisplayModeDxe/0000032C.asm
OemDisplayModeDxe,00000438,FUN_00000438,494,annotation,no,,,,OemDisplayModeDxe/00000438.asm
OemDisplayModeDxe,00000628,FUN_00000628,105,auto,no,,,,OemDisplayModeDxe/00000628.asm
OemGlobalNvsDxe,00000260,zero_fill_buffer,29,annotation,yes,,,,OemGlobalNvsDxe/00000260.asm
OemGlobalNvsDxe,000002B0,FUN_000002b0,39,auto,no,,,,OemGlobalNvsDxe/000002B0.asm
OemGlobalNvsDxe,000002E0,cpu_pause,3,annotation,yes,,,,OemGlobalNvsDxe/000002E0.asm
OemGlobalNvsDxe,000002F0,read_tsc,10,annotation,yes,,,,OemGlobalNvsDxe/000002F0.asm
OemGlobalNvsDxe,00000300,enable_interrupts,2,annotation,yes,,,,OemGlobalNvsDxe/00000300.asm
OemGlobalNvsDxe,00000310,disable_interrupts,2,annotation,yes,,,,OemGlobalNvsDxe/00000310.asm
OemGlobalNvsDxe,00000320,read_rflags,3,annotation,yes,,,,OemGlobalNvsDxe/00000320.asm
OemGlobalNvsDxe,00000370,entry_dispatch,43,entry,yes,,,,OemGlobalNvsDxe/00000370.asm
OemGlobalNvsDxe,0000039C,init_locate_protocol,283,annotation,yes,,,,OemGlobalNvsDxe/0000039C.asm
OemGlobalNvsDxe,000004B8,init_allocate_and_register,193,annotation,yes,,,,OemGlobalNvsDxe/000004B8.asm
OemGlobalNvsDxe,0000057C,FUN_0000057c,897,auto,no,,,,OemGlobalNvsDxe/0000057C.asm
OemGlobalNvsDxe,00000900,classify_cpu_signature,407,annotation,yes,,,,OemGlobalNvsDxe/00000900.asm
OemGlobalNvsDxe,00000A98,write_status_port_byte,119,annotation,yes,,,,OemGlobalNvsDxe/00000A98.asm
OemGlobalNvsDxe,00000B10,FUN_00000b10,133,annotation,no,,,,OemGlobalNvsDxe/00000B10.asm
OemGlobalNvsDxe,00000B98,wait_status_port_bit1_clear,99,annotation,yes,,,,OemGlobalNvsDxe/00000B98.asm
OemGlobalNvsDxe,00000BFC,write_two_bytes_to_port_pair,198,annotation,yes,,,,OemGlobalNvsDxe/00000BFC.asm
OemGlobalNvsDxe,00000CC4,FUN_00000cc4,155,auto,no,,,,OemGlobalNvsDxe/00000CC4.asm
OemGlobalNvsDxe,00000D60,alloc_via_table_offset_0x40,43,annotation,yes,,,,OemGlobalNvsDxe/00000D60.asm
OemGlobalNvsDxe,00000D8C,alloc_and_zero_0x7d8_buffer,57,annotation,yes,,,,OemGlobalNvsDxe/00000D8C.asm
OemGlobalNvsDxe,00000DC8,find_padded_key_in_table,213,annotation,yes,,,,OemGlobalNvsDxe/00000DC8.asm
OemGlobalNvsDxe,00000EA0,store_value_by_width_code,109,annotation,yes,,,,OemGlobalNvsDxe/00000EA0.asm
OemGlobalNvsDxe,00000F10,FUN_00000f10,205,auto,no,,,,OemGlobalNvsDxe/00000F10.asm
OemGlobalNvsDxe,00000FE0,find_guid_in_saved_table,96,annotation,yes,,,,OemGlobalNvsDxe/00000FE0.asm
OemGlobalNvsDxe,00001040,lookup_cached_table_entry,47,annotation,yes,,,,OemGlobalNvsDxe/00001040.asm
OemGlobalNvsDxe,00001070,delay_us_via_port_0x1808,96,annotation,yes,,,,OemGlobalNvsDxe/00001070.asm
OemGlobalNvsDxe,000010D0,convert_us_to_timer_units,49,annotation,yes,,,,OemGlobalNvsDxe/000010D0.asm
OemGlobalNvsDxe,000011C0,memcpy_forward_or_reverse,176,annotation,yes,,,,OemGlobalNvsDxe/000011C0.asm
OemGlobalNvsSmm,00001000,save_cpu_context_to_frame,194,annotation,yes,,,,OemGlobalNvsSmm/00001000.asm
OemGlobalNvsSmm,000010D0,restore_cpu_context_from_frame,172,annotation,yes,,,,OemGlobalNvsSmm/000010D0.asm
OemGlobalNvsSmm,00001180,memmove,60,annotation,yes,,,,OemGlobalNvsSmm/00001180.asm
OemGlobalNvsSmm,000011C0,cpu_pause,3,annotation,yes,,,,OemGlobalNvsSmm/000011C0.asm
OemGlobalNvsSmm,000011D0,read_tsc_64bit,10,annotation,yes,,,,OemGlobalNvsSmm/000011D0.asm
OemGlobalNvsSmm,000011E0,enable_interrupts,2,annotation,yes,,,,OemGlobalNvsSmm/000011E0.asm
OemGlobalNvsSmm,000011F0,disable_interrupts,2,annotation,yes,,,,OemGlobalNvsSmm/000011F0.asm
OemGlobalNvsSmm,00001200,read_rflags,3,annotation,yes,,,,OemGlobalNvsSmm/00001200.asm
OemGlobalNvsSmm,00001230,smm_entry_save_context_and_register_handler,177,entry,yes,,,,OemGlobalNvsSmm/00001230.asm
OemGlobalNvsSmm,000012E4,FUN_000012e4,502,auto,no,,,,OemGlobalNvsSmm/000012E4.asm
OemGlobalNvsSmm,000014DC,ret_stub,3,annotation,yes,,,,OemGlobalNvsSmm/000014DC.asm
OemGlobalNvsSmm,000014E0,copy_to_global_0x21f8,35,annotation,yes,,,,OemGlobalNvsSmm/000014E0.asm
OemGlobalNvsSmm,00001504,FUN_00001504,67,auto,no,,,,OemGlobalNvsSmm/00001504.asm
OemGlobalNvsSmm,00001548,query_interface_via_offset_0x50,46,annotation,yes,,,,OemGlobalNvsSmm/00001548.asm
OemGlobalNvsSmm,00001578,forward_by_range_test,57,annotation,yes,,,,OemGlobalNvsSmm/00001578.asm
OemGlobalNvsSmm,000015B4,find_cached_entry_by_16_byte_key,105,annotation,yes,,,,OemGlobalNvsSmm/000015B4.asm
OemHddHeadParkSmm,00001000,save_cpu_context_and_jump,194,annotation,yes,,,,OemHddHeadParkSmm/00001000.asm
OemHddHeadParkSmm,000010D0,restore_cpu_context_and_jump,172,annotation,yes,,,,OemHddHeadParkSmm/000010D0.asm
OemHddHeadParkSmm,00001180,module_entry_locate_and_dispatch,160,annotation,yes,,,,OemHddHeadParkSmm/00001180.asm
OemHddHeadParkSmm,000012C0,locate_three_protocols_and_invoke,219,annotation,yes,,,,OemHddHeadParkSmm/000012C0.asm
OemHddHeadParkSmm,0000139C,nop_stub_return,3,annotation,yes,,,,OemHddHeadParkSmm/0000139C.asm
OemHddHeadParkSmm,000013A0,find_table_entry_by_16_byte_id,269,annotation,yes,,,,OemHddHeadParkSmm/000013A0.asm
OemHddHeadParkSmm,000014B0,protocol_vtbl0_call_with_5_args,124,annotation,yes,,,,OemHddHeadParkSmm/000014B0.asm
OemHddHeadParkSmm,0000152C,protocol_vtbl10_call_with_null_args,104,annotation,yes,,,,OemHddHeadParkSmm/0000152C.asm
OemHddHeadParkSmm,0000159C,branch_on_value_4_or_5,53,annotation,yes,,,,OemHddHeadParkSmm/0000159C.asm
OemHddHeadParkSmm,000015D4,out_port_80_then_call_vtbl_68,272,annotation,yes,,,,OemHddHeadParkSmm/000015D4.asm
OemHddHeadParkSmm,00001730,memset_u8,81,annotation,yes,,,,OemHddHeadParkSmm/00001730.asm
OemHooks,00000260,cpu_pause,3,annotation,yes,,,,OemHooks/00000260.asm
OemHooks,00000270,read_tsc,10,annotation,yes,,,,OemHooks/00000270.asm
OemHooks,00000280,enable_interrupts,2,annotation,yes,,,,OemHooks/00000280.asm
OemHooks,00000290,disable_interrupts,2,annotation,yes,,,,OemHooks/00000290.asm
OemHooks,000002A0,read_eflags,3,annotation,yes,,,,OemHooks/000002A0.asm
OemHooks,00000310,entry,28,annotation,no,,,,OemHooks/00000310.asm
OemHooks,0000032C,lookup_record_table_and_invoke,265,annotation,yes,,,,OemHooks/0000032C.asm
OemHooks,00000438,FUN_00000438,850,annotation,no,,,,OemHooks/00000438.asm
OemHooks,0000078C,ec_write_port_byte,119,annotation,yes,,,,OemHooks/0000078C.asm
OemHooks,00000804,FUN_00000804,133,auto,no,,,,OemHooks/00000804.asm
OemHooks,0000088C,ec_wait_ibf_clear,99,annotation,yes,,,,OemHooks/0000088C.asm
OemHooks,000008F0,ec_write_command_data,198,annotation,yes,,,,OemHooks/000008F0.asm
OemHooks,000009B8,ec_write_reg_byte,72,annotation,yes,,,,OemHooks/000009B8.asm
OemHooks,00000A00,ec_read_reg_byte,155,annotation,yes,,,,OemHooks/00000A00.asm
OemHooks,00000A9C,find_cached_entry_by_tag,105,annotation,yes,,,,OemHooks/00000A9C.asm
OemHooks,00000B08,delay_by_counter_ticks,96,annotation,yes,,,,OemHooks/00000B08.asm
OemHooks,00000B68,FUN_00000b68,49,auto,no,,,,OemHooks/00000B68.asm
OemHooksPei,FFF81031,entry,334,entry,no,,,,OemHooksPei/FFF81031.asm
OemHooksPei,FFF8117F,FUN_fff8117f,77,auto,no,,,,OemHooksPei/FFF8117F.asm
OemHooksPei,FFF811CC,read_pad_config_word,193,annotation,yes,,,,OemHooksPei/FFF811CC.asm
OemHooksPei,FFF812B0,set_pad_index6_or_7_word,157,annotation,yes,,,,OemHooksPei/FFF812B0.asm
OemHooksPei,FFF8134D,set_composite_pad_value,58,annotation,yes,,,,OemHooksPei/FFF8134D.asm
OemHooksPei,FFF81387,read_pad_bit_field,106,annotation,yes,,,,OemHooksPei/FFF81387.asm
OemHooksPei,FFF813F1,read_index6_word,44,annotation,yes,,,,OemHooksPei/FFF813F1.asm
OemHooksPei,FFF8141D,FUN_fff8141d,79,auto,no,,,,OemHooksPei/FFF8141D.asm
OemHooksPei,FFF8146C,read_index7_word,44,annotation,yes,,,,OemHooksPei/FFF8146C.asm
OemHooksPei,FFF81498,FUN_fff81498,79,auto,no,,,,OemHooksPei/FFF81498.asm
OemHooksPei,FFF814E7,clear_index6_bits,48,annotation,yes,,,,OemHooksPei/FFF814E7.asm
OemHooksPei,FFF81517,write_index6_mask,45,annotation,yes,,,,OemHooksPei/FFF81517.asm
OemHooksPei,FFF81544,write_index6_bit,33,annotation,yes,,,,OemHooksPei/FFF81544.asm
OemHooksPei,FFF81565,clear_index7_bits,48,annotation,yes,,,,OemHooksPei/FFF81565.asm
OemHooksPei,FFF81595,write_index7_mask,45,annotation,yes,,,,OemHooksPei/FFF81595.asm
OemHooksPei,FFF815C2,compute_max_entry_bound,27,annotation,yes,,,,OemHooksPei/FFF815C2.asm
OemHooksPei,FFF815DD,compute_min_entry_bound,25,annotation,yes,,,,OemHooksPei/FFF815DD.asm
OemHooksPei,FFF815F6,classify_device_id,74,annotation,yes,,,,OemHooksPei/FFF815F6.asm
OemHooksPei,FFF81640,is_device_class_2,15,annotation,yes,,,,OemHooksPei/FFF81640.asm
OemHooksPei,FFF8164F,is_device_class_1,15,annotation,yes,,,,OemHooksPei/FFF8164F.asm
OemHooksPei,FFF8165E,swap_dword_halves,39,annotation,yes,,,,OemHooksPei/FFF8165E.asm
OemHooksPei,FFF81685,FUN_fff81685,173,auto,no,,,,OemHooksPei/FFF81685.asm
OemHooksPei,FFF81732,write_cfg_magic_word,81,annotation,yes,,,,OemHooksPei/FFF81732.asm
OemHooksPei,FFF81783,write_port_0x66,71,annotation,yes,,,,OemHooksPei/FFF81783.asm
OemHooksPei,FFF817CA,write_port_0x62,74,annotation,yes,,,,OemHooksPei/FFF817CA.asm
OemHooksPei,FFF81814,drain_port_0x62_to_0x80,74,annotation,yes,,,,OemHooksPei/FFF81814.asm
OemHooksPei,FFF8185E,wait_for_port_0x66_bit1,59,annotation,yes,,,,OemHooksPei/FFF8185E.asm
OemHooksPei,FFF81899,write_two_bytes_via_0x66_0x62,51,annotation,yes,,,,OemHooksPei/FFF81899.asm
OemHooksPei,FFF818CC,write_three_bytes_via_0x66_0x62,51,annotation,yes,,,,OemHooksPei/FFF818CC.asm
OemHooksPei,FFF818FF,delay_1808_counter,73,annotation,yes,,,,OemHooksPei/FFF818FF.asm
OemHooksPei,FFF81948,scale_count_then_busy_wait,71,annotation,yes,,,,OemHooksPei/FFF81948.asm
OemHooksPei,FFF8198F,is_callee_out_value_zero,23,annotation,yes,,,,OemHooksPei/FFF8198F.asm
OemHooksPei,FFF819A6,check_selector_within_table_range,88,annotation,yes,,,,OemHooksPei/FFF819A6.asm
OemHooksPei,FFF819FE,set_bitfield_in_mapped_register,223,annotation,yes,,,,OemHooksPei/FFF819FE.asm
OemHooksPei,FFF81ADD,select_table_by_platform_predicate,35,annotation,yes,,,,OemHooksPei/FFF81ADD.asm
OemHooksPei,FFF81B00,FUN_fff81b00,264,auto,no,,,,OemHooksPei/FFF81B00.asm
OemHooksPei,FFF81C08,check_flag_bit12_after_predicate,30,annotation,yes,,,,OemHooksPei/FFF81C08.asm
OemHooksPei,FFF81C26,read_flag_bit_from_selected_dword,34,annotation,yes,,,,OemHooksPei/FFF81C26.asm
OemHooksPei,FFF81C65,read_config_word_via_cf8_cfc,89,annotation,yes,,,,OemHooksPei/FFF81C65.asm
OemHooksPei,FFF81CBE,write_config_word_via_cf8_cfc,94,annotation,yes,,,,OemHooksPei/FFF81CBE.asm
OemHooksSmm,00001000,asm_context_save,194,annotation,yes,,,,OemHooksSmm/00001000.asm
OemHooksSmm,000010D0,asm_context_restore,172,annotation,yes,,,,OemHooksSmm/000010D0.asm
OemHooksSmm,0000117C,module_entry,195,entry,yes,,,,OemHooksSmm/0000117C.asm
OemHooksSmm,00001240,empty_ret_stub,3,annotation,yes,,,,OemHooksSmm/00001240.asm
OemI2cDevices,000002C0,cpu_pause,3,annotation,yes,,,,OemI2cDevices/000002C0.asm
OemI2cDevices,000002D0,read_tsc,10,annotation,yes,,,,OemI2cDevices/000002D0.asm
OemI2cDevices,000002E0,enable_interrupts,2,annotation,yes,,,,OemI2cDevices/000002E0.asm
OemI2cDevices,000002F0,disable_interrupts,2,annotation,yes,,,,OemI2cDevices/000002F0.asm
OemI2cDevices,00000300,read_eflags,3,annotation,yes,,,,OemI2cDevices/00000300.asm
OemI2cDevices,00000310,module_entry_point,116,annotation,yes,,,,OemI2cDevices/00000310.asm
OemI2cDevices,00000384,init_module_and_locate_guids,294,annotation,yes,,,,OemI2cDevices/00000384.asm
OemI2cDevices,000005CC,write_port_66_wait_d1_clear,98,annotation,yes,,,,OemI2cDevices/000005CC.asm
OemI2cDevices,00000630,drain_port_62_into_80_wait_d0,89,annotation,yes,,,,OemI2cDevices/00000630.asm
OemI2cDevices,0000068C,wait_port_66_d1_clear,77,annotation,yes,,,,OemI2cDevices/0000068C.asm
OemI2cDevices,000006DC,write_port_62_between_d1_polls,143,annotation,yes,,,,OemI2cDevices/000006DC.asm
OemI2cDevices,0000076C,FUN_0000076c,535,auto,no,,,,OemI2cDevices/0000076C.asm
OemI2cDevices,00000984,write_value_to_named_record,115,annotation,yes,,,,OemI2cDevices/00000984.asm
OemI2cDevices,00000B34,find_config_table_by_module_guid,105,annotation,yes,,,,OemI2cDevices/00000B34.asm
OemI2cDevices,00000BA0,FUN_00000ba0,96,auto,no,,,,OemI2cDevices/00000BA0.asm
OemI2cDevices,00000C00,scaled_delay_via_port_1808,49,annotation,yes,,,,OemI2cDevices/00000C00.asm
OemI2cDevices,00000CF0,directional_mem_copy,176,annotation,yes,,,,OemI2cDevices/00000CF0.asm
OemKbLightDxe,00000260,FUN_00000260,3,annotation,no,,,,OemKbLightDxe/00000260.asm
OemKbLightDxe,00000270,read_tsc64,10,annotation,yes,,,,OemKbLightDxe/00000270.asm
OemKbLightDxe,00000280,cpu_enable_interrupts,2,annotation,yes,,,,OemKbLightDxe/00000280.asm
OemKbLightDxe,00000290,cpu_disable_interrupts,2,annotation,yes,,,,OemKbLightDxe/00000290.asm
OemKbLightDxe,000002A0,read_rflags,3,annotation,yes,,,,OemKbLightDxe/000002A0.asm
OemKbLightDxe,00000310,module_entry_forward,28,annotation,yes,,,,OemKbLightDxe/00000310.asm
OemKbLightDxe,0000032C,init_match_record_and_call_iface,265,annotation,yes,,,,OemKbLightDxe/0000032C.asm
OemKbLightDxe,00000438,FUN_00000438,364,annotation,no,,,,OemKbLightDxe/00000438.asm
OemKbLightDxe,000005A4,FUN_000005a4,177,auto,no,,,,OemKbLightDxe/000005A4.asm
OemKbLightDxe,00000658,FUN_00000658,693,auto,no,,,,OemKbLightDxe/00000658.asm
OemKbLightDxe,00000910,wait_and_write_status_port,119,annotation,yes,,,,OemKbLightDxe/00000910.asm
OemKbLightDxe,00000988,flush_output_buffer_to_port_80,133,annotation,yes,,,,OemKbLightDxe/00000988.asm
OemKbLightDxe,00000A10,wait_status_bit1_clear,99,annotation,yes,,,,OemKbLightDxe/00000A10.asm
OemKbLightDxe,00000A74,FUN_00000a74,198,annotation,no,,,,OemKbLightDxe/00000A74.asm
OemKbLightDxe,00000B3C,write_reg_via_a2_a5_pair,95,annotation,yes,,,,OemKbLightDxe/00000B3C.asm
OemKbLightDxe,00000B9C,FUN_00000b9c,155,auto,no,,,,OemKbLightDxe/00000B9C.asm
OemKbLightDxe,00000C38,find_interface_by_16byte_id,105,annotation,yes,,,,OemKbLightDxe/00000C38.asm
OemKbLightDxe,00000CA4,busy_wait_port_1808_ticks,96,annotation,yes,,,,OemKbLightDxe/00000CA4.asm
OemKbLightDxe,00000D04,delay_convert_arg_to_ticks,49,annotation,yes,,,,OemKbLightDxe/00000D04.asm
OemKbLightSupportDxe,00000260,cpu_pause,3,annotation,yes,,,,OemKbLightSupportDxe/00000260.asm
OemKbLightSupportDxe,00000270,read_timestamp_counter,10,annotation,yes,,,,OemKbLightSupportDxe/00000270.asm
OemKbLightSupportDxe,00000280,sti_enable_interrupts,2,annotation,yes,,,,OemKbLightSupportDxe/00000280.asm
OemKbLightSupportDxe,00000290,cli_disable_interrupts,2,annotation,yes,,,,OemKbLightSupportDxe/00000290.asm
OemKbLightSupportDxe,000002A0,read_rflags,3,annotation,yes,,,,OemKbLightSupportDxe/000002A0.asm
OemKbLightSupportDxe,00000310,module_entry,19,annotation,yes,,,,OemKbLightSupportDxe/00000310.asm
OemKbLightSupportDxe,00000324,scan_record_list_and_register_notify,265,annotation,yes,,,,OemKbLightSupportDxe/00000324.asm
OemKbLightSupportDxe,00000430,read_state_byte_and_send_commands,177,annotation,yes,,,,OemKbLightSupportDxe/00000430.asm
OemKbLightSupportDxe,000004E4,write_controller_command_byte,119,annotation,yes,,,,OemKbLightSupportDxe/000004E4.asm
OemKbLightSupportDxe,0000055C,drain_controller_output_to_port_80,133,annotation,yes,,,,OemKbLightSupportDxe/0000055C.asm
OemKbLightSupportDxe,000005E4,wait_controller_input_buffer_empty,99,annotation,yes,,,,OemKbLightSupportDxe/000005E4.asm
OemKbLightSupportDxe,00000648,send_command_data_pair,198,annotation,yes,,,,OemKbLightSupportDxe/00000648.asm
OemKbLightSupportDxe,00000710,send_three_command_data_pairs,82,annotation,yes,,,,OemKbLightSupportDxe/00000710.asm
OemKbLightSupportDxe,00000764,find_table_entry_by_id,105,annotation,yes,,,,OemKbLightSupportDxe/00000764.asm
OemKbLightSupportDxe,000007D0,delay_counter_ticks,96,annotation,yes,,,,OemKbLightSupportDxe/000007D0.asm
OemKbLightSupportDxe,00000830,FUN_00000830,49,annotation,no,,,,OemKbLightSupportDxe/00000830.asm
OemManufactureModeDxe,000002C0,cpu_pause,3,annotation,yes,,,,OemManufactureModeDxe/000002C0.asm
OemManufactureModeDxe,000002D0,read_tsc,10,annotation,yes,,,,OemManufactureModeDxe/000002D0.asm
OemManufactureModeDxe,000002E0,enable_interrupts,2,annotation,yes,,,,OemManufactureModeDxe/000002E0.asm
OemManufactureModeDxe,000002F0,disable_interrupts,2,annotation,yes,,,,OemManufactureModeDxe/000002F0.asm
OemManufactureModeDxe,00000300,read_rflags,3,annotation,yes,,,,OemManufactureModeDxe/00000300.asm
OemManufactureModeDxe,00000310,module_entry,28,annotation,yes,,,,OemManufactureModeDxe/00000310.asm
OemManufactureModeDxe,0000032C,FUN_0000032c,265,annotation,no,,,,OemManufactureModeDxe/0000032C.asm
OemManufactureModeDxe,00000438,FUN_00000438,384,annotation,no,,,,OemManufactureModeDxe/00000438.asm
OemManufactureModeDxe,000005B8,ec_write_command_port,119,annotation,yes,,,,OemManufactureModeDxe/000005B8.asm
OemManufactureModeDxe,00000630,ec_drain_obf,133,annotation,yes,,,,OemManufactureModeDxe/00000630.asm
OemManufactureModeDxe,000006B8,ec_wait_ibf_clear,99,annotation,yes,,,,OemManufactureModeDxe/000006B8.asm
OemManufactureModeDxe,0000071C,ec_write_command_data,198,annotation,yes,,,,OemManufactureModeDxe/0000071C.asm
OemManufactureModeDxe,000007E4,find_config_table_by_guid,105,annotation,yes,,,,OemManufactureModeDxe/000007E4.asm
OemManufactureModeDxe,00000850,wait_port_1808_ticks,96,annotation,yes,,,,OemManufactureModeDxe/00000850.asm
OemManufactureModeDxe,000008B0,delay_microseconds,49,annotation,yes,,,,OemManufactureModeDxe/000008B0.asm
OemNetworkDxe,000002C0,cpu_pause,3,annotation,yes,,,,OemNetworkDxe/000002C0.asm
OemNetworkDxe,000002D0,read_timestamp_counter,10,annotation,yes,,,,OemNetworkDxe/000002D0.asm
OemNetworkDxe,000002E0,enable_interrupts,2,annotation,yes,,,,OemNetworkDxe/000002E0.asm
OemNetworkDxe,000002F0,disable_interrupts,2,annotation,yes,,,,OemNetworkDxe/000002F0.asm
OemNetworkDxe,00000300,read_eflags,3,annotation,yes,,,,OemNetworkDxe/00000300.asm
OemNetworkDxe,00000310,module_entry,28,annotation,yes,,,,OemNetworkDxe/00000310.asm
OemNetworkDxe,0000032C,FUN_0000032c,265,annotation,no,,,,OemNetworkDxe/0000032C.asm
OemNetworkDxe,00000438,read_modify_write_two_variables,410,annotation,yes,,,,OemNetworkDxe/00000438.asm
OemNetworkDxe,000005D4,find_config_table_entry,105,annotation,yes,,,,OemNetworkDxe/000005D4.asm
OemOcDxe,000002C0,cpu_pause,3,annotation,yes,,,,OemOcDxe/000002C0.asm
OemOcDxe,000002D0,read_timestamp_counter,10,annotation,yes,,,,OemOcDxe/000002D0.asm
OemOcDxe,000002E0,enable_interrupts,2,annotation,yes,,,,OemOcDxe/000002E0.asm
OemOcDxe,000002F0,disable_interrupts,2,annotation,yes,,,,OemOcDxe/000002F0.asm
OemOcDxe,00000300,read_rflags,3,annotation,yes,,,,OemOcDxe/00000300.asm
OemOcDxe,000003D0,entry,28,entry,no,,,,OemOcDxe/000003D0.asm
OemOcDxe,000003EC,FUN_000003ec,265,annotation,no,,,,OemOcDxe/000003EC.asm
OemOcDxe,000004F8,OemOcDxeMain,224,annotation,yes,,,,OemOcDxe/000004F8.asm
OemOcDxe,000005D8,MemOcGpio,161,annotation,yes,,,,OemOcDxe/000005D8.asm
OemOcDxe,0000067C,OcRecovery,299,annotation,yes,,,,OemOcDxe/0000067C.asm
OemOcDxe,000007A8,SyncOcVariables,571,annotation,yes,,,,OemOcDxe/000007A8.asm
OemOcDxe,000009E4,bounds_check_index_pair,132,annotation,yes,,,,OemOcDxe/000009E4.asm
OemOcDxe,00000A68,read_table_field_via_mmio,261,annotation,yes,,,,OemOcDxe/00000A68.asm
OemOcDxe,00000B70,FUN_00000b70,192,auto,no,,,,OemOcDxe/00000B70.asm
OemOcDxe,00000C30,PadOwnership,89,annotation,yes,,,,OemOcDxe/00000C30.asm
OemOcDxe,00000C8C,read_field_selector_6,79,annotation,yes,,,,OemOcDxe/00000C8C.asm
OemOcDxe,00000CDC,read_field_selector_7,79,annotation,yes,,,,OemOcDxe/00000CDC.asm
OemOcDxe,00000D2C,SbiClearLockTx,84,annotation,yes,,,,OemOcDxe/00000D2C.asm
OemOcDxe,00000D80,SbiSetLockTx,82,annotation,yes,,,,OemOcDxe/00000D80.asm
OemOcDxe,00000DD4,EcWritePortByte,119,annotation,yes,,,,OemOcDxe/00000DD4.asm
OemOcDxe,00000E4C,EcDrainObf,133,annotation,yes,,,,OemOcDxe/00000E4C.asm
OemOcDxe,00000ED4,EcWaitIbfClear,99,annotation,yes,,,,OemOcDxe/00000ED4.asm
OemOcDxe,00000F38,EcWriteCommandData,198,annotation,yes,,,,OemOcDxe/00000F38.asm
OemOcDxe,00001000,find_config_table_entry_by_guid,105,annotation,yes,,,,OemOcDxe/00001000.asm
OemOcDxe,0000106C,wait_port_1808_ticks,96,annotation,yes,,,,OemOcDxe/0000106C.asm
OemOcDxe,000010CC,FUN_000010cc,49,auto,no,,,,OemOcDxe/000010CC.asm
OemOcDxe,00001100,classify_device_id_word,87,annotation,yes,,,,OemOcDxe/00001100.asm
OemOcDxe,00001158,IsPchLp,66,annotation,yes,,,,OemOcDxe/00001158.asm
OemOcDxe,0000119C,MemOcSetGppB22Tx,157,annotation,yes,,,,OemOcDxe/0000119C.asm
OemOcDxe,0000123C,select_table_by_class,51,annotation,yes,,,,OemOcDxe/0000123C.asm
OemOcDxe,00001270,FUN_00001270,304,annotation,no,,,,OemOcDxe/00001270.asm
OemOcPei,FFF823B9,module_entry_dispatch_services,76,entry,yes,,,,OemOcPei/FFF823B9.asm
OemOcPei,FFF8254F,set_config_and_mmio_bit11,173,annotation,yes,,,,OemOcPei/FFF8254F.asm
OemOcPei,FFF825FC,FUN_fff825fc,91,auto,no,,,,OemOcPei/FFF825FC.asm
OemOcPei,FFF82657,FUN_fff82657,105,auto,no,,,,OemOcPei/FFF82657.asm
OemOcPei,FFF826C0,ec_drain_obf,109,annotation,yes,,,,OemOcPei/FFF826C0.asm
OemOcPei,FFF8272D,ec_wait_ibf_clear,82,annotation,yes,,,,OemOcPei/FFF8272D.asm
OemOcPei,FFF8277F,ec_write_command_data,63,annotation,yes,,,,OemOcPei/FFF8277F.asm
OemOcPei,FFF827BE,FUN_fff827be,53,auto,no,,,,OemOcPei/FFF827BE.asm
OemOcPei,FFF827F3,ec_read_reg_0741,129,annotation,yes,,,,OemOcPei/FFF827F3.asm
OemOcPei,FFF82874,port_1808_counter_delay,73,annotation,yes,,,,OemOcPei/FFF82874.asm
OemOcPei,FFF828BD,FUN_fff828bd,71,auto,no,,,,OemOcPei/FFF828BD.asm
OemOcPei,FFF82904,find_entry_by_16byte_key,118,annotation,yes,,,,OemOcPei/FFF82904.asm
OemOcPei,FFF82997,pci_config_read16,89,annotation,yes,,,,OemOcPei/FFF82997.asm
OemOcPei,FFF829F0,pci_config_write16,94,annotation,yes,,,,OemOcPei/FFF829F0.asm
OemOcPei,FFF82A4E,compare_16bytes,36,annotation,yes,,,,OemOcPei/FFF82A4E.asm
OemPowerModeDxe,000002C0,cpu_pause,3,annotation,yes,,,,OemPowerModeDxe/000002C0.asm
OemPowerModeDxe,000002D0,read_timestamp_counter,10,annotation,yes,,,,OemPowerModeDxe/000002D0.asm
OemPowerModeDxe,000002E0,enable_interrupts,2,annotation,yes,,,,OemPowerModeDxe/000002E0.asm
OemPowerModeDxe,000002F0,FUN_000002f0,2,annotation,no,,,,OemPowerModeDxe/000002F0.asm
OemPowerModeDxe,00000300,read_rflags,3,annotation,yes,,,,OemPowerModeDxe/00000300.asm
OemPowerModeDxe,00000310,module_entry_register_signal_event,118,annotation,yes,,,,OemPowerModeDxe/00000310.asm
OemPowerModeDxe,00000388,FUN_00000388,265,annotation,no,,,,OemPowerModeDxe/00000388.asm
OemPowerModeDxe,00000494,signal_notify_update_variables_and_registers,474,annotation,yes,,,,OemPowerModeDxe/00000494.asm
OemPowerModeDxe,00000670,write_port_byte_after_wait,119,annotation,yes,,,,OemPowerModeDxe/00000670.asm
OemPowerModeDxe,000006E8,drain_data_port_to_port_80,133,annotation,yes,,,,OemPowerModeDxe/000006E8.asm
OemPowerModeDxe,00000770,wait_port_input_buffer_empty,99,annotation,yes,,,,OemPowerModeDxe/00000770.asm
OemPowerModeDxe,000007D4,exchange_command_and_data_byte,198,annotation,yes,,,,OemPowerModeDxe/000007D4.asm
OemPowerModeDxe,0000089C,read_port_register_byte,155,annotation,yes,,,,OemPowerModeDxe/0000089C.asm
OemPowerModeDxe,00000938,find_config_table_entry_by_guid,105,annotation,yes,,,,OemPowerModeDxe/00000938.asm
OemPowerModeDxe,000009A4,wait_port_1808_ticks,96,annotation,yes,,,,OemPowerModeDxe/000009A4.asm
OemPowerModeDxe,00000A04,usec_to_port_1808_ticks,49,annotation,yes,,,,OemPowerModeDxe/00000A04.asm
OemQkeyDxe,000002C0,cpu_pause,3,annotation,yes,,,,OemQkeyDxe/000002C0.asm
OemQkeyDxe,000002D0,read_timestamp_counter,10,annotation,yes,,,,OemQkeyDxe/000002D0.asm
OemQkeyDxe,000002E0,enable_interrupts,2,annotation,yes,,,,OemQkeyDxe/000002E0.asm
OemQkeyDxe,000002F0,disable_interrupts,2,annotation,yes,,,,OemQkeyDxe/000002F0.asm
OemQkeyDxe,00000300,read_rflags,3,annotation,yes,,,,OemQkeyDxe/00000300.asm
OemQkeyDxe,00000310,module_entry_point,28,annotation,yes,,,,OemQkeyDxe/00000310.asm
OemQkeyDxe,0000032C,FUN_0000032c,265,annotation,no,,,,OemQkeyDxe/0000032C.asm
OemQkeyDxe,00000438,FUN_00000438,757,annotation,no,,,,OemQkeyDxe/00000438.asm
OemQkeyDxe,00000730,write_byte_to_status_port_after_poll,119,annotation,yes,,,,OemQkeyDxe/00000730.asm
OemQkeyDxe,000007A8,FUN_000007a8,133,annotation,no,,,,OemQkeyDxe/000007A8.asm
OemQkeyDxe,00000830,wait_status_port_bit1_clear,99,annotation,yes,,,,OemQkeyDxe/00000830.asm
OemQkeyDxe,00000894,exchange_command_and_data_byte,198,annotation,yes,,,,OemQkeyDxe/00000894.asm
OemQkeyDxe,0000095C,find_guid_in_18byte_record_array,105,annotation,yes,,,,OemQkeyDxe/0000095C.asm
OemQkeyDxe,000009C8,wait_port_1808_ticks,96,annotation,yes,,,,OemQkeyDxe/000009C8.asm
OemQkeyDxe,00000A28,scale_argument_to_ticks_and_wait,49,annotation,yes,,,,OemQkeyDxe/00000A28.asm
OemSWBoardIDDxe,000002C0,cpu_pause,3,annotation,yes,,,,OemSWBoardIDDxe/000002C0.asm
OemSWBoardIDDxe,000002D0,read_timestamp_counter,10,annotation,yes,,,,OemSWBoardIDDxe/000002D0.asm
OemSWBoardIDDxe,000002E0,enable_interrupts,2,annotation,yes,,,,OemSWBoardIDDxe/000002E0.asm
OemSWBoardIDDxe,000002F0,disable_interrupts,2,annotation,yes,,,,OemSWBoardIDDxe/000002F0.asm
OemSWBoardIDDxe,00000300,read_flags,3,annotation,yes,,,,OemSWBoardIDDxe/00000300.asm
OemSWBoardIDDxe,00000310,module_init_entry,28,annotation,yes,,,,OemSWBoardIDDxe/00000310.asm
OemSWBoardIDDxe,0000032C,scan_table_for_matching_record,265,annotation,yes,,,,OemSWBoardIDDxe/0000032C.asm
OemSWBoardIDDxe,00000438,program_indexed_ports_by_flags,352,annotation,yes,,,,OemSWBoardIDDxe/00000438.asm
OemSWBoardIDDxe,00000598,write_command_port_byte,119,annotation,yes,,,,OemSWBoardIDDxe/00000598.asm
OemSWBoardIDDxe,00000610,flush_data_port_to_80,133,annotation,yes,,,,OemSWBoardIDDxe/00000610.asm
OemSWBoardIDDxe,00000698,wait_port_ready_bit,99,annotation,yes,,,,OemSWBoardIDDxe/00000698.asm
OemSWBoardIDDxe,000006FC,FUN_000006fc,198,auto,no,,,,OemSWBoardIDDxe/000006FC.asm
OemSWBoardIDDxe,000007C4,find_table_entry_by_guid,105,annotation,yes,,,,OemSWBoardIDDxe/000007C4.asm
OemSWBoardIDDxe,00000830,wait_port_counter_ticks,96,annotation,yes,,,,OemSWBoardIDDxe/00000830.asm
OemSWBoardIDDxe,00000890,FUN_00000890,49,auto,no,,,,OemSWBoardIDDxe/00000890.asm
OemServiceDxe,000002A0,zero_memory,29,annotation,yes,,,,OemServiceDxe/000002A0.asm
OemServiceDxe,000002C0,copy_memory,60,annotation,yes,,,,OemServiceDxe/000002C0.asm
OemServiceDxe,00000300,cpu_pause,3,annotation,yes,,,,OemServiceDxe/00000300.asm
OemServiceDxe,00000310,FUN_00000310,10,annotation,no,,,,OemServiceDxe/00000310.asm
OemServiceDxe,00000320,enable_interrupts,2,annotation,yes,,,,OemServiceDxe/00000320.asm
OemServiceDxe,00000330,disable_interrupts,2,annotation,yes,,,,OemServiceDxe/00000330.asm
OemServiceDxe,00000340,read_eflags,3,annotation,yes,,,,OemServiceDxe/00000340.asm
OemServiceDxe,00000350,module_entry,43,annotation,yes,,,,OemServiceDxe/00000350.asm
OemServiceDxe,0000037C,walk_typed_table_for_guid,294,annotation,yes,,,,OemServiceDxe/0000037C.asm
OemServiceDxe,000004A4,FUN_000004a4,452,auto,no,,,,OemServiceDxe/000004A4.asm
OemServiceDxe,000007C8,FUN_000007c8,131,auto,no,,,,OemServiceDxe/000007C8.asm
OemServiceDxe,00000A08,FUN_00000a08,602,auto,no,,,,OemServiceDxe/00000A08.asm
OemServiceDxe,00000C64,forward_to_variable_sync,55,annotation,yes,,,,OemServiceDxe/00000C64.asm
OemServiceDxe,00000C9C,FUN_00000c9c,143,auto,no,,,,OemServiceDxe/00000C9C.asm
OemServiceDxe,00000D2C,write_byte_to_selected_port,119,annotation,yes,,,,OemServiceDxe/00000D2C.asm
OemServiceDxe,00000DA4,drain_output_buffer_to_port_80,133,annotation,yes,,,,OemServiceDxe/00000DA4.asm
OemServiceDxe,00000E2C,wait_port_bit1_clear,99,annotation,yes,,,,OemServiceDxe/00000E2C.asm
OemServiceDxe,00000E90,write_two_bytes_to_port_pair,198,annotation,yes,,,,OemServiceDxe/00000E90.asm
OemServiceDxe,00000F58,write_register_a3_a2_a5,95,annotation,yes,,,,OemServiceDxe/00000F58.asm
OemServiceDxe,00000FB8,read_register_a3_a2_a4,155,annotation,yes,,,,OemServiceDxe/00000FB8.asm
OemServiceDxe,00001054,find_record_by_id,105,annotation,yes,,,,OemServiceDxe/00001054.asm
OemServiceDxe,000010C0,FUN_000010c0,96,auto,no,,,,OemServiceDxe/000010C0.asm
OemServiceDxe,00001120,delay_by_counter_ticks,49,annotation,yes,,,,OemServiceDxe/00001120.asm
OemServiceSmm,00001000,save_cpu_context_and_jump,194,annotation,yes,,,,OemServiceSmm/00001000.asm
OemServiceSmm,000010D0,restore_cpu_context_and_jump,172,annotation,yes,,,,OemServiceSmm/000010D0.asm
OemServiceSmm,00001180,memcpy_forward_or_reverse,60,annotation,yes,,,,OemServiceSmm/00001180.asm
OemServiceSmm,000011C0,memset_zero,29,annotation,yes,,,,OemServiceSmm/000011C0.asm
OemServiceSmm,000011E0,memset_byte,17,annotation,yes,,,,OemServiceSmm/000011E0.asm
OemServiceSmm,00001200,memcmp_bytes,29,annotation,yes,,,,OemServiceSmm/00001200.asm
OemServiceSmm,00001260,cpu_relax_pause,3,annotation,yes,,,,OemServiceSmm/00001260.asm
OemServiceSmm,00001270,read_timestamp_counter,10,annotation,yes,,,,OemServiceSmm/00001270.asm
OemServiceSmm,00001280,enable_interrupts,2,annotation,yes,,,,OemServiceSmm/00001280.asm
OemServiceSmm,00001290,disable_interrupts,2,annotation,yes,,,,OemServiceSmm/00001290.asm
OemServiceSmm,000012A0,read_flags_register,3,annotation,yes,,,,OemServiceSmm/000012A0.asm
OemServiceSmm,000012B0,entry,135,entry,no,,,,OemServiceSmm/000012B0.asm
OemServiceSmm,00001338,FUN_00001338,502,auto,no,,,,OemServiceSmm/00001338.asm
OemServiceSmm,00001530,append_text_record_to_output,146,annotation,yes,,,,OemServiceSmm/00001530.asm
OemServiceSmm,000015C4,output_contains_record_named,246,annotation,yes,,,,OemServiceSmm/000015C4.asm
OemServiceSmm,000016BC,get_argument_string_for_record,359,annotation,yes,,,,OemServiceSmm/000016BC.asm
OemServiceSmm,00001824,get_trailing_value_for_named_record,262,annotation,yes,,,,OemServiceSmm/00001824.asm
OemServiceSmm,0000192C,FUN_0000192c,123,auto,no,,,,OemServiceSmm/0000192C.asm
OemServiceSmm,000019A8,parse_number_string_auto_base,82,annotation,yes,,,,OemServiceSmm/000019A8.asm
OemServiceSmm,000019FC,clear_output_buffer,36,annotation,yes,,,,OemServiceSmm/000019FC.asm
OemServiceSmm,00001B2C,FUN_00001b2c,287,auto,no,,,,OemServiceSmm/00001B2C.asm
OemServiceSmm,00001C4C,dispatch_command_by_table_id,173,annotation,yes,,,,OemServiceSmm/00001C4C.asm
OemServiceSmm,00001CFC,register_sw_dispatch_handler,522,annotation,yes,,,,OemServiceSmm/00001CFC.asm
OemServiceSmm,00001F08,locate_protocols_and_register_dispatch,286,annotation,yes,,,,OemServiceSmm/00001F08.asm
OemServiceSmm,00002028,handle_gpu_clock_command,562,annotation,yes,,,,OemServiceSmm/00002028.asm
OemServiceSmm,0000225C,append_clock_help_text,101,annotation,yes,,,,OemServiceSmm/0000225C.asm
OemServiceSmm,000022C4,dispatch_clock_command,168,annotation,yes,,,,OemServiceSmm/000022C4.asm
OemServiceSmm,0000236C,FUN_0000236c,387,auto,no,,,,OemServiceSmm/0000236C.asm
OemServiceSmm,000024F0,append_board_id_help_text,176,annotation,yes,,,,OemServiceSmm/000024F0.asm
OemServiceSmm,00002648,read_modify_write_fixed_port_page,370,annotation,yes,,,,OemServiceSmm/00002648.asm
OemServiceSmm,000027BC,FUN_000027bc,69,auto,no,,,,OemServiceSmm/000027BC.asm
OemServiceSmm,00002804,set_oem_var_byte_in_0xb4_block,166,annotation,yes,,,,OemServiceSmm/00002804.asm
OemServiceSmm,000028AC,handle_set_tdr,287,annotation,yes,,,,OemServiceSmm/000028AC.asm
OemServiceSmm,000029CC,append_settdr_help,71,annotation,yes,,,,OemServiceSmm/000029CC.asm
OemServiceSmm,00002AC4,append_notebook_type_help,345,annotation,yes,,,,OemServiceSmm/00002AC4.asm
OemServiceSmm,00002C20,FUN_00002c20,315,auto,no,,,,OemServiceSmm/00002C20.asm
OemServiceSmm,00002D5C,set_notebook_type,376,annotation,yes,,,,OemServiceSmm/00002D5C.asm
OemServiceSmm,00002ED4,set_notebook_mode,376,annotation,yes,,,,OemServiceSmm/00002ED4.asm
OemServiceSmm,0000304C,set_notebook_mode_table,569,annotation,yes,,,,OemServiceSmm/0000304C.asm
OemServiceSmm,00003288,dispatch_notebook_command,183,annotation,yes,,,,OemServiceSmm/00003288.asm
OemServiceSmm,00003340,FUN_00003340,460,auto,no,,,,OemServiceSmm/00003340.asm
OemServiceSmm,0000350C,append_setkbl_help,86,annotation,yes,,,,OemServiceSmm/0000350C.asm
OemServiceSmm,00003564,dispatch_setkbl_command,110,annotation,yes,,,,OemServiceSmm/00003564.asm
OemServiceSmm,000035D4,print_ledkb_status_bytes,422,annotation,yes,,,,OemServiceSmm/000035D4.asm
OemServiceSmm,0000377C,handle_ledkb_set_data,650,annotation,yes,,,,OemServiceSmm/0000377C.asm
OemServiceSmm,00003A08,append_ledkb_help,86,annotation,yes,,,,OemServiceSmm/00003A08.asm
OemServiceSmm,00003A60,dispatch_ledkb_command,118,annotation,yes,,,,OemServiceSmm/00003A60.asm
OemServiceSmm,00003AD8,append_adaptor_type_help,161,annotation,yes,,,,OemServiceSmm/00003AD8.asm
OemServiceSmm,00003B7C,get_adaptor_type_name,170,annotation,yes,,,,OemServiceSmm/00003B7C.asm
OemServiceSmm,00003C28,set_adaptor_type,376,annotation,yes,,,,OemServiceSmm/00003C28.asm
OemServiceSmm,00003E24,append_me_unlock_help,79,annotation,yes,,,,OemServiceSmm/00003E24.asm
OemServiceSmm,00003E74,set_me_region_lock,316,annotation,yes,,,,OemServiceSmm/00003E74.asm
OemServiceSmm,000040B8,print_usb_light_bar_mode,402,annotation,yes,,,,OemServiceSmm/000040B8.asm
OemServiceSmm,0000424C,FUN_0000424c,670,auto,no,,,,OemServiceSmm/0000424C.asm
OemServiceSmm,000044EC,append_usb_light_bar_help,146,annotation,yes,,,,OemServiceSmm/000044EC.asm
OemServiceSmm,00004580,dispatch_usb_light_bar_command,145,annotation,yes,,,,OemServiceSmm/00004580.asm
OemServiceSmm,00004614,report_flash_write_status,141,annotation,yes,,,,OemServiceSmm/00004614.asm
OemServiceSmm,000046A4,write_oem_var_word_and_three_bytes,230,annotation,yes,,,,OemServiceSmm/000046A4.asm
OemServiceSmm,0000478C,FUN_0000478c,3277,auto,no,,,,OemServiceSmm/0000478C.asm
OemServiceSmm,0000545C,handle_set_rgb_components,699,annotation,yes,,,,OemServiceSmm/0000545C.asm
OemServiceSmm,00005718,append_setapctrl_help,281,annotation,yes,,,,OemServiceSmm/00005718.asm
OemServiceSmm,00005834,dispatch_setapctrl_command,576,annotation,yes,,,,OemServiceSmm/00005834.asm
OemServiceSmm,00005B30,get_modify_set_oem_var_byte,166,annotation,yes,,,,OemServiceSmm/00005B30.asm
OemServiceSmm,00005BD8,append_color_calibration_help,71,annotation,yes,,,,OemServiceSmm/00005BD8.asm
OemServiceSmm,00005C20,handle_set_color_calibration,271,annotation,yes,,,,OemServiceSmm/00005C20.asm
OemServiceSmm,00005DF4,append_rwblock0_help,101,annotation,yes,,,,OemServiceSmm/00005DF4.asm
OemServiceSmm,00005E5C,append_rwblock0adv_help,116,annotation,yes,,,,OemServiceSmm/00005E5C.asm
OemServiceSmm,00005ED0,parse_offset_argument,135,annotation,yes,,,,OemServiceSmm/00005ED0.asm
OemServiceSmm,00005F58,parse_range_argument,255,annotation,yes,,,,OemServiceSmm/00005F58.asm
OemServiceSmm,00006264,dispatch_rwblock0adv_command,1129,annotation,yes,,,,OemServiceSmm/00006264.asm
OemServiceSmm,000066D0,append_display_mode_help,161,annotation,yes,,,,OemServiceSmm/000066D0.asm
OemServiceSmm,00006774,get_display_mode_name,170,annotation,yes,,,,OemServiceSmm/00006774.asm
OemServiceSmm,00006820,set_display_mode,376,annotation,yes,,,,OemServiceSmm/00006820.asm
OemServiceSmm,00006A1C,write_oem_block_byte_if_changed,155,annotation,yes,,,,OemServiceSmm/00006A1C.asm
OemServiceSmm,00006AB8,set_four_oem_var_bytes,228,annotation,yes,,,,OemServiceSmm/00006AB8.asm
OemServiceSmm,00006B9C,append_setmode_help,229,annotation,yes,,,,OemServiceSmm/00006B9C.asm
OemServiceSmm,00006C84,handle_setmode,457,annotation,yes,,,,OemServiceSmm/00006C84.asm
OemServiceSmm,00006E50,handle_setcontrol,319,annotation,yes,,,,OemServiceSmm/00006E50.asm
OemServiceSmm,00006F90,handle_setrgb,461,annotation,yes,,,,OemServiceSmm/00006F90.asm
OemServiceSmm,00007160,print_customization_state,216,annotation,yes,,,,OemServiceSmm/00007160.asm
OemServiceSmm,000072F0,append_logo_help,71,annotation,yes,,,,OemServiceSmm/000072F0.asm
OemServiceSmm,00007594,append_turbo_mode_help,161,annotation,yes,,,,OemServiceSmm/00007594.asm
OemServiceSmm,00007638,get_turbo_mode_name,170,annotation,yes,,,,OemServiceSmm/00007638.asm
OemServiceSmm,000076E4,set_turbo_mode,376,annotation,yes,,,,OemServiceSmm/000076E4.asm
OemServiceSmm,000078E0,report_unsupported_command,58,annotation,yes,,,,OemServiceSmm/000078E0.asm
OemServiceSmm,0000791C,append_keyboard_light_help,71,annotation,yes,,,,OemServiceSmm/0000791C.asm
OemServiceSmm,00007964,handle_set_keyboard_light,244,annotation,yes,,,,OemServiceSmm/00007964.asm
OemServiceSmm,00007B1C,append_model_id_help,161,annotation,yes,,,,OemServiceSmm/00007B1C.asm
OemServiceSmm,00007BC0,get_model_id_name,170,annotation,yes,,,,OemServiceSmm/00007BC0.asm
OemServiceSmm,00007C6C,set_model_id,376,annotation,yes,,,,OemServiceSmm/00007C6C.asm
OemServiceSmm,00007E68,hex_char_to_value,46,annotation,yes,,,,OemServiceSmm/00007E68.asm
OemServiceSmm,00007E98,strncmp_bounded,50,annotation,yes,,,,OemServiceSmm/00007E98.asm
OemServiceSmm,00007ECC,nop_stub,3,annotation,yes,,,,OemServiceSmm/00007ECC.asm
OemServiceSmm,00007ED0,strnlen_cap_1e6,35,annotation,yes,,,,OemServiceSmm/00007ED0.asm
OemServiceSmm,00007EF4,strtoull_base10,164,annotation,yes,,,,OemServiceSmm/00007EF4.asm
OemServiceSmm,00007F98,strtoull_base16,207,annotation,yes,,,,OemServiceSmm/00007F98.asm
OemServiceSmm,00008068,write_port_wait_status_bit1,119,annotation,yes,,,,OemServiceSmm/00008068.asm
OemServiceSmm,000080E0,drain_port_data_to_port_80,133,annotation,yes,,,,OemServiceSmm/000080E0.asm
OemServiceSmm,00008168,wait_status_bit1_clear,99,annotation,yes,,,,OemServiceSmm/00008168.asm
OemServiceSmm,000081CC,FUN_000081cc,198,auto,no,,,,OemServiceSmm/000081CC.asm
OemServiceSmm,00008294,write_bytes_a3_a2_a5,95,annotation,yes,,,,OemServiceSmm/00008294.asm
OemServiceSmm,000082F4,read_data_port_after_a4,155,annotation,yes,,,,OemServiceSmm/000082F4.asm
OemServiceSmm,00008390,locate_9df8_or_call_9e08,136,annotation,yes,,,,OemServiceSmm/00008390.asm
OemServiceSmm,00008418,acquire_9010_or_call_9030,225,annotation,yes,,,,OemServiceSmm/00008418.asm
OemServiceSmm,000084FC,find_record_by_16byte_key,74,annotation,yes,,,,OemServiceSmm/000084FC.asm
OemServiceSmm,00008548,format_number_radix,113,annotation,yes,,,,OemServiceSmm/00008548.asm
OemServiceSmm,000085BC,parse_number_saturating,212,annotation,yes,,,,OemServiceSmm/000085BC.asm
OemServiceSmm,00008690,status_code_to_string,199,annotation,yes,,,,OemServiceSmm/00008690.asm
OemServiceSmm,00008758,format_string_va_list,999,annotation,yes,,,,OemServiceSmm/00008758.asm
OemServiceSmm,00008B40,format_string_1arg,29,annotation,yes,,,,OemServiceSmm/00008B40.asm
OemServiceSmm,00008B60,match_key_at_9e30,121,annotation,yes,,,,OemServiceSmm/00008B60.asm
OemServiceSmm,00008BDC,address_in_recorded_range,67,annotation,yes,,,,OemServiceSmm/00008BDC.asm
OemServiceSmm,00008C20,create_object_type_6,46,annotation,yes,,,,OemServiceSmm/00008C20.asm
OemServiceSmm,00008C50,free_range_buffer,57,annotation,yes,,,,OemServiceSmm/00008C50.asm
OemServiceSmm,00008C8C,get_config_table_by_guid,105,annotation,yes,,,,OemServiceSmm/00008C8C.asm
OemServiceSmm,00008CF8,wait_port_1808_ticks,96,annotation,yes,,,,OemServiceSmm/00008CF8.asm
OemServiceSmm,00008D58,delay_by_units,49,annotation,yes,,,,OemServiceSmm/00008D58.asm
OemServiceSmm,00008E40,memmove_overlap_safe,176,annotation,yes,,,,OemServiceSmm/00008E40.asm
OemTurboModeDxe,000002C0,cpu_pause,3,annotation,yes,,,,OemTurboModeDxe/000002C0.asm
OemTurboModeDxe,000002D0,read_timestamp_counter,10,annotation,yes,,,,OemTurboModeDxe/000002D0.asm
OemTurboModeDxe,000002E0,enable_interrupts,2,annotation,yes,,,,OemTurboModeDxe/000002E0.asm
OemTurboModeDxe,000002F0,disable_interrupts,2,annotation,yes,,,,OemTurboModeDxe/000002F0.asm
OemTurboModeDxe,00000300,read_rflags,3,annotation,yes,,,,OemTurboModeDxe/00000300.asm
OemTurboModeDxe,00000310,module_entry,118,annotation,yes,,,,OemTurboModeDxe/00000310.asm
OemTurboModeDxe,00000388,scan_for_record_then_locate_protocol,265,annotation,yes,,,,OemTurboModeDxe/00000388.asm
OemTurboModeDxe,00000494,FUN_00000494,384,annotation,no,,,,OemTurboModeDxe/00000494.asm
OemTurboModeDxe,00000614,poll_status_bit1_then_write,119,annotation,yes,,,,OemTurboModeDxe/00000614.asm
OemTurboModeDxe,0000068C,drain_data_port_byte,133,annotation,yes,,,,OemTurboModeDxe/0000068C.asm
OemTurboModeDxe,00000714,poll_status_bit1,99,annotation,yes,,,,OemTurboModeDxe/00000714.asm
OemTurboModeDxe,00000778,write_index_data_byte,198,annotation,yes,,,,OemTurboModeDxe/00000778.asm
OemTurboModeDxe,00000840,find_config_table_by_guid,105,annotation,yes,,,,OemTurboModeDxe/00000840.asm
OemTurboModeDxe,000008AC,delay_by_port_counter_ticks,96,annotation,yes,,,,OemTurboModeDxe/000008AC.asm
OemTurboModeDxe,0000090C,scale_units_to_port_ticks,49,annotation,yes,,,,OemTurboModeDxe/0000090C.asm
OemUniWillVariableDxe,000002C0,cpu_pause,3,annotation,yes,,,,OemUniWillVariableDxe/000002C0.asm
OemUniWillVariableDxe,000002D0,read_timestamp_counter,10,annotation,yes,,,,OemUniWillVariableDxe/000002D0.asm
OemUniWillVariableDxe,000002E0,enable_interrupts,2,annotation,yes,,,,OemUniWillVariableDxe/000002E0.asm
OemUniWillVariableDxe,000002F0,disable_interrupts,2,annotation,yes,,,,OemUniWillVariableDxe/000002F0.asm
OemUniWillVariableDxe,00000300,read_rflags,3,annotation,yes,,,,OemUniWillVariableDxe/00000300.asm
OemUniWillVariableDxe,00000310,module_entry_scan_and_init_variable,55,annotation,yes,,,,OemUniWillVariableDxe/00000310.asm
OemUniWillVariableDxe,00000348,scan_tag_table_then_call_protocol,265,annotation,yes,,,,OemUniWillVariableDxe/00000348.asm
OemUniWillVariableDxe,00000454,FUN_00000454,457,auto,no,,,,OemUniWillVariableDxe/00000454.asm
OemUniWillVariableDxe,00000620,write_port_byte_after_wait,119,annotation,yes,,,,OemUniWillVariableDxe/00000620.asm
OemUniWillVariableDxe,00000698,FUN_00000698,133,annotation,no,,,,OemUniWillVariableDxe/00000698.asm
OemUniWillVariableDxe,00000720,wait_port_input_buffer_empty,99,annotation,yes,,,,OemUniWillVariableDxe/00000720.asm
OemUniWillVariableDxe,00000784,exchange_command_and_data_byte,198,annotation,yes,,,,OemUniWillVariableDxe/00000784.asm
OemUniWillVariableDxe,0000084C,read_port_register_byte,155,annotation,yes,,,,OemUniWillVariableDxe/0000084C.asm
OemUniWillVariableDxe,000008E8,find_config_table_entry_by_guid,105,annotation,yes,,,,OemUniWillVariableDxe/000008E8.asm
OemUniWillVariableDxe,00000954,FUN_00000954,96,auto,no,,,,OemUniWillVariableDxe/00000954.asm
OemUniWillVariableDxe,000009B4,usec_to_port_1808_ticks,49,annotation,yes,,,,OemUniWillVariableDxe/000009B4.asm
OemUniWillVariableDxe,00000A40,memset_bytes,81,annotation,yes,,,,OemUniWillVariableDxe/00000A40.asm
OemUsbLightBarDxe,00000260,cpu_pause,3,annotation,yes,,,,OemUsbLightBarDxe/00000260.asm
OemUsbLightBarDxe,00000270,read_timestamp_counter,10,annotation,yes,,,,OemUsbLightBarDxe/00000270.asm
OemUsbLightBarDxe,00000280,enable_interrupts,2,annotation,yes,,,,OemUsbLightBarDxe/00000280.asm
OemUsbLightBarDxe,00000290,disable_interrupts,2,annotation,yes,,,,OemUsbLightBarDxe/00000290.asm
OemUsbLightBarDxe,000002A0,read_rflags,3,annotation,yes,,,,OemUsbLightBarDxe/000002A0.asm
OemUsbLightBarDxe,00000310,module_entry,28,annotation,yes,,,,OemUsbLightBarDxe/00000310.asm
OemUsbLightBarDxe,0000032C,FUN_0000032c,265,annotation,no,,,,OemUsbLightBarDxe/0000032C.asm
OemUsbLightBarDxe,00000438,FUN_00000438,567,annotation,no,,,,OemUsbLightBarDxe/00000438.asm
OemUsbLightBarDxe,00000670,find_config_table_entry_by_guid,105,annotation,yes,,,,OemUsbLightBarDxe/00000670.asm
OemVariableHookDxe,000002C0,cpu_pause,3,annotation,yes,,,,OemVariableHookDxe/000002C0.asm
OemVariableHookDxe,000002D0,read_timestamp_counter,10,annotation,yes,,,,OemVariableHookDxe/000002D0.asm
OemVariableHookDxe,000002E0,enable_interrupts,2,annotation,yes,,,,OemVariableHookDxe/000002E0.asm
OemVariableHookDxe,000002F0,disable_interrupts,2,annotation,yes,,,,OemVariableHookDxe/000002F0.asm
OemVariableHookDxe,00000300,read_flags,3,annotation,yes,,,,OemVariableHookDxe/00000300.asm
OemVariableHookDxe,00000310,module_init_entry,28,annotation,yes,,,,OemVariableHookDxe/00000310.asm
OemVariableHookDxe,0000032C,FUN_0000032c,265,annotation,no,,,,OemVariableHookDxe/0000032C.asm
OemVariableHookDxe,00000438,rewrite_nv_variable_gated_on_byte_44,222,annotation,yes,,,,OemVariableHookDxe/00000438.asm
OemVariableHookDxe,00000518,find_config_table_entry_by_guid,105,annotation,yes,,,,OemVariableHookDxe/00000518.asm
OverClockSmiHandler,00001000,save_smm_cpu_context,194,annotation,yes,,,,OverClockSmiHandler/00001000.asm
OverClockSmiHandler,000010D0,FUN_000010d0,39,annotation,no,,,,OverClockSmiHandler/000010D0.asm
OverClockSmiHandler,00001130,restore_smm_cpu_context,172,annotation,yes,,,,OverClockSmiHandler/00001130.asm
OverClockSmiHandler,00001240,cpu_pause,3,annotation,yes,,,,OverClockSmiHandler/00001240.asm
OverClockSmiHandler,00001250,read_tsc,10,annotation,yes,,,,OverClockSmiHandler/00001250.asm
OverClockSmiHandler,00001260,enable_interrupts,2,annotation,yes,,,,OverClockSmiHandler/00001260.asm
OverClockSmiHandler,00001270,disable_interrupts,2,annotation,yes,,,,OverClockSmiHandler/00001270.asm
OverClockSmiHandler,00001280,read_eflags,3,annotation,yes,,,,OverClockSmiHandler/00001280.asm
OverClockSmiHandler,00001290,smi_handler_entry,75,annotation,yes,,,,OverClockSmiHandler/00001290.asm
OverClockSmiHandler,000012E0,init_module_globals,199,annotation,yes,,,,OverClockSmiHandler/000012E0.asm
OverClockSmiHandler,000013B0,forward_to_00005820,39,annotation,yes,,,,OverClockSmiHandler/000013B0.asm
OverClockSmiHandler,000013E0,record_status_and_restore_context,63,annotation,yes,,,,OverClockSmiHandler/000013E0.asm
OverClockSmiHandler,00001420,run_smm_handler_body,83,annotation,yes,,,,OverClockSmiHandler/00001420.asm
OverClockSmiHandler,00001480,test_cpuid6_and_msr_1a0,154,annotation,yes,,,,OverClockSmiHandler/00001480.asm
OverClockSmiHandler,00001520,test_msr_ce_bit29,71,annotation,yes,,,,OverClockSmiHandler/00001520.asm
OverClockSmiHandler,00001570,test_msr_ce_bit28,71,annotation,yes,,,,OverClockSmiHandler/00001570.asm
OverClockSmiHandler,000015C0,expand_runs_into_table_60f0,746,annotation,yes,,,,OverClockSmiHandler/000015C0.asm
OverClockSmiHandler,000018B0,encode_runs_from_byte_table,717,annotation,yes,,,,OverClockSmiHandler/000018B0.asm
OverClockSmiHandler,00005530,call_protocol_table_three_times,170,annotation,yes,,,,OverClockSmiHandler/00005530.asm
OverClockSmiHandler,000055E0,fetch_cpu_setup_var_then_locate,161,annotation,yes,,,,OverClockSmiHandler/000055E0.asm
OverClockSmiHandler,00005684,save_arg2_and_offset_60,21,annotation,yes,,,,OverClockSmiHandler/00005684.asm
OverClockSmiHandler,0000569C,save_arg2_offset_58,14,annotation,yes,,,,OverClockSmiHandler/0000569C.asm
OverClockSmiHandler,000056AC,locate_iface_6060_then_get_child,64,annotation,yes,,,,OverClockSmiHandler/000056AC.asm
OverClockSmiHandler,000056EC,FUN_000056ec,51,auto,no,,,,OverClockSmiHandler/000056EC.asm
OverClockSmiHandler,00005720,read_cpuid1_eax_low_nibble,49,annotation,yes,,,,OverClockSmiHandler/00005720.asm
OverClockSmiHandler,00005754,match_cpuid1_signature,50,annotation,yes,,,,OverClockSmiHandler/00005754.asm
OverClockSmiHandler,00005788,forward_to_00001130,5,annotation,yes,,,,OverClockSmiHandler/00005788.asm
OverClockSmiHandler,00005790,read_msr,10,annotation,yes,,,,OverClockSmiHandler/00005790.asm
OverClockSmiHandler,0000579C,empty_stub_return_zero,3,annotation,yes,,,,OverClockSmiHandler/0000579C.asm
OverClockSmiHandler,000057A0,locate_iface_6070_then_query,125,annotation,yes,,,,OverClockSmiHandler/000057A0.asm
OverClockSmiHandler,00005820,run_table_range_dispatch,16,annotation,yes,,,,OverClockSmiHandler/00005820.asm
OverClockSmiHandler,00005830,range_table_contains,67,annotation,yes,,,,OverClockSmiHandler/00005830.asm
OverClockSmiHandler,00005874,call_interface_0x50_with_arg_6,46,annotation,yes,,,,OverClockSmiHandler/00005874.asm
OverClockSmiHandler,000058A4,dispatch_on_table_range_test,57,annotation,yes,,,,OverClockSmiHandler/000058A4.asm
OverClockSmiHandler,000058E0,FUN_000058e0,3,auto,no,,,,OverClockSmiHandler/000058E0.asm
OverClockSmiHandler,000058E4,find_config_entry_by_key,105,annotation,yes,,,,OverClockSmiHandler/000058E4.asm
OverClockSmiHandler,00005950,prime_config_entry_cache,16,annotation,yes,,,,OverClockSmiHandler/00005950.asm
OverClockSmiHandler,00005960,FUN_00005960,179,auto,no,,,,OverClockSmiHandler/00005960.asm
OverClockSmiHandler,00005A14,FUN_00005a14,22,auto,no,,,,OverClockSmiHandler/00005A14.asm
OverClockSmiHandler,00005A2C,tailcall_cached_interface,26,annotation,yes,,,,OverClockSmiHandler/00005A2C.asm
OverClockSmiHandler,00005A48,call_interface_0xd0_with_guid_6040,61,annotation,yes,,,,OverClockSmiHandler/00005A48.asm
OverclockInterface,00000260,zero_bytes,29,annotation,yes,,,,OverclockInterface/00000260.asm
OverclockInterface,00000310,cpuid_read,39,annotation,yes,,,,OverclockInterface/00000310.asm
OverclockInterface,00000380,cpu_pause,3,annotation,yes,,,,OverclockInterface/00000380.asm
OverclockInterface,00000390,read_timestamp_counter,10,annotation,yes,,,,OverclockInterface/00000390.asm
OverclockInterface,000003A0,enable_interrupts_sti,2,annotation,yes,,,,OverclockInterface/000003A0.asm
OverclockInterface,000003B0,disable_interrupts_cli,2,annotation,yes,,,,OverclockInterface/000003B0.asm
OverclockInterface,000003C0,read_rflags,3,annotation,yes,,,,OverclockInterface/000003C0.asm
OverclockInterface,000003C4,entry,172,entry,no,,,,OverclockInterface/000003C4.asm
OverclockInterface,00000470,FUN_00000470,354,auto,no,,,,OverclockInterface/00000470.asm
OverclockInterface,00000740,allocate_pages,107,annotation,yes,,,,OverclockInterface/00000740.asm
OverclockInterface,000007AC,poll_protocol_handles,377,annotation,yes,,,,OverclockInterface/000007AC.asm
OverclockInterface,00000928,build_string_from_runs,379,annotation,yes,,,,OverclockInterface/00000928.asm
OverclockInterface,00001E14,FUN_00001e14,51,auto,no,,,,OverclockInterface/00001E14.asm
OverclockInterface,00001E48,read_cpuid1_stepping,49,annotation,yes,,,,OverclockInterface/00001E48.asm
OverclockInterface,00001E7C,FUN_00001e7c,50,auto,no,,,,OverclockInterface/00001E7C.asm
OverclockInterface,00001EB0,FUN_00001eb0,105,auto,no,,,,OverclockInterface/00001EB0.asm
OverclockInterface,00001F1C,find_table_node_by_id,77,annotation,yes,,,,OverclockInterface/00001F1C.asm
PeiOverClock,FFCFBB49,entry_clamp_status,12,entry,yes,,,,PeiOverClock/FFCFBB49.asm
PeiOverClock,FFCFBB55,FUN_ffcfbb55,41,auto,no,,,,PeiOverClock/FFCFBB55.asm
Setup,000002C0,memcmp_bytes,29,annotation,yes,,,,Setup/000002C0.asm
Setup,000002E0,memmove_bytes_02e0,60,annotation,yes,,,,Setup/000002E0.asm
Setup,00000320,memset_bytes,17,annotation,yes,,,,Setup/00000320.asm
Setup,00000340,memset_zero_bytes,29,annotation,yes,,,,Setup/00000340.asm
Setup,000003A0,cpuid_read_leaf,47,annotation,yes,,,,Setup/000003A0.asm
Setup,000003D0,FUN_000003d0,39,entry,no,,,,Setup/000003D0.asm
Setup,00000400,memset_words,18,annotation,yes,,,,Setup/00000400.asm
Setup,00000420,cpu_pause,3,annotation,yes,,,,Setup/00000420.asm
Setup,00000430,read_tsc,10,annotation,yes,,,,Setup/00000430.asm
Setup,00000440,enable_interrupts,2,annotation,yes,,,,Setup/00000440.asm
Setup,00000450,disable_interrupts,2,annotation,yes,,,,Setup/00000450.asm
Setup,00000483,rdrand_store_u64,19,annotation,yes,,,,Setup/00000483.asm
Setup,000004A0,FUN_000004a0,3,auto,no,,,,Setup/000004A0.asm
Setup,000004B0,entry,43,entry,no,,,,Setup/000004B0.asm
Setup,000004DC,FUN_000004dc,418,auto,no,,,,Setup/000004DC.asm
Setup,00000680,format_string_and_store_by_id,85,annotation,yes,,,,Setup/00000680.asm
Setup,000006D8,FUN_000006d8,353,auto,no,,,,Setup/000006D8.asm
Setup,0000083C,append_callback_node_to_list,102,annotation,yes,,,,Setup/0000083C.asm
Setup,000008A4,FUN_000008a4,966,auto,no,,,,Setup/000008A4.asm
Setup,00000C6C,init_lang_variables_via_varstore,579,annotation,yes,,,,Setup/00000C6C.asm
Setup,00000EC0,dispatch_by_u16_key,308,annotation,yes,,,,Setup/00000EC0.asm
Setup,00000FF4,parse_hex_chars_to_bytes,125,annotation,yes,,,,Setup/00000FF4.asm
Setup,00001074,FUN_00001074,499,auto,no,,,,Setup/00001074.asm
Setup,00001268,alloc_and_parse_hex_from_utf16,183,annotation,yes,,,,Setup/00001268.asm
Setup,00001320,scan_for_marker_then_connect,270,annotation,yes,,,,Setup/00001320.asm
Setup,000017B4,FUN_000017b4,677,auto,no,,,,Setup/000017B4.asm
Setup,00001A5C,FUN_00001a5c,98,auto,no,,,,Setup/00001A5C.asm
Setup,00001B1C,register_callback_for_key,188,annotation,yes,,,,Setup/00001B1C.asm
Setup,00001BD8,FUN_00001bd8,2703,auto,no,,,,Setup/00001BD8.asm
Setup,00002678,call_protocol_10_and_widen_result,144,annotation,yes,,,,Setup/00002678.asm
Setup,00002CD4,FUN_00002cd4,104,auto,no,,,,Setup/00002CD4.asm
Setup,00002E20,format_three_fields_into_string_ids,231,annotation,yes,,,,Setup/00002E20.asm
Setup,00003020,update_setup_struct_and_watchdog_var,416,annotation,yes,,,,Setup/00003020.asm
Setup,00003230,refresh_icc_setup_from_sa_setup,552,annotation,yes,,,,Setup/00003230.asm
Setup,00003458,poll_icc_setup_state,493,annotation,yes,,,,Setup/00003458.asm
Setup,00003648,write_secure_boot_mode_variables,542,annotation,yes,,,,Setup/00003648.asm
Setup,00003868,classify_secure_var_certs,1150,annotation,yes,,,,Setup/00003868.asm
Setup,00003DA8,FUN_00003da8,872,auto,no,,,,Setup/00003DA8.asm
Setup,00004618,var_read_by_index_forwarder,73,annotation,yes,,,,Setup/00004618.asm
Setup,00004664,check_named_variables,810,annotation,yes,,,,Setup/00004664.asm
Setup,0000568C,check_object_supports_label,248,annotation,yes,,,,Setup/0000568C.asm
Setup,00005784,merge_named_object_into_buffer,1143,annotation,yes,,,,Setup/00005784.asm
Setup,00005EE4,append_u16_string,55,annotation,yes,,,,Setup/00005EE4.asm
Setup,00005F1C,alloc_u16_copy_of_ascii,136,annotation,yes,,,,Setup/00005F1C.asm
Setup,00005FA4,get_string_or_fallback,79,annotation,yes,,,,Setup/00005FA4.asm
Setup,00005FF4,query_each_semicolon_item,424,annotation,yes,,,,Setup/00005FF4.asm
Setup,0000619C,alloc_zeroed_copy,98,annotation,yes,,,,Setup/0000619C.asm
Setup,00006200,free_handle_array,123,annotation,yes,,,,Setup/00006200.asm
Setup,0000627C,FUN_0000627c,450,auto,no,,,,Setup/0000627C.asm
Setup,00006440,FUN_00006440,215,auto,no,,,,Setup/00006440.asm
Setup,00006518,select_handle_from_handle_list,627,annotation,yes,,,,Setup/00006518.asm
Setup,0000678C,FUN_0000678c,1065,auto,no,,,,Setup/0000678C.asm
Setup,00006BC0,get_string_by_id_for_lang,335,annotation,yes,,,,Setup/00006BC0.asm
Setup,00006D10,rebuild_handle_table,238,annotation,yes,,,,Setup/00006D10.asm
Setup,00006E00,get_table_entry,116,annotation,yes,,,,Setup/00006E00.asm
Setup,00006FB4,write_name_table_and_register_event,323,annotation,yes,,,,Setup/00006FB4.asm
Setup,000070F8,fill_status_row_from_entry,310,annotation,yes,,,,Setup/000070F8.asm
Setup,00007230,rebuild_and_write_sec_config_var,204,annotation,yes,,,,Setup/00007230.asm
Setup,000072FC,set_narrow_name_via_protocol,150,annotation,yes,,,,Setup/000072FC.asm
Setup,000073B0,set_name_from_string_or_table,274,annotation,yes,,,,Setup/000073B0.asm
Setup,000074CC,fill_buffer_with_random_bytes,127,annotation,yes,,,,Setup/000074CC.asm
Setup,00007918,build_and_submit_opaque_struct,192,annotation,yes,,,,Setup/00007918.asm
Setup,00007C50,update_ec_82_from_setup_byte_7cd,213,annotation,yes,,,,Setup/00007C50.asm
Setup,00007D2C,FUN_00007d2c,424,auto,no,,,,Setup/00007D2C.asm
Setup,00007ED4,insert_keyed_entry_and_resolve_string,450,annotation,yes,,,,Setup/00007ED4.asm
Setup,00008098,FUN_00008098,1101,auto,no,,,,Setup/00008098.asm
Setup,000084E8,dispatch_image_section_table_to_protocol,872,annotation,yes,,,,Setup/000084E8.asm
Setup,00008850,resolve_handle_index_from_names,640,annotation,yes,,,,Setup/00008850.asm
Setup,00008AD0,add_string_keyed_entry,680,annotation,yes,,,,Setup/00008AD0.asm
Setup,00008D78,FUN_00008d78,1130,auto,no,,,,Setup/00008D78.asm
Setup,000091E4,walk_table_entries_and_count_responses,794,annotation,yes,,,,Setup/000091E4.asm
Setup,00009500,read_named_blob_for_selection,226,annotation,yes,,,,Setup/00009500.asm
Setup,000095E4,classify_table_entries_and_register,1155,annotation,yes,,,,Setup/000095E4.asm
Setup,00009D1C,dispatch_menu_command,680,annotation,yes,,,,Setup/00009D1C.asm
Setup,00009FEC,FUN_00009fec,1703,auto,no,,,,Setup/00009FEC.asm
Setup,0000BC4C,dispatch_to_first_accepting_handler,117,annotation,yes,,,,Setup/0000BC4C.asm
Setup,0000BCC4,test_protocol_and_check_byte,135,annotation,yes,,,,Setup/0000BCC4.asm
Setup,0000BE60,get_string_from_protocol_with_fallback,523,annotation,yes,,,,Setup/0000BE60.asm
Setup,0000C06C,read_protocol_string_with_semicolon_fallback,589,annotation,yes,,,,Setup/0000C06C.asm
Setup,0000C2BC,FUN_0000c2bc,423,auto,no,,,,Setup/0000C2BC.asm
Setup,0000C464,collect_child_handles_matching_id,534,annotation,yes,,,,Setup/0000C464.asm
Setup,0000C67C,accumulate_handles_supporting_protocol,186,annotation,yes,,,,Setup/0000C67C.asm
Setup,0000C738,collect_handles_and_copy_out,126,annotation,yes,,,,Setup/0000C738.asm
Setup,0000CA58,FUN_0000ca58,203,auto,no,,,,Setup/0000CA58.asm
Setup,0000D400,connect_matching_handles_and_report_values,1133,annotation,yes,,,,Setup/0000D400.asm
Setup,0000D870,write_setup_variable_and_report_status_fields,928,annotation,yes,,,,Setup/0000D870.asm
Setup,0000DC10,FUN_0000dc10,652,auto,no,,,,Setup/0000DC10.asm
Setup,0000DE9C,fill_slot_state_bytes_from_status,324,annotation,yes,,,,Setup/0000DE9C.asm
Setup,0000DFE0,print_status_register_diagnostics,363,annotation,yes,,,,Setup/0000DFE0.asm
Setup,0000E57C,FUN_0000e57c,194,auto,no,,,,Setup/0000E57C.asm
Setup,0000E640,read_msrs_into_cpu_setup,584,annotation,yes,,,,Setup/0000E640.asm
Setup,0000E9DC,gather_indexed_msr_values_into_cpu_setup,682,annotation,yes,,,,Setup/0000E9DC.asm
Setup,0000EC88,FUN_0000ec88,5206,auto,no,,,,Setup/0000EC88.asm
Setup,00010CD0,FUN_00010cd0,282,auto,no,,,,Setup/00010CD0.asm
Setup,000110A0,prompt_confirm_before_writing_setup_bytes,1177,annotation,yes,,,,Setup/000110A0.asm
Setup,0001153C,FUN_0001153c,54,auto,no,,,,Setup/0001153C.asm
Setup,00012508,copy_setup_vars_to_paired_guids,550,annotation,yes,,,,Setup/00012508.asm
Setup,00012730,compare_two_me_vars_and_flag_difference,172,annotation,yes,,,,Setup/00012730.asm
Setup,000127DC,dup_nul_separated_string_block,135,annotation,yes,,,,Setup/000127DC.asm
Setup,00012864,enumerate_protocol_records_into_form_fields,689,annotation,yes,,,,Setup/00012864.asm
Setup,00012B18,refresh_me_info_form_and_register_callback,520,annotation,yes,,,,Setup/00012B18.asm
Setup,00012D20,read_mmio_status_word_into_form_0x14de,308,annotation,yes,,,,Setup/00012D20.asm
Setup,00012E54,FUN_00012e54,1163,auto,no,,,,Setup/00012E54.asm
Setup,000132E0,notify_reset_type_once,123,annotation,yes,,,,Setup/000132E0.asm
Setup,0001335C,register_0x132e0_with_protocol_0x23520,82,annotation,yes,,,,Setup/0001335C.asm
Setup,00013638,index_of_key_in_7byte_records,53,annotation,yes,,,,Setup/00013638.asm
Setup,00013670,FUN_00013670,64,auto,no,,,,Setup/00013670.asm
Setup,000136B0,FUN_000136b0,186,auto,no,,,,Setup/000136B0.asm
Setup,0001376C,strings_equal_case_insensitive,110,annotation,yes,,,,Setup/0001376C.asm
Setup,000137DC,find_list_node_by_string_and_copy_out,159,annotation,yes,,,,Setup/000137DC.asm
Setup,0001387C,find_list_node_by_nth_string,123,annotation,yes,,,,Setup/0001387C.asm
Setup,000138F8,FUN_000138f8,827,auto,no,,,,Setup/000138F8.asm
Setup,00013C34,FUN_00013c34,312,auto,no,,,,Setup/00013C34.asm
Setup,00013D6C,lookup_name_for_boot_index,92,annotation,yes,,,,Setup/00013D6C.asm
Setup,00013DC8,FUN_00013dc8,751,auto,no,,,,Setup/00013DC8.asm
Setup,000140B8,set_legacy_field_from_offset_array,193,annotation,yes,,,,Setup/000140B8.asm
Setup,0001417C,set_uefi_field_from_offset_array,193,annotation,yes,,,,Setup/0001417C.asm
Setup,00014240,patch_dev_order_from_fbo_legacy,282,annotation,yes,,,,Setup/00014240.asm
Setup,0001435C,FUN_0001435c,645,auto,no,,,,Setup/0001435C.asm
Setup,000145E4,FUN_000145e4,552,auto,no,,,,Setup/000145E4.asm
Setup,0001480C,set_legacy_devorder_hii_string,577,annotation,yes,,,,Setup/0001480C.asm
Setup,00014A50,FUN_00014a50,456,auto,no,,,,Setup/00014A50.asm
Setup,00014F50,build_legacy_boot_group_table,1015,annotation,yes,,,,Setup/00014F50.asm
Setup,00015348,build_uefi_boot_group_table,835,annotation,yes,,,,Setup/00015348.asm
Setup,0001568C,regenerate_fixed_legacy_devorder,463,annotation,yes,,,,Setup/0001568C.asm
Setup,0001585C,regenerate_fixed_uefi_devorder,455,annotation,yes,,,,Setup/0001585C.asm
Setup,00015C60,set_devorder_hii_strings,904,annotation,yes,,,,Setup/00015C60.asm
Setup,00016048,rebuild_devorder_hii_strings,93,annotation,yes,,,,Setup/00016048.asm
Setup,000160A8,FUN_000160a8,1482,auto,no,,,,Setup/000160A8.asm
Setup,00016674,get_variable_with_retry,191,annotation,yes,,,,Setup/00016674.asm
Setup,00016734,apply_semicolon_separated_strings,420,annotation,yes,,,,Setup/00016734.asm
Setup,000168D8,format_setup_and_package_flags,1671,annotation,yes,,,,Setup/000168D8.asm
Setup,000170C0,sync_setup_variable_stores,474,annotation,yes,,,,Setup/000170C0.asm
Setup,0001729C,copy_lang_string_from_protocol,252,annotation,yes,,,,Setup/0001729C.asm
Setup,00017398,FUN_00017398,250,auto,no,,,,Setup/00017398.asm
Setup,00017494,FUN_00017494,461,auto,no,,,,Setup/00017494.asm
Setup,00018160,FUN_00018160,313,auto,no,,,,Setup/00018160.asm
Setup,0001829C,update_cpusetup_from_msr_ce,394,annotation,yes,,,,Setup/0001829C.asm
Setup,000187F4,set_sasetup_question_value,306,annotation,yes,,,,Setup/000187F4.asm
Setup,00018928,read_device_entry_field,77,annotation,yes,,,,Setup/00018928.asm
Setup,00018978,cache_device_table_and_count,89,annotation,yes,,,,Setup/00018978.asm
Setup,000189D4,join_two_strings_in_fixed_buffer,184,annotation,yes,,,,Setup/000189D4.asm
Setup,00018A8C,FUN_00018a8c,173,auto,no,,,,Setup/00018A8C.asm
Setup,00018B3C,FUN_00018b3c,318,auto,no,,,,Setup/00018B3C.asm
Setup,00018C7C,resolve_token_list_to_id,439,annotation,yes,,,,Setup/00018C7C.asm
Setup,00018E34,build_string_question_block,156,annotation,yes,,,,Setup/00018E34.asm
Setup,00018ED0,build_4byte_question_block,84,annotation,yes,,,,Setup/00018ED0.asm
Setup,00018F24,FUN_00018f24,1091,auto,no,,,,Setup/00018F24.asm
Setup,00019368,build_device_list_form,432,annotation,yes,,,,Setup/00019368.asm
Setup,000195E8,init_storage_device_forms,196,annotation,yes,,,,Setup/000195E8.asm
Setup,00019978,narrow_wide_string_into_0x21_byte_buffer,156,annotation,yes,,,,Setup/00019978.asm
Setup,00019A14,fill_status_bytes_from_indexed_vtable,520,annotation,yes,,,,Setup/00019A14.asm
Setup,0001A8A0,FUN_0001a8a0,415,auto,no,,,,Setup/0001A8A0.asm
Setup,0001AFB0,FUN_0001afb0,1190,auto,no,,,,Setup/0001AFB0.asm
Setup,0001B458,format_then_append_wide_string,186,annotation,yes,,,,Setup/0001B458.asm
Setup,0001B514,allocate_buffer_return_pointer,46,annotation,yes,,,,Setup/0001B514.asm
Setup,0001B544,allocate_zeroed_buffer,44,annotation,yes,,,,Setup/0001B544.asm
Setup,0001B570,allocate_and_copy_buffer,61,annotation,yes,,,,Setup/0001B570.asm
Setup,0001B5B0,allocate_zeroed_copy_and_free_source,142,annotation,yes,,,,Setup/0001B5B0.asm
Setup,0001B640,copy_from_window_at_0xe0000000,157,annotation,yes,,,,Setup/0001B640.asm
Setup,0001B6E0,cache_code_from_status_word,87,annotation,yes,,,,Setup/0001B6E0.asm
Setup,0001B738,locate_cached_protocol,57,annotation,yes,,,,Setup/0001B738.asm
Setup,0001B774,wait_for_port_bit1_then_write,119,annotation,yes,,,,Setup/0001B774.asm
Setup,0001B7EC,drain_status_bit0_to_port_0x80,133,annotation,yes,,,,Setup/0001B7EC.asm
Setup,0001B874,wait_for_port_bit1_clear,99,annotation,yes,,,,Setup/0001B874.asm
Setup,0001B8D8,FUN_0001b8d8,198,auto,no,,,,Setup/0001B8D8.asm
Setup,0001B9A0,read_byte_from_port_0x62,155,annotation,yes,,,,Setup/0001B9A0.asm
Setup,0001BA3C,FUN_0001ba3c,95,auto,no,,,,Setup/0001BA3C.asm
Setup,0001BA9C,read_byte_from_port_0x62_mode_7,155,annotation,yes,,,,Setup/0001BA9C.asm
Setup,0001BB38,FUN_0001bb38,51,auto,no,,,,Setup/0001BB38.asm
Setup,0001BB6C,read_cpuid1_eax_low_nibble,49,annotation,yes,,,,Setup/0001BB6C.asm
Setup,0001BBA0,classify_cpuid_signature_with_word_at_e0000002,407,annotation,yes,,,,Setup/0001BBA0.asm
Setup,0001BD38,gate_on_cpuid_signature_0xa0650,50,annotation,yes,,,,Setup/0001BD38.asm
Setup,0001BD6C,FUN_0001bd6c,669,auto,no,,,,Setup/0001BD6C.asm
Setup,0001C00C,FUN_0001c00c,234,auto,no,,,,Setup/0001C00C.asm
Setup,0001C0F8,forward_to_1c184_with_flags_0x140,45,annotation,yes,,,,Setup/0001C0F8.asm
Setup,0001C128,forward_to_1c184_with_flags_0,39,annotation,yes,,,,Setup/0001C128.asm
Setup,0001C150,fill_buffer_with_element_stride,51,annotation,yes,,,,Setup/0001C150.asm
Setup,0001C184,FUN_0001c184,3430,auto,no,,,,Setup/0001C184.asm
Setup,0001CEEC,forward_to_1c184_with_own_home_slot,34,annotation,yes,,,,Setup/0001CEEC.asm
Setup,0001CF58,hex_char_to_value,46,annotation,yes,,,,Setup/0001CF58.asm
Setup,0001CF88,strncmp_bytes,50,annotation,yes,,,,Setup/0001CF88.asm
Setup,0001CFBC,wcsnlen,49,annotation,yes,,,,Setup/0001CFBC.asm
Setup,0001CFF0,wcsncpy_wide,155,annotation,yes,,,,Setup/0001CFF0.asm
Setup,0001D08C,wcsncpy_sized,222,annotation,yes,,,,Setup/0001D08C.asm
Setup,0001D16C,wcsncat_bounded,208,annotation,yes,,,,Setup/0001D16C.asm
Setup,0001D23C,str_to_guid,309,annotation,yes,,,,Setup/0001D23C.asm
Setup,0001D374,hex_wstr_to_bytes,221,annotation,yes,,,,Setup/0001D374.asm
Setup,0001D454,strlen_bounded,35,annotation,yes,,,,Setup/0001D454.asm
Setup,0001D478,get_chain_end_offset,78,annotation,yes,,,,Setup/0001D478.asm
Setup,0001D4C8,concat_two_chains,238,annotation,yes,,,,Setup/0001D4C8.asm
Setup,0001D5B8,append_record_and_concat,219,annotation,yes,,,,Setup/0001D5B8.asm
Setup,0001D694,validate_record_chain,91,annotation,yes,,,,Setup/0001D694.asm
Setup,0001D748,alloc_buffer_via_table_0x40,43,annotation,yes,,,,Setup/0001D748.asm
Setup,0001D774,alloc_then_call_table_0x168,62,annotation,yes,,,,Setup/0001D774.asm
Setup,0001D7B4,chain_total_length,82,annotation,yes,,,,Setup/0001D7B4.asm
Setup,0001D808,FUN_0001d808,190,auto,no,,,,Setup/0001D808.asm
Setup,0001D8C8,FUN_0001d8c8,86,auto,no,,,,Setup/0001D8C8.asm
Setup,0001D920,utoa_radix,113,annotation,yes,,,,Setup/0001D920.asm
Setup,0001D994,utoa_into_wide_buffer,79,annotation,yes,,,,Setup/0001D994.asm
Setup,0001D9E4,parse_signed_integer,222,annotation,yes,,,,Setup/0001D9E4.asm
Setup,0001DAC4,_wcsupr,46,auto,yes,,,,Setup/0001DAC4.asm
Setup,0001DAF4,sprintf,38,annotation,yes,,,,Setup/0001DAF4.asm
Setup,0001DB1C,status_code_to_string,199,annotation,yes,,,,Setup/0001DB1C.asm
Setup,0001DBE4,format_bytes_core,1002,annotation,yes,,,,Setup/0001DBE4.asm
Setup,0001DFD0,vsprintf,29,annotation,yes,,,,Setup/0001DFD0.asm
Setup,0001DFF0,swprintf,38,annotation,yes,,,,Setup/0001DFF0.asm
Setup,0001E018,format_wide_core,924,annotation,yes,,,,Setup/0001E018.asm
Setup,0001E3B4,vswprintf,29,annotation,yes,,,,Setup/0001E3B4.asm
Setup,0001E3D4,get_cached_platform_lang,115,annotation,yes,,,,Setup/0001E3D4.asm
Setup,0001E448,copy_string_skipping_ampersand_runs,214,annotation,yes,,,,Setup/0001E448.asm
Setup,0001E520,find_matching_segment_in_name_list,288,annotation,yes,,,,Setup/0001E520.asm
Setup,0001E640,read_protocol_buffer,191,annotation,yes,,,,Setup/0001E640.asm
Setup,0001E700,set_each_name_in_list,193,annotation,yes,,,,Setup/0001E700.asm
Setup,0001E7C4,set_var_by_resolved_name,322,annotation,yes,,,,Setup/0001E7C4.asm
Setup,0001E908,get_each_name_in_list,325,annotation,yes,,,,Setup/0001E908.asm
Setup,0001EA50,append_wide_component_and_parse,385,annotation,yes,,,,Setup/0001EA50.asm
Setup,0001EBD4,resolve_wide_name_and_measure,510,annotation,yes,,,,Setup/0001EBD4.asm
Setup,0001EDD4,memcmp_regions,120,annotation,yes,,,,Setup/0001EDD4.asm
Setup,0001EE4C,render_device_path_to_text,646,annotation,yes,,,,Setup/0001EE4C.asm
Setup,0001F0D4,grow_global_slot_buffer,181,annotation,yes,,,,Setup/0001F0D4.asm
Setup,0001F18C,lookup_form_entry_by_key,96,annotation,yes,,,,Setup/0001F18C.asm
Setup,0001F1EC,call_service_with_handle,93,annotation,yes,,,,Setup/0001F1EC.asm
Setup,0001F24C,read_protocol_object,210,annotation,yes,,,,Setup/0001F24C.asm
Setup,0001F320,find_matching_path_segment,307,annotation,yes,,,,Setup/0001F320.asm
Setup,0001F454,measure_ucs2_width,168,annotation,yes,,,,Setup/0001F454.asm
Setup,0001F4FC,render_boxed_console_rows,992,annotation,yes,,,,Setup/0001F4FC.asm
Setup,0001F8DC,get_cached_form_list,47,annotation,yes,,,,Setup/0001F8DC.asm
Setup,0001F90C,FUN_0001f90c,76,auto,no,,,,Setup/0001F90C.asm
Setup,0001F958,poll_timer_port_until_target,96,annotation,yes,,,,Setup/0001F958.asm
Setup,0001F9B8,delay_scaled_ticks,49,annotation,yes,,,,Setup/0001F9B8.asm
Setup,0001F9EC,find_record_by_guid_key,118,annotation,yes,,,,Setup/0001F9EC.asm
Setup,0001FA64,sw_smi_cmd_203_read_dword,223,annotation,yes,,,,Setup/0001FA64.asm
Setup,0001FB44,sw_smi_cmd_303_write,164,annotation,yes,,,,Setup/0001FB44.asm
Setup,0001FBE8,sw_smi_read_named_string,391,annotation,yes,,,,Setup/0001FBE8.asm
Setup,0001FD70,sw_smi_write_named_byte,318,annotation,yes,,,,Setup/0001FD70.asm
Setup,0001FEB0,sw_smi_cmd_40a_write,183,annotation,yes,,,,Setup/0001FEB0.asm
Setup,0001FF68,sw_smi_read_variable_buffer,370,annotation,yes,,,,Setup/0001FF68.asm
Setup,000200DC,sw_smi_write_variable_byte,280,annotation,yes,,,,Setup/000200DC.asm
Setup,000201F4,sw_smi_cmd_1b0a_status,235,annotation,yes,,,,Setup/000201F4.asm
Setup,000202E0,sw_smi_read_dword_array,390,annotation,yes,,,,Setup/000202E0.asm
Setup,00020468,FUN_00020468,186,auto,no,,,,Setup/00020468.asm
Setup,00020524,smi_send_14ff_with_two_dwords,178,annotation,yes,,,,Setup/00020524.asm
Setup,000205D8,smi_send_20ff_unless_flag_is_0c,199,annotation,yes,,,,Setup/000205D8.asm
Setup,000206A0,read_pcmp_header_into_out_buffer,239,annotation,yes,,,,Setup/000206A0.asm
Setup,00020790,FUN_00020790,390,auto,no,,,,Setup/00020790.asm
Setup,00020918,smi_send_50000_subcommand_11,239,annotation,yes,,,,Setup/00020918.asm
Setup,00020A08,smi_send_50000_subcommand_1a_echo,310,annotation,yes,,,,Setup/00020A08.asm
Setup,00020B40,FUN_00020b40,224,auto,no,,,,Setup/00020B40.asm
Setup,00020C20,check_smm_software_smi_available,274,annotation,yes,,,,Setup/00020C20.asm
Setup,00020D34,read_acpi_20_table_creator_words,76,annotation,yes,,,,Setup/00020D34.asm
Setup,00020D80,read_cmos_index_0x7d_value,110,annotation,yes,,,,Setup/00020D80.asm
Setup,00020DF0,write_cmos_index_0x7c_or_0x7e_value,161,annotation,yes,,,,Setup/00020DF0.asm
Setup,00020E94,get_child_handle_of_type_23480,64,annotation,yes,,,,Setup/00020E94.asm
Setup,00020ED4,open_child_and_call_offset_18,129,annotation,yes,,,,Setup/00020ED4.asm
Setup,00020F58,FUN_00020f58,269,auto,no,,,,Setup/00020F58.asm
Setup,00021068,walk_semicolon_list_adding_each_token,278,annotation,yes,,,,Setup/00021068.asm
Setup,00021180,get_string_for_langcopy_retried_on_buffer_too_small,367,annotation,yes,,,,Setup/00021180.asm
Setup,000212F0,get_string_from_0x29510_protocol_with_retry,256,annotation,yes,,,,Setup/000212F0.asm
Setup,000213F0,format_string_pair_from_hii_string,244,annotation,yes,,,,Setup/000213F0.asm
Setup,000214E4,format_string_with_optional_suffix,385,annotation,yes,,,,Setup/000214E4.asm
Setup,00021668,alloc_byte_buffer_context,83,annotation,yes,,,,Setup/00021668.asm
Setup,000216BC,free_byte_buffer_context,46,annotation,yes,,,,Setup/000216BC.asm
Setup,000216EC,reserve_bytes_in_buffer,92,annotation,yes,,,,Setup/000216EC.asm
Setup,00021748,append_typed_frame_to_buffer,91,annotation,yes,,,,Setup/00021748.asm
Setup,000217A4,append_raw_bytes_to_buffer,59,annotation,yes,,,,Setup/000217A4.asm
Setup,000217E0,FUN_000217e0,39,auto,no,,,,Setup/000217E0.asm
Setup,00021808,append_type_9_frame_with_arg,126,annotation,yes,,,,Setup/00021808.asm
Setup,00021888,append_type_5f_frame_from_globals,90,annotation,yes,,,,Setup/00021888.asm
Setup,000218E4,FUN_000218e4,92,auto,no,,,,Setup/000218E4.asm
Setup,00021940,FUN_00021940,177,auto,no,,,,Setup/00021940.asm
Setup,000219F4,append_type3_record,107,annotation,yes,,,,Setup/000219F4.asm
Setup,00021A60,filter_records_by_type_and_id,708,annotation,yes,,,,Setup/00021A60.asm
Setup,00021D24,rewrite_records_in_stored_buffer,570,annotation,yes,,,,Setup/00021D24.asm
Setup,00021F60,get_or_allocate_service_buffer,139,annotation,yes,,,,Setup/00021F60.asm
Setup,000222B8,FUN_000222b8,517,auto,no,,,,Setup/000222B8.asm
Setup,000224C0,open_interfaces_on_all_matching_handles,916,annotation,yes,,,,Setup/000224C0.asm
Setup,00022854,poll_reg20_bit1c,68,annotation,yes,,,,Setup/00022854.asm
Setup,00022898,FUN_00022898,449,auto,no,,,,Setup/00022898.asm
Setup,00022A5C,FUN_00022a5c,519,auto,no,,,,Setup/00022A5C.asm
Setup,00022D6C,build_16byte_template_and_fields,167,annotation,yes,,,,Setup/00022D6C.asm
Setup,00022E14,FUN_00022e14,428,auto,no,,,,Setup/00022E14.asm
Setup,00022FC0,count_blocks_matching_guid_table,273,annotation,yes,,,,Setup/00022FC0.asm
Setup,000230D4,fill_random_u64_retry10,49,annotation,yes,,,,Setup/000230D4.asm
Setup,00023108,append_8byte_record_to_list,93,annotation,yes,,,,Setup/00023108.asm
Setup,00023168,append_2byte_record_to_list,55,annotation,yes,,,,Setup/00023168.asm
Setup,000231A0,select_table_by_flag_2,51,annotation,yes,,,,Setup/000231A0.asm
Setup,000231D4,validate_packed_value_against_table,106,annotation,yes,,,,Setup/000231D4.asm
Setup,00023240,read_table_entry_dword,78,annotation,yes,,,,Setup/00023240.asm
Setup,00023290,extract_two_bit_field_from_table,134,annotation,yes,,,,Setup/00023290.asm
Setup,00023370,fill_memory_byte,14,annotation,yes,,,,Setup/00023370.asm
Setup,0002337E,set_memory_bytes,79,annotation,yes,,,,Setup/0002337E.asm
Setup,000233D0,memmove_bytes_33d0,176,annotation,yes,,,,Setup/000233D0.asm
