index,entry_file_offset,entry_runtime,target_runtime,target_file_offset,stride_from_prev,target_first_insn,notes
0x00,0x08038,0x8038,0x8054,0x08054,,"mov  dptr,#0x1904",xdata 0x0600 0x0601 0x0610 0x08D0 0x0A59 0x1904
0x01,0x0803B,0x803B,0x8094,0x08094,0x40,"mov  dptr,#0x1906",xdata 0x0602 0x0603 0x0610 0x08D2 0x0A59 0x1906
0x02,0x0803E,0x803E,0x80D7,0x080D7,0x43,"mov  dptr,#0x1909",xdata 0x0604 0x0605 0x0610 0x08D4 0x0A59 0x1909
0x03,0x08041,0x8041,0x811A,0x0811A,0x43,"mov  dptr,#0x190c",xdata 0x0606 0x0607 0x0610 0x08D6 0x0A59 0x190C
0x04,0x08044,0x8044,0x815D,0x0815D,0x43,"mov  dptr,#0x1904",xdata 0x0608 0x0609 0x0610 0x08D8 0x0A59 0x1904
0x05,0x08047,0x8047,0x819D,0x0819D,0x40,"mov  dptr,#0x1906",xdata 0x060A 0x060B 0x0610 0x08DA 0x0A59 0x1906
0x06,0x0804A,0x804A,0x81DF,0x081DF,0x42,"mov  dptr,#0x1909",xdata 0x060C 0x060D 0x0610 0x08DC 0x08E0 0x08E1 0x0A59 0x1909
0x07,0x0804D,0x804D,0x8231,0x08231,0x52,"mov  dptr,#0x190c",xdata 0x060E 0x060F 0x0610 0x08DE 0x0A59 0x190C
default,0x08052,0x8052,0x8274,0x08274,,"mov  dptr,#0x08e1",reached when no case matches; xdata 0x08E1
