rank,scope,addr,inbound,xdata_weight,vector_reachable,in_band_574,in_tranche
1,common,355E,12,0,no,no,yes
2,common,2F1D,9,2,no,no,yes
3,common,0C86,9,1,no,no,yes
4,common,3ACC,9,0,no,no,yes
5,common,3239,8,1,no,no,yes
6,common,30B5,8,0,no,no,yes
7,common,3BAE,8,0,no,no,yes
8,common,220A,7,1,no,no,yes
9,common,43A5,7,0,no,no,yes
10,common,4AFB,7,0,no,no,yes
11,common,0937,6,2,no,no,yes
12,common,2E9C,6,2,no,no,yes
13,common,09A2,6,1,no,no,yes
14,common,3983,6,0,no,no,yes
15,common,3AD1,6,0,no,no,yes
16,common,3B32,6,0,no,no,yes
17,common,2B6C,5,2,no,no,yes
18,common,21DC,5,0,no,no,yes
19,common,221F,4,1,no,no,yes
20,common,0A74,4,0,no,no,yes
21,common,3835,4,0,no,no,yes
22,common,3B20,4,0,no,no,yes
23,common,3BDD,4,0,no,no,yes
24,common,4368,4,0,no,no,yes
25,common,436F,4,0,no,no,yes
26,common,4A42,4,0,no,no,yes
27,common,5A55,4,0,no,no,yes
28,common,23F4,3,2,no,no,no
29,common,30FB,3,2,no,no,no
30,common,09E9,3,1,no,no,no
31,common,0A39,3,1,no,no,no
32,common,1E1A,3,1,no,no,no
33,common,2D7A,3,1,no,no,no
34,common,3042,3,1,no,no,no
35,common,3609,3,1,no,no,no
36,common,3C18,3,1,no,no,no
37,common,3C2F,3,1,no,no,no
38,common,4376,3,1,no,no,no
39,common,4397,3,1,no,no,no
40,common,07E7,3,0,yes,no,yes
41,common,21EB,3,0,no,no,no
42,common,2226,3,0,no,no,no
43,common,29CF,3,0,no,no,no
44,common,2A35,3,0,no,no,no
45,common,2AB9,3,0,no,no,no
46,common,2BCB,3,0,no,no,no
47,common,3B1D,3,0,no,no,no
48,common,3C38,3,0,no,no,no
49,common,3C3F,3,0,no,no,no
50,common,3C46,3,0,no,no,no
51,common,3C4D,3,0,no,no,no
52,common,3C54,3,0,no,no,no
53,common,3C5B,3,0,no,no,no
54,common,4389,3,0,no,no,no
55,common,4A8F,3,0,no,no,no
56,common,4AC4,3,0,no,no,no
57,common,4B44,3,0,no,no,no
58,common,6817,3,0,no,no,no
59,common,1AC2,2,3,no,no,no
60,common,05FA,2,2,no,no,no
61,common,063C,2,2,no,no,no
62,common,1059,2,2,no,no,no
63,common,05F2,2,1,no,no,no
64,common,07D0,2,1,yes,no,yes
65,common,0A5A,2,1,no,no,no
66,common,2211,2,1,no,no,no
67,common,2A5B,2,1,no,no,no
68,common,2A99,2,1,no,no,no
69,common,2D85,2,1,no,no,no
70,common,322C,2,1,no,no,no
71,common,3255,2,1,no,no,no
72,common,3BE4,2,1,no,no,no
73,common,3C00,2,1,no,no,no
74,common,3DA8,2,1,no,no,no
75,common,4390,2,1,no,no,no
76,common,4B0F,2,1,no,no,no
77,common,07B6,2,0,yes,no,yes
78,common,0896,2,0,no,no,no
79,common,0C6D,2,0,no,no,no
80,common,0E72,2,0,yes,no,yes
81,common,0E84,2,0,no,no,no
82,common,1CD1,2,0,no,no,no
83,common,21DF,2,0,no,no,no
84,common,21E2,2,0,no,no,no
85,common,2812,2,0,no,no,no
86,common,2A24,2,0,no,no,no
87,common,2A28,2,0,no,no,no
88,common,2A42,2,0,no,no,no
89,common,2A4F,2,0,no,no,no
90,common,2A54,2,0,no,no,no
91,common,2A7B,2,0,no,no,no
92,common,2A84,2,0,no,no,no
93,common,2A8F,2,0,no,no,no
94,common,2AA2,2,0,no,no,no
95,common,2AC1,2,0,no,no,no
96,common,2CB3,2,0,no,no,no
97,common,36AF,2,0,no,no,no
98,common,3799,2,0,no,no,no
99,common,3B60,2,0,no,no,no
100,common,3B79,2,0,no,no,no
101,common,3B7B,2,0,no,no,no
102,common,3B8A,2,0,no,no,no
103,common,3BBF,2,0,no,no,no
104,common,3BD0,2,0,no,no,no
105,common,3C03,2,0,no,no,no
106,common,3C21,2,0,no,no,no
107,common,434C,2,0,no,no,no
108,common,437E,2,0,no,no,no
109,common,46F9,2,0,no,no,no
110,common,4947,2,0,no,no,no
111,common,4A5A,2,0,no,no,no
112,common,4A5E,2,0,no,no,no
113,common,4A77,2,0,no,no,no
114,common,4A83,2,0,no,no,no
115,common,4AB8,2,0,no,no,no
116,common,4AD1,2,0,no,no,no
117,common,4AD3,2,0,no,no,no
118,common,4ADF,2,0,no,no,no
119,common,4AE0,2,0,no,no,no
120,common,4AEC,2,0,no,no,no
121,common,4B02,2,0,no,no,no
122,common,4B29,2,0,no,no,no
123,common,4B37,2,0,no,no,no
124,common,4B4C,2,0,no,no,no
125,common,6243,2,0,no,no,no
126,common,6F8D,2,0,no,no,no
127,common,7030,2,0,no,no,no
128,common,711C,2,0,no,no,no
129,common,713C,2,0,no,no,no
130,common,71B9,2,0,no,no,no
131,common,0D4A,1,6,no,no,no
132,common,3FA7,1,5,no,no,no
133,common,0A04,1,4,no,no,no
134,common,223F,1,4,no,no,no
135,common,2444,1,4,no,no,no
136,common,0A7F,1,3,no,no,no
137,common,1BF3,1,3,no,no,no
138,common,1CD2,1,3,no,no,no
139,common,1D20,1,3,no,no,no
140,common,271A,1,3,no,no,no
141,common,27AB,1,3,no,no,no
142,common,27E3,1,3,no,no,no
143,common,4060,1,3,no,no,no
144,common,451A,1,3,no,no,no
145,common,0ADC,1,2,no,no,no
146,common,1BA4,1,2,no,no,no
147,common,258B,1,2,no,no,no
148,common,295F,1,2,no,no,no
149,common,2CB4,1,2,no,no,no
150,common,311D,1,2,no,no,no
151,common,57C2,1,2,no,no,no
152,common,07D6,1,1,yes,no,yes
153,common,07F8,1,1,no,no,no
154,common,0806,1,1,no,no,no
155,common,086B,1,1,no,no,no
156,common,0877,1,1,no,no,no
157,common,0902,1,1,no,no,no
158,common,0B5F,1,1,no,no,no
159,common,0BC8,1,1,no,no,no
160,common,0D7B,1,1,no,no,no
161,common,0FA6,1,1,no,no,no
162,common,0FE6,1,1,no,no,no
163,common,24D1,1,1,no,no,no
164,common,26CB,1,1,no,no,no
165,common,28D1,1,1,no,no,no
166,common,2987,1,1,no,no,no
167,common,2A9A,1,1,no,no,no
168,common,2ACD,1,1,no,no,no
169,common,2D8F,1,1,no,no,no
170,common,2F85,1,1,no,no,no
171,common,3459,1,1,no,no,no
172,common,34C6,1,1,no,no,no
173,common,3555,1,1,no,no,no
174,common,3578,1,1,no,no,no
175,common,3C6D,1,1,no,no,no
176,common,3D97,1,1,no,no,no
177,common,3EFF,1,1,no,no,no
178,common,4643,1,1,no,no,no
179,common,4666,1,1,no,no,no
180,common,05E7,1,0,yes,no,yes
181,common,0609,1,0,no,no,no
182,common,0703,1,0,no,no,no
183,common,0713,1,0,no,no,no
184,common,07C1,1,0,yes,no,yes
185,common,0859,1,0,no,no,no
186,common,0862,1,0,no,no,no
187,common,0883,1,0,no,no,no
188,common,0884,1,0,no,no,no
189,common,08A0,1,0,no,no,no
190,common,08B0,1,0,no,no,no
191,common,08CD,1,0,no,no,no
192,common,08CE,1,0,no,no,no
193,common,08CF,1,0,no,no,no
194,common,08D0,1,0,no,no,no
195,common,08E0,1,0,no,no,no
196,common,0921,1,0,no,no,no
197,common,0950,1,0,no,no,no
198,common,0979,1,0,no,no,no
199,common,0AD8,1,0,no,no,no
200,common,0B25,1,0,no,no,no
201,common,0BDB,1,0,no,no,no
202,common,0D49,1,0,no,no,no
203,common,0D78,1,0,no,no,no
204,common,0E1E,1,0,no,no,no
205,common,0E2E,1,0,no,no,no
206,common,0E34,1,0,no,no,no
207,common,0E37,1,0,no,no,no
208,common,0E3A,1,0,no,no,no
209,common,0E3D,1,0,no,no,no
210,common,0E40,1,0,no,no,no
211,common,0E43,1,0,no,no,no
212,common,0E46,1,0,no,no,no
213,common,0E4C,1,0,no,no,no
214,common,0E5E,1,0,yes,no,yes
215,common,0E7D,1,0,yes,no,yes
216,common,0F4A,1,0,no,no,no
217,common,0F58,1,0,no,no,no
218,common,1048,1,0,yes,no,yes
219,common,10E5,1,0,no,no,no
220,common,10FA,1,0,no,no,no
221,common,1E30,1,0,no,no,no
222,common,222E,1,0,no,no,no
223,common,2238,1,0,no,no,no
224,common,23C9,1,0,no,no,no
225,common,2533,1,0,no,no,no
226,common,2632,1,0,no,no,no
227,common,2819,1,0,no,no,no
228,common,28C1,1,0,no,no,no
229,common,291D,1,0,no,no,no
230,common,2A27,1,0,no,no,no
231,common,2A38,1,0,no,no,no
232,common,2A48,1,0,no,no,no
233,common,2A7D,1,0,no,no,no
234,common,2A87,1,0,no,no,no
235,common,2A92,1,0,no,no,no
236,common,2AA5,1,0,no,no,no
237,common,2AAC,1,0,no,no,no
238,common,2B68,1,0,no,no,no
239,common,3099,1,0,no,no,no
240,common,30A6,1,0,no,no,no
241,common,30DF,1,0,no,no,no
242,common,3242,1,0,no,no,no
243,common,3254,1,0,no,no,no
244,common,365D,1,0,no,no,no
245,common,3679,1,0,no,no,no
246,common,375E,1,0,no,no,no
247,common,3770,1,0,no,no,no
248,common,386F,1,0,no,no,no
249,common,3878,1,0,no,no,no
250,common,388B,1,0,no,no,no
251,common,38F0,1,0,no,no,no
252,common,3A0D,1,0,no,no,no
253,common,3B3C,1,0,no,no,no
254,common,3B80,1,0,no,no,no
255,common,3B82,1,0,no,no,no
256,common,3B83,1,0,no,no,no
257,common,3BB7,1,0,no,no,no
258,common,3BC1,1,0,no,no,no
259,common,3BC9,1,0,no,no,no
260,common,3C62,1,0,no,no,no
261,common,3CEE,1,0,no,no,no
262,common,3D6C,1,0,no,no,no
263,common,3E8C,1,0,no,no,no
264,common,41EA,1,0,no,no,no
265,common,41ED,1,0,no,no,no
266,common,4228,1,0,no,no,no
267,common,424A,1,0,no,no,no
268,common,4358,1,0,no,no,no
269,common,445D,1,0,no,no,no
270,common,4921,1,0,no,no,no
271,common,492D,1,0,no,no,no
272,common,4940,1,0,no,no,no
273,common,4A41,1,0,no,no,no
274,common,4AA6,1,0,no,no,no
275,common,4AA7,1,0,no,no,no
276,common,4AB3,1,0,no,no,no
277,common,4AEF,1,0,no,no,no
278,common,4B22,1,0,no,no,no
279,common,4B57,1,0,no,no,no
280,common,4B62,1,0,no,no,no
281,common,4BB0,1,0,no,no,no
282,common,4C5D,1,0,no,no,no
283,common,4D96,1,0,no,no,no
284,common,4E2C,1,0,no,no,no
285,common,4ECD,1,0,no,no,no
286,common,4F3E,1,0,no,no,no
287,common,4FED,1,0,no,no,no
288,common,50DE,1,0,no,no,no
289,common,51C8,1,0,no,no,no
290,common,5A5A,1,0,no,no,no
291,common,5AC2,1,0,no,no,no
292,common,6116,1,0,no,no,no
293,common,65BC,1,0,no,no,no
294,common,6811,1,0,no,no,no
295,common,6BFF,1,0,no,no,no
296,common,6C70,1,0,no,no,no
297,common,6C97,1,0,no,no,no
298,common,700A,1,0,no,no,no
299,common,7125,1,0,no,no,no
300,common,7145,1,0,no,no,no
301,common,717B,1,0,no,no,no
302,common,7281,1,0,no,no,no
303,common,0A12,0,4,no,no,no
304,common,2275,0,4,no,no,no
305,common,2290,0,4,no,no,no
306,common,22EF,0,4,no,no,no
307,common,412E,0,4,no,no,no
308,common,1C00,0,3,no,no,no
309,common,1C14,0,3,no,no,no
310,common,4002,0,3,no,no,no
311,common,4016,0,3,no,no,no
312,common,4064,0,3,no,no,no
313,common,1C3E,0,2,no,no,no
314,common,1E6E,0,2,no,no,no
315,common,1E7F,0,2,no,no,no
316,common,2797,0,2,no,no,no
317,common,3E38,0,2,no,no,no
318,common,3E9A,0,2,no,no,no
319,common,5202,0,2,no,no,no
320,common,0046,0,1,no,no,no
321,common,0213,0,1,no,no,no
322,common,0504,0,1,no,no,no
323,common,1017,0,1,no,no,no
324,common,24FE,0,1,no,no,no
325,common,2802,0,1,no,no,no
326,common,2820,0,1,no,no,no
327,common,2E02,0,1,no,no,no
328,common,36E5,0,1,no,no,no
329,common,383D,0,1,no,no,no
330,common,3DCE,0,1,no,no,no
331,common,3DFC,0,1,no,no,no
332,common,3E61,0,1,no,no,no
333,common,4361,0,1,no,no,no
334,common,4602,0,1,no,no,no
335,common,0019,0,0,no,no,no
336,common,002E,0,0,no,no,no
337,common,0064,0,0,no,no,no
338,common,00E1,0,0,no,no,no
339,common,00E4,0,0,no,no,no
340,common,011C,0,0,no,no,no
341,common,01EC,0,0,no,no,no
342,common,0402,0,0,no,no,no
343,common,0408,0,0,no,no,no
344,common,0444,0,0,no,no,no
345,common,0485,0,0,no,no,no
346,common,04C8,0,0,no,no,no
347,common,051D,0,0,no,no,no
348,common,0690,0,0,no,no,no
349,common,0712,0,0,no,no,no
350,common,0DF7,0,0,no,no,no
351,common,0E04,0,0,no,no,no
352,common,0E49,0,0,no,no,no
353,common,0E4F,0,0,no,no,no
354,common,0E52,0,0,no,no,no
355,common,0E55,0,0,no,no,no
356,common,0E58,0,0,no,no,no
357,common,0E5B,0,0,no,no,no
358,common,0F12,0,0,no,no,no
359,common,1002,0,0,no,no,no
360,common,1012,0,0,no,no,no
361,common,1042,0,0,no,no,no
362,common,10F0,0,0,no,no,no
363,common,10FF,0,0,no,no,no
364,common,2002,0,0,no,no,no
365,common,2890,0,0,no,no,no
366,common,2DF4,0,0,no,no,no
367,common,3336,0,0,no,no,no
368,common,3352,0,0,no,no,no
369,common,3353,0,0,no,no,no
370,common,3402,0,0,no,no,no
371,common,3451,0,0,no,no,no
372,common,35F6,0,0,no,no,no
373,common,3602,0,0,no,no,no
374,common,37E1,0,0,no,no,no
375,common,3A02,0,0,no,no,no
376,common,3BE7,0,0,no,no,no
377,common,3BEF,0,0,no,no,no
378,common,3CD9,0,0,no,no,no
379,common,3CDE,0,0,no,no,no
380,common,3CE6,0,0,no,no,no
381,common,3CF6,0,0,no,no,no
382,common,3CFE,0,0,no,no,no
383,common,3D03,0,0,no,no,no
384,common,3D08,0,0,no,no,no
385,common,3D0D,0,0,no,no,no
386,common,3D12,0,0,no,no,no
387,common,3D17,0,0,no,no,no
388,common,3D1C,0,0,no,no,no
389,common,3D21,0,0,no,no,no
390,common,3D26,0,0,no,no,no
391,common,3D2B,0,0,no,no,no
392,common,3D3F,0,0,no,no,no
393,common,3D47,0,0,no,no,no
394,common,3D69,0,0,no,no,no
395,common,3D6F,0,0,no,no,no
396,common,3D76,0,0,no,no,no
397,common,3D92,0,0,no,no,no
398,common,3DBF,0,0,no,no,no
399,common,3DC0,0,0,no,no,no
400,common,3DC5,0,0,no,no,no
401,common,3DCB,0,0,no,no,no
402,common,3E2B,0,0,no,no,no
403,common,3E33,0,0,no,no,no
404,common,3E7E,0,0,no,no,no
405,common,3E85,0,0,no,no,no
406,common,3E93,0,0,no,no,no
407,common,3EC5,0,0,no,no,no
408,common,3EE2,0,0,no,no,no
409,common,3F1F,0,0,no,no,no
410,common,3F51,0,0,no,no,no
411,common,3F5D,0,0,no,no,no
412,common,3F62,0,0,no,no,no
413,common,3F68,0,0,no,no,no
414,common,4198,0,0,no,no,no
415,common,4202,0,0,no,no,no
416,common,4825,0,0,no,no,no
417,common,48A6,0,0,no,no,no
418,common,48B1,0,0,no,no,no
419,common,493B,0,0,no,no,no
420,common,4A40,0,0,no,no,no
421,common,4A9C,0,0,no,no,no
422,common,4B03,0,0,no,no,no
423,common,4B77,0,0,no,no,no
424,common,4C02,0,0,no,no,no
425,common,4CF8,0,0,no,no,no
426,common,527A,0,0,no,no,no
427,common,557E,0,0,no,no,no
428,common,557F,0,0,no,no,no
429,common,5802,0,0,no,no,no
430,common,5882,0,0,no,no,no
431,common,5A02,0,0,no,no,no
432,common,5A66,0,0,no,no,no
433,common,5B82,0,0,no,no,no
434,common,5CFE,0,0,no,no,no
435,common,5DC2,0,0,no,no,no
436,common,5E02,0,0,no,no,no
437,common,5E82,0,0,no,no,no
438,common,60C2,0,0,no,no,no
439,common,6100,0,0,no,no,no
440,common,6209,0,0,no,no,no
441,common,6402,0,0,no,no,no
442,common,65A6,0,0,no,no,no
443,common,6602,0,0,no,no,no
444,common,6A02,0,0,no,no,no
445,common,6B94,0,0,no,no,no
446,common,6BAE,0,0,no,no,no
447,common,6D46,0,0,no,no,no
448,common,6DB1,0,0,no,no,no
449,common,6E04,0,0,no,no,no
450,common,6FD6,0,0,no,no,no
451,common,7000,0,0,no,no,no
452,common,7002,0,0,no,no,no
453,common,7003,0,0,no,no,no
454,common,701B,0,0,no,no,no
455,common,7202,0,0,no,no,no
