scope,addr,key,name,kind,comment,evidence,basis
bank0,0x0EA2,param_1,ticks,param,"The `mov A,R7` at 0x0EA5 is the value the caller left in the accumulator, stored to XDATA 0x0A56 and then decremented to zero at 0x0EC2 with the loop exiting on `jz 0x0EC6`, so this is a count of Timer 1 overflows rather than a time. The count's time unit is not decoded, and arriving in A is as far as this is: Ghidra has no Keil C51 calling-convention model.",ec/decompiled/bank0/0EA2.asm,hand-decoded
bank0,0x7049,param_1,value_a,param,"The `movx @DPTR,A` at 0x7050 writes the accumulator this entry was reached with. The `cjne R3,#0x1,0x7052` that opens the listing and the two moves that build DPTR from R1:R2 touch no A, and the block above ends in the `ret` at 0x7048, so nothing on the way in overwrites it. bank-call-targets.csv records an `lcall` at 0xE8BB reaching this address, so on that path the caller left the value in A; what the caller computed there, and the carry the later arms test, are not decoded here.",ec/decompiled/bank0/7049.asm; ec/annotations/bank-call-targets.csv,hand-decoded
bank0,0x8016,param_1,a88_from_8014,artifact,"What reaches the `movx @DPTR,A` at 0x8016 is the 0x88 that `mov A,#0x88` at 0x8014 loaded, promoted by the decompiler to a parameter slot rather than folded into the body. This listing is a fragment of the same straight-line block the entry at 0x8000 begins, not a separate entry point that sets up its own value, and it ends by loading DPTR with 0x1901. bank-call-targets.csv records an `ljmp` at 0xAA67 into 0x8016, on which path A is the jumper's and is not decoded here.",ec/decompiled/bank0/8016.asm; ec/annotations/bank-call-targets.csv,hand-decoded
bank0,0x801F,param_1,a0_from_801d,artifact,"One instruction, and it writes the 0xA0 that `mov A,#0xa0` at 0x801D loaded, at the address `mov DPTR,#0x1901` at 0x801A set; the decompiler promoted that constant to a parameter slot. This is a one-instruction fragment of the same straight-line block entered at 0x8000, not a routine of its own, and it has no return. bank-call-targets.csv records an `ljmp` at 0x9141 into 0x801F, on which path A is the jumper's; what the jumper put in A is not decoded here.",ec/decompiled/bank0/801F.asm; ec/annotations/bank-call-targets.csv,hand-decoded
bank0,0x893E,param_1,ac8_from_893c,artifact,"The `movx @DPTR,A` at 0x893E writes the 0xC8 that `mov A,#0xc8` at 0x893C loaded on the `lcall 0xBB22` arm, which the decompiler promoted to a parameter slot. This listing is a two-instruction fragment of the same straight-line block as 0x8939, not a separate entry point: the `ljmp 0x8F09` at 0x893F leaves without a return. bank-call-targets.csv records an `ljmp` at 0x888A into 0x893E, on which path A is the jumper's, and the address DPTR holds is not decided by this listing either way.",ec/decompiled/bank0/893E.asm; ec/annotations/bank-call-targets.csv,hand-decoded
bank0,0x8C46,param_1,value_a,param,"The `movx @DPTR,A` at 0x8C49 writes the accumulator this entry was reached with; the only instruction before it here is `mov DPTR,#0x469`, which touches no A. bank-call-targets.csv records the `ljmp` at 0x8B11 that reaches 0x8C46, so on that path the caller left the value in A and the byte written is the caller's. The fall-through path is a different kind of arrival and is not decoded here: the last instruction of the block at 0x8B14 before this entry is a `movc A,@A+DPTR`, so a byte stored that way comes from a code table rather than from a caller.",ec/decompiled/bank0/8C46.asm; ec/annotations/bank-call-targets.csv,hand-decoded
bank0,0x8F0F,param_1,value_a,param,"The `movx @DPTR,A` at 0x8F0F writes the accumulator this entry was reached with; the store is the listing's first instruction and the block above it ends in the `ret` at 0x8F0E, so nothing falls in here already set. bank-call-targets.csv records `lcall`s at 0x89B7 and 0x89EB reaching this address, so on those paths the caller left the value in A and the address in DPTR; what the callers put there is not decoded here. Because the listing reads the byte straight back at 0x8F10, this row's value is also the one that reaches 0x075C, and the two 0xA73F command codes are not decoded.",ec/decompiled/bank0/8F0F.asm; ec/annotations/bank-call-targets.csv,hand-decoded
bank0,0x9018,param_1,a14_from_9016,artifact,"The `movx @DPTR,A` at 0x9018 writes the 0x14 that `mov A,#0x14` at 0x9016 loaded, through the DPTR that `inc DPTR` at 0x9015 advanced past 0x081E; the decompiler promoted that constant to a parameter slot. This two-instruction listing is a fragment of the same straight-line block, and its own plate comment places 0x9018 inside the range Ghidra gives the function at 0x8FDB rather than in a routine of its own. bank-call-targets.csv records an `lcall` at 0xB3AA into 0x9018, on which path A is the caller's and is not decoded here.",ec/decompiled/bank0/9018.asm; ec/annotations/bank-call-targets.csv,hand-decoded
bank0,0x901C,param_1,entry_dptr,artifact,"The listing is `mov A,#0x01`, `movx @DPTR,A`, `ret` and never loads DPTR, so the destination is whatever the caller left there. Ghidra renders an uninitialised DPTR as a pointer parameter, which is what makes the C take `undefined1 *`. No calling convention is decoded -- Ghidra has no Keil C51 model -- and the caller's DPTR value is not established from this listing.",ec/decompiled/bank0/901C.asm,hand-decoded
bank0,0x9A7B,param_1,dptr_from_bd20,artifact,"The store at 0x9A84 is `movx @DPTR,A` and this listing loads DPTR nowhere; `lcall 0xBD20` at 0x9A7F chooses the address, so the decompiler's pointer is DPTR as 0xBD20 left it. What 0xBA15 and 0xBD20 read to produce their results is not decoded here.",ec/decompiled/bank0/9A7B.asm,hand-decoded
bank0,0x9A90,param_1,dptr_from_bd20,artifact,"The same shape: the store at 0x9A9A is `movx @DPTR,A` with no DPTR load anywhere in this listing, and the `lcall 0xBD20` at 0x9A95 leaves the address. What 0xBD20 does to choose it is not decoded here.",ec/decompiled/bank0/9A90.asm,hand-decoded
bank0,0x9C1D,param_1,entry_dptr,artifact,"`clr A` then two `movx @DPTR,A` with an `inc DPTR` between them, and no DPTR load in the listing, so the two bytes cleared are at the caller's DPTR and DPTR+1. The decompiler renders that as `*param_1` and `param_1[1]`; no address is passed in.",ec/decompiled/bank0/9C1D.asm,hand-decoded
bank0,0xA725,param_1,value_a,param,"The `movx @DPTR,A` at 0xA728 writes the accumulator this entry was reached with; `mov DPTR,#0x857` before it loads only the address, and the block above ends in the `ret` at 0xA723, so nothing on the way in sets A. bank-call-targets.csv records an `ljmp` at 0xA521 reaching this address, so on that path the caller left the value in A; what the caller put there is not decoded here. This listing loads the destination, stores A and returns, and never loads or modifies A itself.",ec/decompiled/bank0/A725.asm; ec/annotations/bank-call-targets.csv,hand-decoded
bank0,0xB5CC,param_1,a0_from_b5c7,artifact,"The `movx @DPTR,A` at 0xB5CF writes zero on the path that falls in here: `clr A` at 0xB5C7 clears the accumulator and the store at 0xB5CB leaves it cleared, and the decompiler promoted that value to a parameter slot. This listing is a fragment of the same straight-line block as 0xB5B2 rather than a separate entry point, and it has no return of its own -- the `ret` at 0xB5D2 is the next entry. bank-call-targets.csv records an `ljmp` at 0xB553 into 0xB5CC, on which path A is the jumper's and the zero is not a property of that path.",ec/decompiled/bank0/B5CC.asm; ec/annotations/bank-call-targets.csv,hand-decoded
bank0,0xB730,param_1,a0_from_b72b,artifact,"The `movx @DPTR,A` at 0xB733 writes zero on the path that falls in here: `clr A` at 0xB72B in the block above clears the accumulator and the store at 0xB72F leaves it cleared, which the decompiler promoted to a parameter slot. The same six bytes are also the tail of 0xB716, so this listing is a fragment of that straight-line block rather than a routine of its own, and the `ret` at 0xB736 belongs to the next entry. bank-call-targets.csv records an `ljmp` at 0xB6A5 into 0xB730, on which path A is the jumper's and is not decoded here.",ec/decompiled/bank0/B730.asm; ec/annotations/bank-call-targets.csv,hand-decoded
bank0,0xB939,param_1,value_a,param,"One instruction, and it writes the accumulator this entry was reached with: nothing in the listing sets A or DPTR, and the instruction before it on the fall-through path, `mov DPTR,#0x8c1` at 0xB936, touches no A. bank-call-targets.csv records nine `lcall` sites reaching 0xB939, so on those paths the caller supplied both the value in A and the address in DPTR; what the callers put there is not decoded here. The fall-through path sets A from a code byte at 0xB935 instead, so a value arriving that way is a table entry rather than a caller's, and one placeholder covers both.",ec/decompiled/bank0/B939.asm; ec/annotations/bank-call-targets.csv,hand-decoded
bank0,0xB93D,param_1,entry_dptr,artifact,"The C's `*(param_1 + 1)` does not match the listing: `movx A,@DPTR`, `mov R6,A`, `inc DPTR`, `movx A,@DPTR`, then `mov DPL,A` and `mov DPH,R6` load DPTR from two consecutive XDATA bytes. DPTR is the address the caller left, and what the decompiler folded into that expression is not decoded here.",ec/decompiled/bank0/B93D.asm,hand-decoded
bank0,0xB947,param_1,value_a,param,"The `movx @DPTR,A` at 0xB947 writes the accumulator this entry was reached with; the store is the listing's first instruction and the block above ends in the `ret` at 0xB946, so nothing falls in here already set. bank-call-targets.csv records `lcall`s at 0xAE90 and 0xAEDF reaching this address, so on those paths the caller left the value in A and the address in DPTR; what the callers put there is not decoded here. The reads that fill R7 and R3, and the constant 0x46 loaded at 0xB953, are this listing's own work and are not the value this row names.",ec/decompiled/bank0/B947.asm; ec/annotations/bank-call-targets.csv,hand-decoded
bank0,0xB958,param_1,value_a,param,"The first store, `movx @DPTR,A` at 0xB958, writes the accumulator the caller arrived with, and it is the only use of A before the three constant stores that follow. Arriving in A is as far as this is decoded: Ghidra has no Keil C51 calling-convention model, so a prototype here would be a guess sitting where a fact reads.",ec/decompiled/bank0/B958.asm,hand-decoded
bank0,0xB958,param_2,entry_dptr,artifact,"The four stores are relative to a base this listing never loads: `movx @DPTR,A` then three `inc DPTR` and constant stores, leaving DPTR three past where it started. The decompiler renders the base as a pointer parameter; it is the caller's DPTR and no address is passed in.",ec/decompiled/bank0/B958.asm,hand-decoded
bank0,0xB983,param_1,value_a,param,"The single `movx @DPTR,A` at 0xB983 writes the accumulator this entry was reached with: nothing in the listing sets A or DPTR, and the block above ends in the `ret` at 0xB982, so nothing on the fall-through side supplies it either. bank-call-targets.csv records `lcall`s at 0x965C and 0x98B3 reaching this address, so on those paths the caller left the value in A and the address in DPTR; what the callers put there is not decoded here. The decompiled C's return value is not in this one-instruction listing.",ec/decompiled/bank0/B983.asm; ec/annotations/bank-call-targets.csv,hand-decoded
bank0,0xB989,param_1,entry_dptr,artifact,"`inc DPTR`, `movx A,@DPTR`, `mov DPL,A`, `mov DPH,R6`, `ret`. The C's `*(param_1 + 1)` does not match: nothing here dereferences a pointer, and R6 was loaded by the entry at 0xB987.",ec/decompiled/bank0/B989.asm,hand-decoded
bank0,0xB990,param_1,entry_dptr,artifact,"Two instructions, `movx A,@DPTR` and `mov DPTR,#0x792`, and the first never loads DPTR, so the byte read is at the address the caller left. The C's `uEXTMEM0792 = *param_1` and its return value are not in these two instructions.",ec/decompiled/bank0/B990.asm,hand-decoded
bank0,0xB994,param_1,value_a,param,"The single `movx @DPTR,A` at 0xB994 writes the accumulator this entry was reached with, and on the four `lcall` paths bank-call-targets.csv records that is the caller's; what the callers put there is not decoded here. The fall-through path carries a different value, and it is two instructions long, not one: past the `ret` at 0xB98F, 0xB990 reads a byte with `movx A,@DPTR` and only 0xB991 then loads DPTR with 0x0792, so the store writes that read byte to 0x0792. The address 0xB990 reads is not loaded there -- 0xB989's block increments DPTR and then rebuilds it from a byte it reads -- so that address is not established here. The decompiled C's return value is not in this instruction.",ec/decompiled/bank0/B994.asm; ec/annotations/bank-call-targets.csv,hand-decoded
bank0,0xB9EE,param_1,value_a,param,"The `movx @DPTR,A` at 0xB9EE writes the accumulator this entry was reached with, and on the `lcall` path bank-call-targets.csv records at 0x82EE that is the caller's, together with the address in DPTR; what the callers put there is not decoded here. The fall-through path carries a different value, and it is two instructions long, not one: with no return or jump in between, 0xB9EA reads a byte with `movx A,@DPTR` from the 0x1919 that 0xB9E7 loaded, and only 0xB9EB then loads DPTR with 0x0A56, so the store writes that byte to 0x0A56. Because the listing reads the byte straight back at 0xB9EF, this row's value is also the low byte of the R7:R6 pair the routine returns, and no carry or error flag is produced.",ec/decompiled/bank0/B9EE.asm; ec/annotations/bank-call-targets.csv,hand-decoded
bank0,0xBA16,param_1,a0_from_ba15,artifact,"The `movx @DPTR,A` at 0xBA19 writes zero on the path that falls in here: `clr A` at 0xBA15 clears the accumulator, `mov DPTR,#0x8cc` at 0xBA16 loads only the address, and the decompiler promoted that cleared value to a parameter slot. This listing is a fragment of the same straight-line block rather than a routine of its own -- it has no return, and the store it ends on continues into the next entry at 0xBA1C. bank-call-targets.csv records `lcall`s at 0x9B30 and 0x9C40 into 0xBA16, on which paths A is the caller's and is not decoded here; the C's two further stores belong to that next entry.",ec/decompiled/bank0/BA16.asm; ec/annotations/bank-call-targets.csv,hand-decoded
bank0,0xBA1C,param_1,a0_from_ba15,artifact,"The `movx @DPTR,A` at 0xBA1F writes zero on the path that falls in here: the accumulator is cleared at 0xBA15 and the two stores in 0xBA16's listing carry that cleared value through, so the decompiler promoted it to a parameter slot. Unlike its predecessor this listing does return, at 0xBA22, and bank-call-targets.csv records `lcall`s at 0x9B24 and 0x9BB1 into 0xBA1C, on which paths A is the caller's instead. So the zero is what the fall-through path carries, not a value both call sites are shown to share, and what those callers put in A is not decoded here.",ec/decompiled/bank0/BA1C.asm; ec/annotations/bank-call-targets.csv,hand-decoded
bank0,0xBA3D,param_1,value_a,param,"The single `movx @DPTR,A` at 0xBA3D writes the accumulator this entry was reached with; the block above ends in the `ret` at 0xBA3C, so nothing falls in here already set, and nothing in the listing loads DPTR either. bank-call-targets.csv records eight `lcall` sites reaching 0xBA3D, so on those paths the caller left the value in A and the address in DPTR; what the callers put there is not decoded here. The clearing of bit 0 of 0x1901 that the decompiled C reports is the next entry's work, not this instruction.",ec/decompiled/bank0/BA3D.asm; ec/annotations/bank-call-targets.csv,hand-decoded
bank0,0xBAFD,param_1,value_a,param,"The `movx @DPTR,A` at 0xBAFD writes the accumulator this entry was reached with: nothing before it in this listing touches A, and the block above ends in the `ret` at 0xBAFC, so nothing falls in here already set. bank-call-targets.csv records `lcall`s at 0x828D and 0x82BA reaching this address, so on those paths the caller left the value in A and the address in DPTR; what the callers put there is not decoded here. The `orl A,#0x2` and `orl A,#0x1` that follow write 0x1900, a different value, and the second is never written back inside this listing.",ec/decompiled/bank0/BAFD.asm; ec/annotations/bank-call-targets.csv,hand-decoded
bank0,0xBB08,param_1,a_from_x1900_or_1,artifact,"The `movx @DPTR,A` at 0xBB08 writes the accumulator the instruction immediately before it produced: `orl A,#0x1` at 0xBB06, reading back the byte at 0x1900 that this block had just set bit 1 of. On the fall-through path the value stored is that byte with bit 0 set, which the decompiler promoted to a parameter slot. This listing is a complete routine rather than a mid-block fragment -- it returns at 0xBB10 -- and bank-call-targets.csv records `lcall`s at 0x821F and 0x826E into 0xBB08, on which paths the value is the caller's instead; what the callers put in A is not decoded here. The bit 0 it then sets on 0x1901 is a separate write, not this store's value.",ec/decompiled/bank0/BB08.asm; ec/annotations/bank-call-targets.csv,hand-decoded
bank0,0xBB24,param_1,value_a,param,"The `movx @DPTR,A` at 0xBB27 writes the accumulator this entry was reached with, and no instruction in this listing sets A first. bank-call-targets.csv records an `lcall` at 0x8885 into this address, and 8749.asm shows that call as a real instruction two bytes after `mov A,#0x3c`, so a caller reaches the address directly. The run back to the `ret` at 0xBB21 is the one-instruction entry at 0xBB22 (`mov A,#0xc8`), which has no ret of its own and falls in, so the byte stored on that path is 0xc8. The destination is the 0x1804 this listing loads, and what reads it is not decoded here.",ec/decompiled/bank0/BB24.asm; ec/annotations/bank-call-targets.csv,hand-decoded
bank0,0xBB4A,param_1,value_a,param,"The `movx @DPTR,A` at 0xBB4A writes the accumulator the caller arrived with; the function then loads A with 0x0A for the next store. Arriving in A is as far as this is decoded.",ec/decompiled/bank0/BB4A.asm,hand-decoded
bank0,0xBB4A,param_2,entry_dptr,artifact,"One reading of the `movx @DPTR,A` store at 0xBB4A: this listing never loads DPTR, so the address written is the caller's. Where DPTR came from is not established here.",ec/decompiled/bank0/BB4A.asm,hand-decoded
bank0,0xBB4D,param_1,value_a,param,"The `movx @DPTR,A` at 0xBB50 writes the accumulator this entry was reached with, and no instruction in this listing sets A first. The run back to the `ret` at 0xBB46 is `mov DPTR,#0x8b8` at 0xBB47, the store at 0xBB4A and `mov A,#0xa` at 0xBB4B, so a fall-through arrives with A = 0x0a. bank-call-targets.csv records an `lcall` at 0x92D9, and the image confirms it as a real instruction with `mov A,#0x05` at 0x92D7 immediately before, in an arm of 0x9277's block that no exported listing covers. Two paths carrying different values reach this store; the destination 0x08B9 is loaded here, and which path a caller intends is not established.",ec/decompiled/bank0/BB4D.asm; ec/annotations/bank-call-targets.csv,hand-decoded
bank0,0xBB80,param_1,value_a,param,"The single `movx @DPTR,A` at 0xBB80 writes the accumulator the caller arrived with. Arriving in A is as far as this is decoded.",ec/decompiled/bank0/BB80.asm,hand-decoded
bank0,0xBB80,param_2,entry_dptr,artifact,"The decompiler's rendering of the `movx @DPTR,A` store: this listing never loads DPTR, so the address is the caller's and is not established here.",ec/decompiled/bank0/BB80.asm,hand-decoded
bank0,0xBB99,param_1,value_a,param,"One instruction: the `movx @DPTR,A` at 0xBB99 writes the accumulator this entry was reached with. bank-call-targets.csv records `lcall`s at 0x8286 and 0x82AD into this address, both real instructions in 8274.asm and 8294.asm, and the preceding entry 0xBB90 ends in `ret` at 0xBB98, so no fall-through path arrives with A already set. The destination is the caller's DPTR, which this listing never loads. What the caller passes in A, and what reads the byte, are not decoded here.",ec/decompiled/bank0/BB99.asm; ec/annotations/bank-call-targets.csv,hand-decoded
bank0,0xBC06,param_1,value_a,param,"The `movx @DPTR,A` at 0xBC07 writes the accumulator this entry was reached with, and the `inc DPTR` at 0xBC06 ahead of it feeds the store rather than the value. bank-call-targets.csv records an `lcall` at 0xAEC8 into this address, and AEC0.asm shows it as a real instruction with `mov A,#0x3` at 0xAEC6. The run back to the `ret` at 0xBBFD is `mov DPTR,#0xa48` at 0xBBFE, `mov A,#0x40` at 0xBC01, the store at 0xBC03 and `mov A,#0x1` at 0xBC04, so a fall-through arrives with A = 0x01, the 0x40 overwritten. The C's `param_2 + 1` is a reading of that `inc DPTR`; the two addresses written are 0x0A49 and 0x0A4B.",ec/decompiled/bank0/BC06.asm; ec/annotations/bank-call-targets.csv,hand-decoded
bank0,0xBC3F,param_1,value_a,param,"The `movx @DPTR,A` at 0xBC3F writes the accumulator this entry was reached with, and it is the first use of A in the listing. bank-call-targets.csv records `lcall`s at 0x87D8 and 0xAD51 into this address, both real instructions in the export, and the preceding entry 0xBC37 ends in `ret` at 0xBC3E, so no fall-through path arrives with A set. The destination is the caller's DPTR, which this listing never loads; the read-modify-write pairs that follow clear bit 7 of 0x0824 and bit 2 of 0x0768. What either cleared bit means is not decoded here.",ec/decompiled/bank0/BC3F.asm; ec/annotations/bank-call-targets.csv,hand-decoded
bank0,0xBC7E,param_1,value_a,param,"The `movx @DPTR,A` at 0xBC7E writes the accumulator this entry was reached with, and nothing earlier in the listing touches A. bank-call-targets.csv records an `lcall` at 0x9F6B into this address, and 9D9B.asm shows it as a real instruction with `mov DPTR,#0xa47` and `mov A,#0x3` in the two bytes before it. The run back to the `ret` at 0xBC7A is the one-instruction entry at 0xBC7B, which loads DPTR with 0xa47 and falls in without setting A, so the destination is the same on both paths. What the 0x086C read that follows decides, through the carry, is not decoded here.",ec/decompiled/bank0/BC7E.asm; ec/annotations/bank-call-targets.csv,hand-decoded
bank0,0xBCB6,param_1,value_a,param,"The `movx @DPTR,A` at 0xBCB6 writes the accumulator this entry was reached with, and nothing before it in the listing touches A. bank-call-targets.csv records an `lcall` at 0x802B into this address, and 8026.asm shows it as a real instruction two bytes after `mov A,#0x80`, so a caller reaches it directly. The run back to the `ret` at 0xBCB0 is `mov DPTR,#0x8e1` at 0xBCB1 and `mov A,#0x6` at 0xBCB4, so a fall-through arrives with A = 0x06. The destination is the caller's DPTR, which this listing never loads; the listing then writes 0x00 to 0x08E0 and returns.",ec/decompiled/bank0/BCB6.asm; ec/annotations/bank-call-targets.csv,hand-decoded
bank0,0xBD20,param_1,value_a,param,"The `movx @DPTR,A` at 0xBD23 writes the accumulator this entry was reached with, the first use of A in the listing. bank-call-targets.csv records `lcall`s at 0x9A7F, 0x9A95 and 0x9C25 into this address, all real instructions in the export, and the preceding entry 0xBD12 ends in `ret` at 0xBD1F, so no fall-through path arrives with A set. The destination is the 0x044B this listing loads. What the 0x08E2 byte the listing returns in A is not decoded here.",ec/decompiled/bank0/BD20.asm; ec/annotations/bank-call-targets.csv,hand-decoded
bank0,0xBD7F,param_1,value_a,param,"The `movx @DPTR,A` at 0xBD7F writes the accumulator this entry was reached with, and the two-instruction entry before it at 0xBD79 ends in `ljmp 0x7110`, so nothing falls in from there. bank-call-targets.csv records `lcall`s at 0xA269 and 0xA28F into this address, both real instructions in A1C8.asm, and each site loads DPTR and A in the instructions ahead of the call. The destination is the caller's DPTR, which this listing never loads. The tail target 0x7110 is not decoded here.",ec/decompiled/bank0/BD7F.asm; ec/annotations/bank-call-targets.csv,hand-decoded
bank0,0xBE21,param_1,value_a,param,"The `movx @DPTR,A` at 0xBE24 writes the accumulator this entry was reached with, and the listing stores the same A again at 0xBE28 without touching it in between. bank-call-targets.csv records `lcall`s at 0xA4DB and 0xA616, and the image confirms both as real instructions: the first in A4D6.asm, preceded by `clr A` at 0xA4D6, `mov DPTR,#0x1803` at 0xA4D7 and `movx @DPTR,A` at 0xA4DA, the last two writing DPTR and XDATA rather than A; the second preceded by `clr A` at 0xA615. The run back to the `ret` at 0xBE20 is this entry alone. The two destinations, 0x1805 and 0x1808, are loaded here.",ec/decompiled/bank0/BE21.asm; ec/annotations/bank-call-targets.csv,hand-decoded
bank0,0xBE73,param_1,value_a,param,"The `movx @DPTR,A` at 0xBE76 writes the accumulator this entry was reached with; the listing then clears A and stores 0x00 at 0x0A48. bank-call-targets.csv records `lcall`s at 0x92A2 and 0x92AB, and the image confirms both as real instructions, each with A loaded immediately before: `mov A,#0x10` at 0x92A0, and `mov A,#0x0d` at 0x92A9 in the other arm of the same block, which no exported listing covers. The run back to the `ret` at 0xBE72 is this entry alone, so no fall-through path arrives with A set. Whether 0x0A47 and 0x0A48 are one 16-bit value is not established by these instructions.",ec/decompiled/bank0/BE73.asm; ec/annotations/bank-call-targets.csv,hand-decoded
bank0,0xBEBE,param_1,divisor_r5,artifact,"`mov B,R5` at 0xBEC2 is the only use of R5, and `div AB` then divides the byte at XDATA 0x070A by it, leaving the remainder in B for the `mov A,B` that returns it. The decompiler also emits an `if (param_1 != 0)` guard and no instruction tests R5 -- `div AB` with B clear is undefined on this part -- so that guard corresponds to nothing in the listing.",ec/decompiled/bank0/BEBE.asm,hand-decoded
bank0,0xC4F0,param_1,entry_dptr,artifact,"`mov A,#0x40` then `movx @DPTR,A` with no DPTR load before it, so the byte written is at the address the caller left. The decompiler renders it as a pointer parameter; the caller-supplied value is not established here.",ec/decompiled/bank0/C4F0.asm,hand-decoded
bank0,0xD2CB,param_1,value_a,param,"The `movx @DPTR,A` at 0xD2CE writes the accumulator this entry was reached with, the first use of A in the listing. bank-call-targets.csv records `lcall`s at 0xD17F and 0xD19D, and the image confirms both as real instructions: the first in D091.asm, immediately after an XDATA read into A, and the second after `clr A` at 0xD198, `mov DPTR,#0x1c04` at 0xD199 and a store at 0xD19C, of which only the `clr A` writes A. The run back to the `ret` at 0xD2CA is this entry alone. The destination 0x1C05 is loaded here; the listing ends on a DPTR load the next entry uses, not on a second store.",ec/decompiled/bank0/D2CB.asm; ec/annotations/bank-call-targets.csv,hand-decoded
bank0,0xD2DA,param_1,value_a,param,"The `movx @DPTR,A` at 0xD2DD writes the accumulator this entry was reached with, and the two stores after it read 0x0862 and 0x0865 into A without disturbing it. bank-call-targets.csv records `lcall`s at 0xD184 and 0xD1A2, and the image confirms both as real instructions, the second after `orl A,#0x01` at 0xD1A0 in a stretch of 0xD091's block that no exported listing covers. The run back to the `ret` at 0xD2D9 is this entry alone, so no fall-through path arrives with A set. The three destinations are loaded by this listing; what reads them is not decoded here.",ec/decompiled/bank0/D2DA.asm; ec/annotations/bank-call-targets.csv,hand-decoded
bank0,0xD2EF,param_1,value_a,param,"The `movx @DPTR,A` at 0xD2F2 writes the accumulator this entry was reached with, and nothing in the listing sets A first. The run back to the `ret` at 0xD2EE is this entry alone, so no fall-through path arrives with A set either. bank-call-targets.csv records two `lcall`s, at 0xD1D8 and 0xD200, and the image confirms both as real instructions in a stretch of 0xD091's block that no exported listing covers; the first follows `anl A,#0xfe` at 0xD1D6 and the second `orl A,#0x01` at 0xD1FE, so each of those callers does leave a value in A. What that value is upstream is not decoded here.",ec/decompiled/bank0/D2EF.asm; ec/annotations/bank-call-targets.csv,hand-decoded
bank0,0xD304,param_1,value_a,param,"The `movx @DPTR,A` at 0xD307 writes the accumulator this entry was reached with, and the two stores after it read 0x0862 and 0x0865 into A without disturbing it. bank-call-targets.csv records `lcall`s at 0xD239 and 0xD25F, and the image confirms both as real instructions, the second after `orl A,#0x01` at 0xD25D in a stretch of 0xD236's block that no exported listing covers. The run back to the `ret` at 0xD303 is this entry alone, so no fall-through path arrives with A set. The three destinations are loaded by this listing; what reads them is not decoded here.",ec/decompiled/bank0/D304.asm; ec/annotations/bank-call-targets.csv,hand-decoded
bank0,0xD6C0,param_1,a1_from_d6be,artifact,"The `movx @DPTR,A` at 0xD6C0 writes the 0x01 that `mov A,#0x1` at 0xD6BE loaded immediately before it, so the value is the preceding instruction's and not anything that arrived in A. That instruction is the last of the entry at 0xD673, which has no ret before 0xD6C0, so on the path the image shows this listing is a fragment of the same block and not a separate entry point; the entry point it belongs to is 0xD673. bank-call-targets.csv records no call or jump into this address, and the store completes a 0x01 write to 0x1F06 that the DPTR load at 0xD6BB set up. What reads 0x1F06 and 0x1F07 is not decoded here.",ec/decompiled/bank0/D6C0.asm; ec/annotations/bank-call-targets.csv,hand-decoded
bank0,0xD6EA,param_1,value_a,param,"The `movx @DPTR,A` at 0xD6EA writes the accumulator this entry was reached with, and nothing in the listing sets A first. bank-call-targets.csv records `lcall`s at 0xD5B5 and 0xD694 into this address, both real instructions, the second two bytes after `mov A,#0x5a`, and the preceding entry 0xD6DF ends in `ret` at 0xD6E9, so no fall-through path arrives with A set. The destination is the caller's DPTR, which this listing never loads. The listing has no ret of its own: it clears A, loads DPTR with 0x1F06 and falls into 0xD6EF, which stores that zero.",ec/decompiled/bank0/D6EA.asm; ec/annotations/bank-call-targets.csv,hand-decoded
bank0,0xD6EF,param_1,a0_from_d6eb,artifact,"The `movx @DPTR,A` at 0xD6EF writes the 0x00 that `clr A` at 0xD6EB loaded two instructions earlier, so the value is the preceding block's and not anything that arrived in A. 0xD6EA has no ret and falls in here, so this listing is a fragment of the same block and not a separate entry point; the entry point it belongs to is 0xD6EA. bank-call-targets.csv records no call or jump into this address. The store completes the 0x1F06 write 0xD6EA set up, and the listing then loads DPTR with 0x1F09 and returns, leaving it for the caller.",ec/decompiled/bank0/D6EF.asm; ec/annotations/bank-call-targets.csv,hand-decoded
bank0,0xD9DC,param_1,r7_from_c1e7,return,"`lcall 0xC1E7` at 0xD9E7 is followed by `mov A,R7` at 0xD9EA, so this is the callee's return value and not an argument passed in. The callee is bank0's `test_1664_bit0` (ec/decompiled/bank0/C1E7.asm): it reads XDATA 0x1664 and leaves R7 = 1 when bit 0 is set and R7 = 0 when it is clear, so this row is a test of bit 0 of 0x1664. The value is a selector rather than a flag consumed here -- `jz 0xD9F2` sends a zero to the read of XDATA 0x0827 and a non-zero to the read of 0x0825, and the byte read is then stored to 0x0826. This is bank0's 0xC1E7; bank1's 0xC1E7 is a different routine in a different program (ec/decompiled/bank1/C1E7.asm) and does not stand in for it.",ec/decompiled/bank0/D9DC.asm,hand-decoded
bank0,0xE054,param_1,a_from_r7,artifact,"The `movx @DPTR,A` at 0xE054 writes A as it stands on entry, and the two image instructions ahead of it are `mov DPTR,#0x1521` at 0xE050 and `mov A,R7` at 0xE053 -- the second is the A-touch, and neither is in an exported listing. So a fall-through arrives with A = R7: the decompiler's param_1 is that register copy promoted to a parameter slot, not a value a caller passed. The run starts after the `ret` at 0xE04F that ends 0xE03F, so the block belongs to no exported entry point and this address is not established as one. bank-call-targets.csv records five `ljmp`s here, at 0xC12E, 0xC136, 0xC146, 0xC15E and 0xDC79, but the image puts every one of those offsets inside the immediate of a `mov DPTR,#0x1602` or `#0x1202` followed by the 0xE0 opcode of the next `movx A,@DPTR` -- a misaligned read, not a jump. What R7 holds, and which address the store writes, are not decoded here.",ec/decompiled/bank0/E054.asm; ec/annotations/bank-call-targets.csv,hand-decoded
bank0,0xE0C3,param_1,a0_from_e0c2,artifact,"The `movx @DPTR,A` at 0xE0C3 writes the 0x00 that `clr A` at 0xE0C2 set one byte earlier, and that instruction is in the image but in no exported listing. The run back to the `ret` at 0xE0B8 is `mov A,0x3a` at 0xE0B9, `cjne A,#0xa3,0xe0cf` at 0xE0BB, `mov DPTR,#0x0d04` at 0xE0BE and `movx A,@DPTR` at 0xE0C1, none of which survives to the store because the `clr A` overwrites it. So a fall-through arrives with A = 0, and the decompiler's param_1 is that constant promoted to a parameter slot. The run belongs to no exported entry point: the listing at 0xE090 ends in `ret` at 0xE0A1 and no listing covers anything after it up to here. bank-call-targets.csv records one `ljmp` here, at 0xB3C8, but the image puts that offset inside the immediate of the `mov DPTR,#0x1802` at 0xB3C6 followed by the 0xE0 and 0xC3 opcodes of the two instructions after it, so it is a misaligned read rather than a jump. Which address the store writes is not established; this listing never loads DPTR.",ec/decompiled/bank0/E0C3.asm; ec/annotations/bank-call-targets.csv,hand-decoded
bank0,0xE37B,param_1,a80_from_e379,artifact,"The store at 0xe37b writes the accumulator the entry was reached with, and the instruction immediately before it, at 0xe379, loads A with 0x80, so the whole run stores 0x80 across 0x164b to 0x164e. This listing is a fragment of the block that starts at 0xe376 rather than a separate entry point: that block sets DPTR to 0x164b and falls straight in. The decompiler promoted the 0x80 constant to a parameter slot. A recorded lcall also reaches this address, but that caller's A is set in its own listing and is not decoded here, so 0x80 is the only value these bytes fix.",ec/decompiled/bank0/E37B.asm; ec/annotations/bank-call-targets.csv,hand-decoded
bank0,0xF079,param_1,value_a,param,"The store at 0xf079 writes the accumulator this entry was reached with; nothing in the listing sets A first, the instruction immediately before the entry, 0xf078, is `inc DPTR`. A `ret` closes the block ahead of 0xf078, so control does not fall in to set A, and a recorded lcall reaches this address, which is good evidence this is a real entry the caller left that value in A for. Arriving in A is as far as this is decoded: Ghidra has no Keil C51 calling-convention model, so a prototype here would be a guess sitting where a fact reads. What each caller puts in A is in the caller's own listing, not here.",ec/decompiled/bank0/F079.asm; ec/annotations/bank-call-targets.csv,hand-decoded
bank0,0xF07F,param_1,a_from_f07e,artifact,"The store at 0xf07f writes the accumulator the entry was reached with, and the immediately preceding one-instruction entry, at 0xf07e, is an `inc A`, so on the fall-through path the stored byte is one more than the block's incoming A. This listing is a single instruction and that increment is what fixes the value on this path. A recorded lcall also reaches this address and lands on the store directly, skipping the increment, so the C's one parameter covers two different values depending on the path. What the increment started from is not decoded here.",ec/decompiled/bank0/F07F.asm; ec/annotations/bank-call-targets.csv,hand-decoded
bank0,0xF081,param_1,a0_from_f080,artifact,"The store at 0xf082 writes the accumulator the entry was reached with, and the instruction immediately before the entry, at 0xf080, clears A, so the byte written is 0. The entry's own first instruction, `inc DPTR`, does not touch A, so the cleared value reaches the store unchanged. This listing is two instructions of a longer zero-filling run rather than a separate entry point, and the decompiler promoted the constant 0 to a parameter slot. A recorded lcall also reaches this address; the caller's A is set in its own listing, not here.",ec/decompiled/bank0/F081.asm; ec/annotations/bank-call-targets.csv,hand-decoded
bank0,0xF083,param_1,a0_from_f080,artifact,"The store at 0xf084 writes the accumulator the entry was reached with, and the nearest instruction before the entry that sets A is the `clr A` at 0xf080 earlier in the same zero-filling run, so the byte written is 0. The stores and `inc DPTR` between that clear and here do not touch A, so the cleared value is what reaches this store. This listing is a fragment of that run, not a separate entry point, and the decompiler promoted the constant 0 to a parameter slot. A recorded lcall also reaches this address; the caller's A is set in its own listing, not here.",ec/decompiled/bank0/F083.asm; ec/annotations/bank-call-targets.csv,hand-decoded
bank0,0xF089,param_1,a0_from_f080,artifact,"The store at 0xf08a writes the accumulator the entry was reached with, and the nearest instruction before it that sets A is the `clr A` at 0xf080 earlier in the same zero-filling run, so the byte written is 0. The intervening stores and `inc DPTR` do not touch A, so the cleared value is what reaches this store. This listing is two instructions of that run, not a separate entry point, and the decompiler promoted the constant 0 to a parameter slot. A recorded lcall also reaches this address; the caller's A is set in its own listing, not here.",ec/decompiled/bank0/F089.asm; ec/annotations/bank-call-targets.csv,hand-decoded
bank0,0xF095,param_1,a60_from_f093,artifact,"The store at 0xf096 writes the accumulator the entry was reached with, and the instruction immediately before the entry, at 0xf093, loads A with 0x60, so the byte written is 0x60. This listing is a fragment of the run that follows, not a separate entry point, and the decompiler promoted the 0x60 constant to a parameter slot. A recorded lcall also reaches this address, but that path takes A from a register the caller set, so 0x60 is only the value these fall-through bytes fix. What that register holds is not decoded here.",ec/decompiled/bank0/F095.asm; ec/annotations/bank-call-targets.csv,hand-decoded
bank0,0xF0C8,param_1,a0_from_f0c4,artifact,"The store at 0xf0c8 writes the accumulator the entry was reached with, and the block at 0xf0c4 that it falls out of clears A before loading DPTR, so the byte written is 0. This listing is two instructions of that run rather than a separate entry point, and the decompiler promoted the constant 0 to a parameter slot. A recorded lcall also reaches this address, but that path takes A from the caller's own setup, so 0 is the value these fall-through bytes fix. What the caller puts in A is not decoded here.",ec/decompiled/bank0/F0C8.asm; ec/annotations/bank-call-targets.csv,hand-decoded
bank0,0xF0CA,param_1,a0_from_f0c4,artifact,"The store at 0xf0ca writes the accumulator the entry was reached with, and the block at 0xf0c4 that it falls out of clears A earlier, so the byte written is 0. This listing continues that run rather than being a separate entry point, and the decompiler promoted the constant 0 to a parameter slot. A recorded lcall also reaches this address and supplies A from a register the caller set, so 0 is only the value these fall-through bytes fix. That register's value is not decoded here.",ec/decompiled/bank0/F0CA.asm; ec/annotations/bank-call-targets.csv,hand-decoded
bank0,0xF0DC,param_1,a1_from_f0da,artifact,"The store at 0xf0dd writes the accumulator the entry was reached with, and the instruction immediately before the entry, at 0xf0da, loads A with 0x01, so the byte written is 1. This listing is a fragment of the run that precedes it, not a separate entry point, and the decompiler promoted the constant 1 to a parameter slot. A recorded lcall also reaches this address, but that path takes A from the caller's own setup, so 1 is the value these fall-through bytes fix. What the caller puts in A is not decoded here.",ec/decompiled/bank0/F0DC.asm; ec/annotations/bank-call-targets.csv,hand-decoded
bank0,0xF0EF,param_1,a88_from_f0ed,artifact,"The store at 0xf0f2 writes the accumulator the entry was reached with, and the one-instruction entry at 0xf0ed immediately before it loads A with 0x88, so the byte written is 0x88 to 0x0f60. This listing is the second instruction of that two-step store, not a separate entry point, and the decompiler promoted the 0x88 constant to a parameter slot. The C's own note calls it a caller-supplied byte in place of the constant 0x88, which is the fall-through reading and not a decoded caller value. A recorded lcall also reaches this address; the caller's A is set in its own listing, not here.",ec/decompiled/bank0/F0EF.asm; ec/annotations/bank-call-targets.csv,hand-decoded
bank0,0xF108,param_1,a_from_prev_load,artifact,"The store at 0xf108 writes the accumulator the entry was reached with, and nothing between the preceding one-instruction entry, an `inc DPTR`, and the store sets A, so the value is whatever the preceding block last loaded. This listing is a fragment of a longer run rather than a separate entry point, and the decompiler promoted that preceding value to a parameter slot. Three recorded lcall edges reach this address and each caller loads A explicitly before calling, two from a register and one from a constant, so the stored byte is path-dependent and the fall-through block's constant is only one of the values it can carry. What each caller puts in A is in the caller's own listing, not here.",ec/decompiled/bank0/F108.asm; ec/annotations/bank-call-targets.csv,hand-decoded
bank0,0xF118,param_1,a40_from_f116,artifact,"The store at 0xf11b writes the accumulator the entry was reached with, and the one-instruction entry at 0xf116 immediately before it loads A with 0x40, so the byte written is 0x40 to 0x1621. This listing is the three-instruction store that follows, not a separate entry point, and the decompiler promoted the 0x40 constant to a parameter slot. The C's own note already reads the pair at 0xf116 and this entry as storing the constant 0x40 to both bytes, which is the fall-through reading. A recorded lcall also reaches this address; the caller's A is set in its own listing, not here.",ec/decompiled/bank0/F118.asm; ec/annotations/bank-call-targets.csv,hand-decoded
bank0,0xF141,param_1,r1_value,artifact,"`mov A,R1` at 0xF144 is the source of the `movx @DPTR,A` to XDATA 0x103D. R1 is a scratch register the decompiler turned into a parameter, and nothing here establishes a convention for it.",ec/decompiled/bank0/F141.asm,hand-decoded
bank0,0xF141,param_2,r3_value,artifact,"The third store, to XDATA 0x103B, reads `mov A,R3` at 0xF14E, so the decompiler's second parameter is R3. Its parameter order does not follow the order the registers are stored in.",ec/decompiled/bank0/F141.asm,hand-decoded
bank0,0xF141,param_3,r5_value,artifact,"The second store, to XDATA 0x103C, reads `mov A,R5` at 0xF149, so the decompiler's third parameter is R5. Its parameter order does not follow the order the registers are stored in.",ec/decompiled/bank0/F141.asm,hand-decoded
bank0,0xF161,param_1,value_a,param,"The store at 0xf164 writes the accumulator this entry was reached with, and nothing in the listing sets A before it. A `ret` closes the block ahead of this entry, so control does not fall in to set A, and two recorded lcall edges reach this address, which is good evidence this is a real entry the callers left that value in A for. Arriving in A is as far as this is decoded: Ghidra has no Keil C51 calling-convention model, so a prototype here would be a guess sitting where a fact reads. Where either caller sets A is in the caller's own listing, not here.",ec/decompiled/bank0/F161.asm; ec/annotations/bank-call-targets.csv,hand-decoded
bank0,0xF177,param_1,value_a,param,"The `movx @DPTR,A` at 0xF178 writes the accumulator the caller arrived with, at DPTR+1. Arriving in A is as far as this is decoded.",ec/decompiled/bank0/F177.asm,hand-decoded
bank0,0xF177,param_2,entry_dptr,artifact,"The C's pointer reading is not supported by the instructions: this listing only increments DPTR and stores through it, ending with DPTR three past the entry value. It is the caller's DPTR, not an address passed in.",ec/decompiled/bank0/F177.asm,hand-decoded
bank0,0xF498,param_1,abd_from_f493,artifact,"The store at 0xf498 writes the accumulator the entry was reached with, and the block at 0xf493 that it falls out of loads A with 0xbd before loading DPTR to 0xf60, so the byte written is 0xbd. This listing is the one-instruction store half of that run, not a separate entry point, and the decompiler promoted the 0xbd constant to a parameter slot. The C's own note already reads it as the store half of the routine at 0xf493 where A holds 0xbd, which is the fall-through reading. A recorded lcall also reaches this address; the caller's A is set in its own listing, not here.",ec/decompiled/bank0/F498.asm; ec/annotations/bank-call-targets.csv,hand-decoded
bank1,0x8008,param_1,a_from_8007,artifact,"The store at 0x8008 writes the value the `dec A` at 0x8007 produced, the byte read from XDATA 0x06C6 at 0x8004 less one. That is a register constant the decompiler promoted to a parameter slot, not a value arriving in A. This listing is a fragment of the block that starts at 0x8001, not a separate entry point. bank-call-targets.csv records ljmp edges into 0x8008 itself, so those land mid-block and do not change where the value comes from.",ec/decompiled/bank1/8008.asm; ec/annotations/bank-call-targets.csv,hand-decoded
bank1,0x8010,param_1,a_from_800f,artifact,"The store at 0x8010 writes the value the `dec A` at 0x800F produced, the byte read from XDATA 0x06CD at 0x800C less one. The decompiler promoted that register constant to a parameter slot; nothing arrives in A. This listing is a fragment of the block beginning with the `mov DPTR,#0x06CD` that closes the 0x8001-0x8008 group, not a separate entry point. bank-call-targets.csv records ljmp edges into 0x8010 itself, so those land mid-block.",ec/decompiled/bank1/8010.asm; ec/annotations/bank-call-targets.csv,hand-decoded
bank1,0x8018,param_1,a_from_8017,artifact,"The store at 0x8018 writes the value the `dec A` at 0x8017 produced, the byte the block read from XDATA 0x06D1 at 0x8014 less one, so the decompiler has promoted a register constant to a parameter slot. The block begins at 0x8011, which loads DPTR with 0x06D1, and this listing is its tail, the store; it is not a separate entry point. The .c here is not a decompile of this instruction but of the body running 0x8018 to the `ret` at 0x8189, whose first test after the store is XDATA_06D2, and bank-call-targets.csv records ljmp edges into 0x8018 itself, so those land mid-block.",ec/decompiled/bank1/8018.asm; ec/annotations/bank-call-targets.csv,hand-decoded
bank1,0x8020,param_1,a_from_801f,artifact,"The store at 0x8020 writes the value the `dec A` at 0x801F produced, the byte read at 0x801C less one, so this is a register constant the decompiler turned into a parameter rather than a value arriving in A. The .c here decompiles the whole body from 0x8018 to the `ret` at 0x8189, and this listing is a fragment of the block that reads 0x06D2 at 0x8019, not a separate entry point. bank-call-targets.csv records ljmp edges into 0x8020 itself, so those land mid-block.",ec/decompiled/bank1/8020.asm; ec/annotations/bank-call-targets.csv,hand-decoded
bank1,0x8028,param_1,a_from_8027,artifact,"The store at 0x8028 writes the value the `dec A` at 0x8027 produced, the byte read from XDATA 0x06F3 at 0x8024 less one, so the decompiler promoted a register constant to a parameter slot. The instruction after the store loads DPTR with 0x0635, and XDATA_0635 is the first byte the .c tests after the store, so 0x06F3 is the byte this block wrote and 0x0635 the one the next block reads. This listing is the tail of the block that begins at 0x8021, not a separate entry point, and bank-call-targets.csv records ljmp edges into 0x8028 itself.",ec/decompiled/bank1/8028.asm; ec/annotations/bank-call-targets.csv,hand-decoded
bank1,0x8030,param_1,a_from_802f,artifact,"The store at 0x8030 writes the value the `dec A` at 0x802F produced, the byte read at 0x802C less one, so this is a register constant the decompiler turned into a parameter rather than a value arriving in A. The .c here decompiles the whole body from 0x8018 to the `ret` at 0x8189, and this listing is a fragment of the block whose `mov DPTR,#0x0635` sits at 0x8029, not a separate entry point. bank-call-targets.csv records ljmp edges into 0x8030 itself, so those land mid-block.",ec/decompiled/bank1/8030.asm; ec/annotations/bank-call-targets.csv,hand-decoded
bank1,0x8048,param_1,a_from_8047,artifact,"The store at 0x8048 writes the value the `dec A` at 0x8047 produced, the byte read from XDATA 0x0638 at 0x8044 less one, and the `jz 0x8049` at 0x8045 is what skips both when that byte is zero. The decompiler promoted that register constant to a parameter slot rather than naming an argument. This listing is the tail of the block that starts at 0x803C, not a separate entry point, and bank-call-targets.csv records ljmp edges into 0x8048 itself, so those land mid-block.",ec/decompiled/bank1/8048.asm; ec/annotations/bank-call-targets.csv,hand-decoded
bank1,0x8801,param_1,value_a,param,"The store at 0x8801 writes the accumulator this entry was reached with, and it is the only instruction in the listing, so nothing visible before it overwrites A. The instruction before it is a `ret`, so nothing falls through into 0x8801 from the 0x87DD block. bank-call-targets.csv records ljmp edges into 0x8801, so the caller left that value in A; Ghidra has no Keil C51 calling-convention model, so arriving in A is the whole of what is decoded here.",ec/decompiled/bank1/8801.asm; ec/annotations/bank-call-targets.csv,hand-decoded
bank1,0x8DBC,param_1,r7_from_1984,return,"`lcall 0x1984` at 0x8DD2 and the test on the R7 it leaves at 0x8DD5; the decompiler renders that return value as an incoming parameter. Zero takes `ljmp 0x8B33` and skips the write of 0x05 to XDATA 0x06C4 that the fall-through arm does. 0x1984 forwards to 0xC10C in **bank 0**, which the trampoline selects before it uses the address: the listing is `mov DPTR,#0xc10c` / `ljmp 0x1100`, and the common-area stub at 0x1100 is `bl51_bank_select_0`, which selects bank 0 (ec/annotations/bank-call-audit.md section 2: 350 trampolines route through it, 53 through the bank-1 stub at 0x1114). There 0xC10C is a real entry that lcalls the annotated `return_1_if_3202_bits_1_and_2` at 0xC0C9 and restates that answer in R7, so the zero this row tests is the arm taken whenever bits 1 and 2 of XDATA 0x3202 are not both set, and the write of 0x05 to 0x06C4 is the one that happens then. CORRECTION 2026-09-24, issue #255: the text here previously read that 0xC10C is 'byte 1 of the `mov R4, B` at 0xC10B rather than an entry', that 'it has no function entry in this project', and that 'what the call decides is still open and belongs to #255'. That was measured against the bank-1 listing (ec/decompiled/bank1/C0A8.asm:64), which is not the bank the trampoline lands in; in bank 0, 0xC10B is the closing `ret` of the twelve-byte thunk at 0xC100. ec/annotations/bank-call-targets.csv:2976 records the site independently as `0x0C10C,bank0,0xC10C,lcall,0xC0C9,...,entry`. The export gap is real and is not withdrawn -- 0xC10C still has no listing under ec/decompiled/ -- but the reading is settled, so this row no longer points at #255.",ec/decompiled/bank1/8DBC.asm,hand-decoded
bank1,0x9000,param_1,a_from_8ffe,artifact,"The store at 0x9000 writes the value the `orl A,#0x4` at 0x8FFE produced, the byte read from XDATA 0x06E1 at 0x8FFD with bit 2 set, so this is a register constant the decompiler turned into a parameter. This listing is a fragment of the block that starts at 0x8FFA by loading DPTR with 0x06E1, reading the byte, setting bit 2 and storing it, not a separate entry point. The one bank1 ljmp the call-target scan records into 0x9000 is itself a misaligned read, its frame_onto score being 0 of 24, so no recorded edge is relied on here.",ec/decompiled/bank1/9000.asm; ec/annotations/bank-call-targets.csv,hand-decoded
bank1,0x9007,param_1,a_from_9002,artifact,"The store at 0x9007 writes the constant 5 that the `mov A,#0x5` at 0x9002 set, to the address DPTR was loaded with at 0x9004, and the decompiler has promoted that constant to a parameter slot. Nothing arrives in A. The `ret` at 0x9001 is a barrier, so this one-instruction listing is the tail of the block that starts at 0x9002 and sets 5 into XDATA 0x06CE, not a separate entry point; the .c here decompiles the flag-and-counter body from 0x9008 instead.",ec/decompiled/bank1/9007.asm,hand-decoded
bank1,0x90B8,param_1,r7_from_1984,return,"This listing tests the R7 of three different callees and one identifier covers all of them. `lcall 0x1984` at 0x912D is followed by `mov A,R7` and `jz 0x9151`, and that is the call the name comes from; `lcall 0x19A8` at 0x913B is followed by `mov A,R7` and `jz 0x915A`, and `lcall 0x1990` at 0x916F by `mov A,R7` and `jz 0x9177`. Only the first survives into the C, which carries `trampoline_to_c10c(), r7_from_1984 != '\0'` and drops the other two tests, so the name stands for 0xC10C, 0xC118 and 0xC391 at once and does not identify a callee. All three are bank-0 addresses rather than bank-1 ones, because the forwarders that name them each tail-jump to the common-area stub at 0x1100, and that stub selects bank 0 before the `imm16` is used (ec/annotations/bank-call-audit.md section 2). In bank 0, 0xC10C and 0xC118 are real entries -- seven instructions in twelve bytes each, both lcalling one of the 0x3202 predicates and restating its answer in R7, 0xC0C9 (annotated) and 0xC0E7 respectively -- and 0xC10C's is written out in ec/annotations/xdata-06c2-06db-timers.md section 4. None of the three is exported, so every statement about them here is a reading of the image rather than of a listing; 0xC391, named by the forwarder at 0x1990, is a bank-0 address for the same reason and is likewise unexported, and its bytes are not read here. CORRECTION 2026-09-24, issue #255: the text here previously called 0xC10C 'byte 1 of the `mov R4, B` at 0xC10B' and 0xC118 'byte 1 of the `anl A,#0xf3` at 0xC117', 'both operand bytes inside FUN_CODE_c0a8 rather than entries, which the 19A8 row counts as a family of 22 in bank1'. That was measured against ec/decompiled/bank1/C0A8.asm, a bank-1 listing that the trampoline never lands in, and the 22-address census inherits the same bank; in bank 0, 0xC10B and 0xC117 are both the closing `ret` of the twelve-byte thunk that precedes them. ec/annotations/bank-call-targets.csv:2976 and :2977 record 0xC10C and 0xC118 independently as bank0 `lcall` entries.",ec/decompiled/bank1/90B8.asm,hand-decoded
bank1,0x9199,param_1,r7_from_a_callee,return,"Two different return values share this identifier: `lcall 0x1984` at 0x9199 is followed by `mov A,R7` and `jz 0x91C8`, and `lcall 0x19A8` at 0x919F by `mov A,R7` and a second `jz` to the same 0x91C8, so naming it after either call would be wrong for the other. Both legs are answered, and neither is a function entry in the caller's bank: 0x1984 and 0x19A8 each tail-jump to the common-area stub at 0x1100, which selects bank 0 (ec/annotations/bank-call-audit.md section 2), so their `imm16` operands name bank-0 addresses. There 0xC10C is a real entry that lcalls 0xC0C9 (`return_1_if_3202_bits_1_and_2`) and returns 1 in R7 only when bits 1 and 2 of XDATA 0x3202 are both set, and 0xC118 is a real entry of the same seven-instruction shape that lcalls 0xC0E7 (`test_3202_bit0`) and returns 1 only when bit 0 of the same byte is set. So both legs write R7, and they read one register between them. The name stays `r7_from_a_callee` for the reason it was given: one identifier covers two different callees' return values, which naming it after either call would get wrong. CORRECTION 2026-09-24, issue #255: the text here previously read that 0x1984 'forwards to bank1 0xC10C, which issue #255 owns and which is still open: it is byte 1 of the `mov R4, B` at 0xC10B, not an entry', and that 0xC118 'is not a function entry in this bank at all: 0xC118 is the immediate byte of `anl A,#0xf3` at 0xC117 in FUN_CODE_c0a8 (ec/decompiled/bank1/C0A8.asm), and no instruction in the four bytes decoded from there writes R7'. Both claims were measured against the bank-1 listing, which the trampoline does not land in; in bank 0, 0xC10B and 0xC117 are the closing `ret` of the twelve-byte thunk that precedes each, and the four bytes decoded from bank-1 0xC118 say nothing about what runs. ec/annotations/bank-call-targets.csv:2976 and :2977 record both sites independently as bank0 `lcall` entries.",ec/decompiled/bank1/9199.asm,hand-decoded
bank1,0x9CC0,param_1,r7_from_19a8,return,"The only A this listing reads is the R7 left by `lcall 0x19A8` at 0x9CCE, tested by `mov A,R7` at 0x9CD1 and `jz 0x9CD6` at 0x9CD2: a zero sets CY and returns, a non-zero clears it and returns, so the carry is the whole return value and the C's `char param_1` signature is not supported. 0x19A8 forwards to 0xC118 in bank 0, the bank its tail-jump to the common-area stub at 0x1100 selects (ec/annotations/bank-call-audit.md section 2), and there it is a real entry: seven instructions that lcall the annotated `test_3202_bit0` at 0xC0E7 and restate its answer in R7. So what this branch reads is bit 0 of XDATA 0x3202, carried out of the R7 as CY. CORRECTION 2026-09-24, issue #255: the text here previously read that 0xC118 'is the immediate byte of `anl A,#0xf3` at 0xC117 in FUN_CODE_c0a8 and not a function entry in this bank, and no instruction in the four bytes decoded from there writes R7', and that 'what this branch reads is therefore still open'. That was measured against the bank-1 listing, which the trampoline does not land in; in bank 0, 0xC117 is the closing `ret` of the twelve-byte thunk at 0xC10C. ec/annotations/bank-call-targets.csv:2977 records the site independently as a bank0 `lcall` entry.",ec/decompiled/bank1/9CC0.asm,hand-decoded
bank1,0x9EA1,param_1,entry_dptr,artifact,"The entry point has no prologue and never loads DPTR before the first `movx A,@DPTR`, so the two bytes it reads are the caller's. The decompiler renders that as a pointer parameter; no address is passed in.",ec/decompiled/bank1/9EA1.asm,hand-decoded
bank1,0x9EA1,param_2,r1_value,artifact,"The value written back to the first byte is R1, a scratch register the decompiler turned into a parameter. Nothing here establishes a convention for it.",ec/decompiled/bank1/9EA1.asm,hand-decoded
bank1,0x9EA1,param_3,r3_value,artifact,"The C's `CONCAT11(param_4,param_3)` pointer is a reading artifact: the listing sets DPL from R3, so the low byte is R3 and this identifier is it.",ec/decompiled/bank1/9EA1.asm,hand-decoded
bank1,0x9EA1,param_4,r4_value,artifact,"The same artifact: the listing sets DPH from R4, so this identifier is the high byte, R4. The pointer the C shows it inside is not in the instructions.",ec/decompiled/bank1/9EA1.asm,hand-decoded
bank1,0xA064,param_1,r7_from_19a8,return,"`lcall 0x19A8` at 0xA06E and the branch on the R7 it leaves at 0xA071: zero calls 0x1A44 and falls into the 0x067E/0x0724 tail, non-zero continues into the 0x0982, 0x097A, 0x045A and 0x047B tests. 0x19A8 forwards to 0xC118 in bank 0, the bank its tail-jump to the common-area stub at 0x1100 selects (ec/annotations/bank-call-audit.md section 2), and there it is a real entry that lcalls the annotated `test_3202_bit0` at 0xC0E7 and restates its answer in R7. What the call decides is therefore bit 0 of XDATA 0x3202: zero here takes 0x1A44 and the 0x067E/0x0724 tail, non-zero continues into the 0x0982, 0x097A, 0x045A and 0x047B tests. CORRECTION 2026-09-24, issue #255: the text here previously read that 0xC118 is 'byte 1 of the `anl A,#0xf3` at 0xC117 in FUN_CODE_c0a8 rather than a function entry, and the four bytes decoded from that address write no R7', and that 'what the call decides is therefore still open, for the same reason'. That was measured against the bank-1 listing, which the trampoline does not land in; in bank 0, 0xC117 is the closing `ret` of the twelve-byte thunk at 0xC10C. See the 0x9199 and 0xC614 rows for the same two targets in the other order.",ec/decompiled/bank1/A064.asm,hand-decoded
bank1,0xA389,param_1,r7_from_198a,return,"The `lcall 0x198A` at 0xA3A8 is followed by `mov A,R7` at 0xA3AB and `jnz 0xA3B1`, so a zero calls 0x1A6E, and the decompiler renders that return value as an incoming parameter. 0x198A forwards to 0xC1E7 in bank 0, the bank its tail-jump to the common-area stub at 0x1100 selects (ec/annotations/bank-call-audit.md section 2), and there 0xC1E7 is the annotated `test_1664_bit0` (ec/decompiled/bank0/C1E7.asm): it returns 1 in R7 when bit 0 of XDATA 0x1664 is set and 0 when it is clear. So the R7 this branch reads is that predicate's answer, and the `jnz 0xA3B1` tests it. The nearest preceding call, `lcall 0x19B4` at 0xA39E, forwards to 0xC389 in bank 0 by the same switch, and there the twelve bytes are `90 16 07 e0 54 fb f0 22` -- load 0x1607, clear bit 2, store it back -- which writes A and not R7, so that leg is not where the R7 comes from either. CORRECTION 2026-09-24, issue #255: the text here previously read that 0x198A 'forwards to bank1 0xC1E7, now exported as `latch_0498_bit1_or_bit3` (ec/decompiled/bank1/C1E7.asm), and no instruction in that body writes R7 ... so the R7 this branch reads is not 0xC1E7's to set', and that 0xC389 'is not exported in this project either, so where that R7 comes from is not established here'. The bank-1 listing is real and does write no R7 -- it sets bit 1 or bit 3 of XDATA 0x0498 -- but it is the wrong bank, and the two banks hold unrelated code at 0xC1E7. The 0x19B4 leg's conclusion survives, but for a different reason: bank0 0xC389 is unexported for the same toolchain reason, and its bytes are a read-modify-write of 0x1607 that leaves R7 alone. See ec/annotations/xdata-06c2-06db-timers.md section 4 for the bank-0 reading of the sibling gate.",ec/decompiled/bank1/A389.asm,hand-decoded
bank1,0xA4CF,param_1,r7_from_a_callee,return,"Two different return values share this identifier: `lcall 0x1984` at 0xA4D6 and `lcall 0x19A8` at 0xA4DC are each followed by `mov A,R7` and a `jz` to the same 0xA4FC, and the decompiler names both results `param_1`, so naming it after either call would be wrong for the other. Both legs are answered, and both are bank-0 entries: 0x1984 and 0x19A8 each tail-jump to the common-area stub at 0x1100, which selects bank 0 (ec/annotations/bank-call-audit.md section 2), so their `imm16` operands name bank-0 addresses. There 0xC10C is a seven-instruction entry that lcalls 0xC0C9 (`return_1_if_3202_bits_1_and_2`) and returns 1 in R7 only when bits 1 and 2 of XDATA 0x3202 are both set, and 0xC118 is a seven-instruction entry of the same shape that lcalls 0xC0E7 (`test_3202_bit0`) and returns 1 only when bit 0 of the same byte is set. The name stays `r7_from_a_callee` for the reason it was given: one identifier covers two different callees' return values, which naming it after either call would get wrong. CORRECTION 2026-09-24, issue #255: the text here previously read that 0x1984 'forwards to bank1 0xC10C, issue #255's and still open, and byte 1 of the `mov R4, B` at 0xC10B rather than an entry', and that 0x19A8 'forwards to 0xC118, byte 1 of the `anl A,#0xf3` at 0xC117 in the same listing and not an entry either, and it writes no R7'. Both claims were measured against the bank-1 listing, which the trampoline does not land in; in bank 0, 0xC10B and 0xC117 are the closing `ret` of the twelve-byte thunk that precedes each, so the operand bytes read there belong to a listing that does not run. ec/annotations/bank-call-targets.csv:2976 and :2977 record both sites independently as bank0 `lcall` entries.",ec/decompiled/bank1/A4CF.asm,hand-decoded
bank1,0xA873,param_1,a_086f_bit0_cleared,artifact,"The store at 0xA875 writes the accumulator after the `clr 0xE0` at 0xA873, the dispatcher's byte read from XDATA 0x086F with bit 0 cleared, which the .c renders as `param_1 & 0xfe`. The decompiler has promoted that register constant to a parameter slot rather than naming an argument. This entry is a real handler body, entered by the bank1 ljmp the bank-call-targets.csv records, but the first instruction to touch A is the one that produces the value, so the value is not something a caller left in A.",ec/decompiled/bank1/A873.asm; ec/annotations/bank-call-targets.csv,hand-decoded
bank1,0xA88D,param_1,a_086f_bit1_cleared,artifact,"The store at 0xA88F writes the accumulator after the `clr 0xE1` at 0xA88D, the dispatcher's byte read from XDATA 0x086F with bit 1 cleared, which the .c renders as `param_1 & 0xfd`. That is a register constant the decompiler promoted to a parameter slot, not a value arriving in A. The bank1 ljmp into this handler that bank-call-targets.csv records is a real entry, but the first instruction to touch A here is the one that produces the value, and what 0xA841 does with the 0x086F byte is not decoded further here.",ec/decompiled/bank1/A88D.asm; ec/annotations/bank-call-targets.csv,hand-decoded
bank1,0xA8A7,param_1,a_086f_bit2_cleared,artifact,"The store at 0xA8A9 writes the accumulator after the `clr 0xE2` at 0xA8A7, the dispatcher's byte read from XDATA 0x086F with bit 2 cleared, which the .c renders as `param_1 & 0xfb`. The decompiler promoted that register constant to a parameter slot, so this is not a value a caller left in A. The bank1 ljmp into this handler that bank-call-targets.csv records is a real entry; the table the handler later indexes is not decoded here.",ec/decompiled/bank1/A8A7.asm; ec/annotations/bank-call-targets.csv,hand-decoded
bank1,0xA8DA,param_1,a_086f_bit4_cleared,artifact,"The store at 0xA8DC writes the accumulator after the `clr 0xE4` at 0xA8DA, the dispatcher's byte read from XDATA 0x086F with bit 4 cleared, which the .c renders as `param_1 & 0xef`; the handler then tail-jumps to 0xA8E9. The decompiler promoted that register constant to a parameter slot, so nothing arrives in A. The bank1 ljmp into this handler that bank-call-targets.csv records is a real entry, and no other bit-test or memory access at the entry is decoded here.",ec/decompiled/bank1/A8DA.asm; ec/annotations/bank-call-targets.csv,hand-decoded
bank1,0xB41C,param_1,a_inc_054d,artifact,"The store at 0xB41C writes the value the `inc A` at 0xB41B produced, the byte read from XDATA 0x054D at 0xB41A plus one, and the .c compares the same value against 0x0A. That is a block-local constant the decompiler promoted to a parameter slot, not a value arriving in A. This listing is the store fragment of the block that starts at 0xB415 by loading DPTR with 0x054D, not a separate entry point, and the one bank1 lcall the call-target scan records into 0xB41C is itself a misaligned read, its frame_onto score being 0 of 24.",ec/decompiled/bank1/B41C.asm; ec/annotations/bank-call-targets.csv,hand-decoded
bank1,0xBD20,param_1,,unresolved,"The listing takes no argument: after `lcall 0x8898` it tests the two bytes with `orl A,B` at 0xBD26 and branches. The C's extra `param_1 != 0` is the decompiler splitting that one test in two, and which of A or B this identifier is has not been established here, so the placeholder stays.",ec/decompiled/bank1/BD20.asm,hand-decoded
bank1,0xC45C,param_1,r1_value,artifact,"The C's `BANK0_R1 = param_1` assignment is not in the instructions: this listing never sets R1, so the value is the caller's and the decompiler turned the register into a parameter. Where the caller set it is not established here.",ec/decompiled/bank1/C45C.asm,hand-decoded
bank1,0xC45C,param_2,r2_value,artifact,"The same for R2 -- never set in this listing, so the first subtraction uses a value the caller supplied, and the decompiler's assignment of it to `param_2` is not in the instructions.",ec/decompiled/bank1/C45C.asm,hand-decoded
bank1,0xC4AF,param_1,,unresolved,"There is no argument and this identifier appears in no instruction: after `lcall 0x8898` the listing tests the two bytes with `orl A,B` at 0xC4B5. The C's `cVar1 != 0 || param_1 != 0` is that one test split in two, and which of A or B this is has not been established here, so the placeholder stays.",ec/decompiled/bank1/C4AF.asm,hand-decoded
bank1,0xC614,param_1,r7_from_a_callee,return,"Two different return values share this identifier: `lcall 0x19A8` at 0xC614 is tested on the R7 it leaves at 0xC617, then `lcall 0x1984` at 0xC61A is tested the same way at 0xC61D, and both failures land at 0xC646. The decompiler names both results `param_1`. The targets are the same two as 0x9199 and 0xA4CF, in the opposite order, and both are bank-0 entries: 0x1984 and 0x19A8 each tail-jump to the common-area stub at 0x1100, which selects bank 0 (ec/annotations/bank-call-audit.md section 2), so their `imm16` operands name bank-0 addresses. There 0xC118 is a seven-instruction entry that lcalls 0xC0E7 (`test_3202_bit0`) and returns 1 in R7 only when bit 0 of XDATA 0x3202 is set, and 0xC10C is a seven-instruction entry that lcalls 0xC0C9 (`return_1_if_3202_bits_1_and_2`) and returns 1 only when bits 1 and 2 of the same byte are both set. The name stays for the reason it was given: one identifier covers two different callees' return values. CORRECTION 2026-09-24, issue #255: the text here previously read that 0x19A8 goes 'to 0xC118, byte 1 of the `anl A,#0xf3` at 0xC117 in FUN_CODE_c0a8 and not an entry', and that 0x1984 goes 'to 0xC10C, byte 1 of the `mov R4, B` at 0xC10B in that same listing, also not an entry and still open as issue #255'. Both claims were measured against the bank-1 listing, which the trampoline does not land in; in bank 0, 0xC10B and 0xC117 are the closing `ret` of the twelve-byte thunk that precedes each. ec/annotations/bank-call-targets.csv:2976 and :2977 record both sites independently as bank0 `lcall` entries.",ec/decompiled/bank1/C614.asm,hand-decoded
bank1,0xCA02,param_1,a_inc_0362,artifact,"The store at 0xCA02 writes the value the `inc A` at 0xC9FE produced, the byte read from XDATA 0x0362 at 0xC9FD plus one, and the .c compares the same value against 0x1F. That is a block-local constant the decompiler promoted to a parameter slot, not a value arriving in A. This listing is the store fragment of the block that starts at 0xC9BE, and bank-call-targets.csv records an ljmp from 0xE7BB and an lcall from 0x039C into 0xCA02 itself, so those edges land mid-block and A on them is not established from this listing.",ec/decompiled/bank1/CA02.asm; ec/annotations/bank-call-targets.csv,hand-decoded
bank1,0xE4F9,param_1,value_a,param,"The `movx @DPTR,A` writes the accumulator the caller arrived with. Arriving in A is as far as this is decoded.",ec/decompiled/bank1/E4F9.asm,hand-decoded
bank1,0xE4F9,param_2,entry_dptr,artifact,"The C's `*param_2 = param_1` has the direction of the move backwards: the listing stores A to the address already in DPTR and never loads DPTR itself. bank-call-targets.csv also records a jump here from 0xA944, so on that path the value stored is the caller's and the address is not established from this listing.",ec/decompiled/bank1/E4F9.asm,hand-decoded
bank1,0xF030,param_1,,unresolved,"The listing shows `movx @DPTR,A` and `ajmp 0xF512`, but these bytes are the immediate operand `f0 a1` of the `mov DPTR,#0xF0A1` at 0xF02F inside the 0xF02C wrapper, not an instruction boundary; the call-target byte scan seeded 0xF030 from that match. The .c's `*param_2 = param_1;` and its call to 0xF512 do not correspond to these two bytes. Which value A holds at 0xF030 is therefore not established here, so the placeholder stays.",ec/decompiled/bank1/F030.asm,hand-decoded
pd,0x0C46,param_1,value_a,param,"The store at 0x0c4d writes the accumulator this entry was reached with: the `cjne` and the two DPTR loads ahead of it touch no A, and the instruction before the entry, the `ret` at 0x0c45 that closes 0x0c13, means control cannot have fallen through from there. The two arms below the store write that same A to @R1, one internal and one XDATA, so one accumulator feeds all three stores. Nothing in these instructions says what A held on entry, and the export's `lcall 0x0c46` sites sit in functions whose argument setup is not decoded here, so where the value came from is not established.",ec/decompiled/pd/0C46.asm,hand-decoded
pd,0x0D70,param_1,value_a,param,"The store at 0x0d77 writes the accumulator this entry was reached with: the `cjne` and the two DPTR loads ahead of it touch no A, and the `mov A,B` that follows only refills it for the second byte. The instruction before the entry is the `ret` at 0x0d6f that closes 0x0d38, so control cannot have fallen through. The two arms below the store write that same A beside B, so one accumulator and one B feed all three paths, and nothing here says what either held on entry; the export's `lcall 0x0d70` sites are in functions whose setup is not decoded here.",ec/decompiled/pd/0D70.asm,hand-decoded
pd,0x354F,param_1,a0_from_3544,artifact,"Read as one block from 0x3544 the listing is `clr A` then ten `movx @DPTR,A` with an `inc DPTR` after each, ending in the `ret` at 0x3559, so the value at the store at 0x354f is the zero that first instruction cleared and every store in both halves writes that same zero. This entry is a fragment of that run rather than a separate entry point, and the decompiler split the run in two and promoted the cleared accumulator to param_1. The run never loads DPTR, so the address is the entry state's. The export records `lcall 0x354f`, which reaches the second half with the `clr A` not run; on that path the value is the caller's and is not decoded here.",ec/decompiled/pd/354F.asm,hand-decoded
pd,0x366E,param_1,a_from_const_07,artifact,"The value at the store at 0x366e is the constant 0x07: the instruction immediately before this entry in the image is `mov A,#0x07`, and it carries no function boundary of its own, so this listing continues that instruction's block rather than starting one, with the decompiler promoting the constant to param_1. The `ret` at 0x366b closes 0x365c before that load, so 0x365c is not the block this belongs to. The store's pointer is whatever the block left in DPTR, and the C's pointer parameter is that pointer read as an argument. The export records `lcall 0x366e` at several sites, which reach this entry with the `mov A,#0x07` not run; on that path the value is the caller's and is not decoded here.",ec/decompiled/pd/366E.asm,hand-decoded
pd,0x3A0E,param_1,r7_from_0faf,return,"The mask is applied after the read, not to an argument: `lcall 0x0FAF` at 0x3A0E is followed by `mov A,R7` and `anl A,#0x01`, so this is the callee's return value and the row is a test of bit 0 of it. The C's `return param_1 & 1` makes it look like a test on a parameter and is not what the instructions do. The callee is `read4xdata_to_r4_r7` (ec/decompiled/pd/0FAF.asm): it reads four XDATA bytes from the pointer it is given into R4, R5, R6 and R7, so R7 here is the fourth of them. This listing loads no DPTR, so that base is the caller's and is not established here.",ec/decompiled/pd/3A0E.asm,hand-decoded
pd,0x3A33,param_1,value_a,param,"The store at 0x3a33 writes the accumulator this entry was reached with, and the `mov A,R7` after it only refills A for the multiply by 0x5e. The instruction immediately before this entry in the image is a long jump out to 0x0faf, so control cannot have fallen through from the block before it and nothing sets A on the way in. Where that value came from is not established by these instructions: the export records `lcall 0x3a33` at three sites, in functions whose argument setup is not decoded here, and the C's pointer parameter is the caller's DPTR read as an argument.",ec/decompiled/pd/3A33.asm,hand-decoded
pd,0x56CB,param_1,a_from_clr_a,artifact,"The value at the store at 0x56cb is zero: the instruction immediately before this entry in the image is `clr A`, and it carries no function boundary of its own, so this listing continues that block rather than starting one, with the decompiler promoting the cleared accumulator to param_1. The store's pointer is whatever that block left in DPTR, and the address the lookup after the store builds is this listing's own; the C reads the store as a pointer argument and the computed DPTR as a pointer return, neither of which is a value passed in. The export records `lcall 0x56cb`, which reaches this entry with the `clr A` not run; on that path the value is the caller's and is not decoded here.",ec/decompiled/pd/56CB.asm,hand-decoded
pd,0x68CE,param_1,value_a,param,"The store at 0x68ce writes the accumulator this entry was reached with, and nothing in the listing loads A first: the DPTR load of 0x07f3 belongs to the masked copy below the store, so the byte written is at the pointer the entry state held. The instruction before the entry is the `ret` at 0x68cd that closes 0x6673, so control cannot have fallen through. Where the stored value came from is not established by these instructions. The bytes this routine then rewrites, 0x07f4 masked into 0x07f5 and the 0x07d2 byte it reads for the call to 0xf22e, are this program's own XDATA; what either means is not decoded here.",ec/decompiled/pd/68CE.asm,hand-decoded
pd,0x70C7,param_1,value_a,param,"One instruction, `movx @DPTR,A` at 0x70c7, with no ret, so control continues at 0x70c8, which builds its own address from R7 and returns. The instruction before the entry is the `ret` at 0x70c6 that closes 0x70bb, so control cannot have fallen through and nothing loads A before the store; the value written is the accumulator this entry was reached with, at the pointer the entry state held. Where that came from is not established by these instructions; the C's return term belongs to the block that follows the store, not to the store itself.",ec/decompiled/pd/70C7.asm,hand-decoded
pd,0x718D,param_1,value_a,param,"The store at 0x718d writes the accumulator this entry was reached with, and the `clr A` after it is what zeroes R3 and R2, so the value stored is not the 0 this routine returns. The instruction before the entry is the `ret` at 0x718c that closes 0x7182, so control cannot have fallen through and nothing in the listing loads A first. Where the stored value came from is not established by these instructions; the C's pointer parameter is the entry state's DPTR read as an argument, and the R5 = 0x02 the listing sets outright is not decoded here.",ec/decompiled/pd/718D.asm,hand-decoded
pd,0x8814,param_1,entry_dptr,artifact,"`inc DPTR` then `lcall 0x10E8`, with no address loaded here, so the three bytes land at the caller's DPTR and the two after it. The decompiler renders the destination as a pointer argument this listing does not set up.",ec/decompiled/pd/8814.asm,hand-decoded
pd,0x9023,param_1,r4_value,artifact,"This entry is one instruction, `mov A,R4`, with no ret. Read as one block from here the sequence is A=R4, R6=R4, A=1, R7=1, A=R4-3, DPL=R7, DPH=A, ret, so R4 is the value that becomes the high byte of DPTR. The C's `return param_1 - 3` does not match these instructions.",ec/decompiled/pd/9023.asm,hand-decoded
pd,0x9024,param_1,a_value,artifact,"`mov R6,A` then `clr A`, with no ret. Read as one block from here the sequence ends with R7=1, A=A-3, DPL=R7, DPH=A and ret, so the value that becomes the high byte of DPTR is the accumulator the caller arrived with. The C's `return param_1 - 3` does not match these instructions.",ec/decompiled/pd/9024.asm,hand-decoded
pd,0x9026,param_1,,unresolved,"This entry is a single `add A,#0x01` with no ret, and the seven instructions that follow belong to the separate 0x9028 entry. The C's `0xfe < param_1` term does not correspond to anything in this instruction, and which value the decompiler meant has not been established, so the placeholder stays.",ec/decompiled/pd/9026.asm,hand-decoded
pd,0x9026,param_2,r6_value,artifact,"Read as one block from here the sequence is R7=A+1, A=R6, addc A,#0xfd, DPL=R7, DPH=A, ret, so R6 is the register the high byte is computed from. The C's `return param_2 - 3` does not match this instruction on its own.",ec/decompiled/pd/9026.asm,hand-decoded
pd,0x9028,param_1,r6_value,artifact,"`mov R7,A`, `mov A,R6`, `addc A,#0xfd`, `mov DPL,R7`, `mov DPH,A`, ret, so R6 is the row index the high byte is computed from and the decompiler's `- 3` term is it. The C's `param_1 + (-3 - (in_PSW >> 7))` is not a reading these instructions support directly.",ec/decompiled/pd/9028.asm,hand-decoded
pd,0x9066,param_1,a_value,artifact,"This entry saves the caller's A into R5 and R6, then continues into the separate 0x906D entry. Read as one block the sequence ends with R3=0x12, DPL=R3, DPH=A and a ret, so the value that becomes the high byte of DPTR is the accumulator the caller arrived with. The C's `return param_1 - 3` does not match these instructions.",ec/decompiled/pd/9066.asm,hand-decoded
pd,0x906D,param_1,r6_value,artifact,"`mov R3,A`, `mov A,R6`, `addc A,#0xfd`, `mov DPL,R3`, `mov DPH,A`, ret, so R6 is the value the high byte is computed from. The C's `return param_1 - 3` does not match these instructions.",ec/decompiled/pd/906D.asm,hand-decoded
pd,0x9076,param_1,entry_dptr,artifact,"Two instructions, `movx A,@DPTR` and `mov R1,A`, with no ret and no DPTR load, so the byte read is at the caller's address. The C's `return *param_1 - 3` does not match these two instructions.",ec/decompiled/pd/9076.asm,hand-decoded
pd,0x9078,param_1,a_value,artifact,"This entry sets R7=0, saves the caller's A into R6 and continues into the separate 0x907E entry; read as one block the sequence ends with R5=0x14, DPL=R5, DPH=A and a ret, so the value that becomes the high byte of DPTR is the accumulator the caller arrived with. The C's `return param_1 - 3` does not match these instructions.",ec/decompiled/pd/9078.asm,hand-decoded
pd,0x907E,param_1,r6_value,artifact,"`mov R5,A`, `mov A,R6`, `addc A,#0xfd`, `mov DPL,R5`, `mov DPH,A`, ret, so R6 is the value the high byte is computed from. The C's `return param_1 - 3` does not match these instructions.",ec/decompiled/pd/907E.asm,hand-decoded
pd,0x915F,param_1,a_from_r5,artifact,"The value at the store at 0x915f is R5: the entry at 0x915e is one instruction, `mov A,R5`, with no ret, so this listing is a fragment of the same block rather than a separate entry point, and the decompiler promoted that register copy to param_1. R4 is then copied to R6 and the routine returns the constant 6, so R5 is consumed by the store alone, at a DPTR neither listing loads. The export records `lcall 0x915f`, which reaches this store with the `mov A,R5` not run; on that path the value is the caller's and is not decoded here.",ec/decompiled/pd/915F.asm,hand-decoded
pd,0x971B,param_1,a0_from_971a,artifact,"The value at the store at 0x971b is the zero 0x970d's block cleared: its listing ends with `clr A` at 0x971a and no ret, so this one-instruction entry continues that block rather than being reached separately, and the decompiler promoted the cleared accumulator to param_1. Control continues at 0x971c, which builds a fresh address from R7, so the pointer the store writes is the one 0x970d left. The export records `lcall 0x971b`, which reaches the store with that `clr A` not run; on that path the value is the caller's and is not decoded here.",ec/decompiled/pd/971B.asm,hand-decoded
pd,0x972E,param_1,entry_dptr,artifact,"The `movx A,@DPTR` at 0x9736 reads at the address the caller left, and nothing in this listing loads DPTR. The decompiler writes the same product with that read shown as a pointer dereference and the four register loads dropped.",ec/decompiled/pd/972E.asm,hand-decoded
pd,0x9883,param_1,entry_dptr,artifact,"`movx A,@DPTR` then `mov R7,A`, with no ret and no DPTR load, so the byte read is at the caller's address. The `* 2` the C reports belongs to the multiply and the DPTR write in the separate entries at 0x9885 and 0x9888.",ec/decompiled/pd/9883.asm,hand-decoded
pd,0xABBF,param_1,r7_value,artifact,"The first store, to XDATA 0x07D7, reads R7. Every later use of this value is an index expression the decompiler has misread as pointer arithmetic rather than a different code path, and the indices themselves are not decoded here.",ec/decompiled/pd/ABBF.asm,hand-decoded
pd,0xB159,param_1,a3_from_b154,artifact,"The value at the store at 0xb159 is the constant 3: the entry at 0xb154 loads it into A, the entry at 0xb156 loads the destination pointer, and neither has a ret, so this three-instruction listing is the tail of that block rather than a separate entry point, and the decompiler promoted the constant to param_1. The store's pointer is the one 0xb156 loaded, so the C's pointer parameter matches the MOVX form only because DPTR is the block's. The block then hands DPTR to 0x122f, whose effect is not decoded here, and the C's does-not-return warning is this listing's own `ljmp`. The export records `lcall 0xb159`, which reaches the store with neither load run; on that path the value and the pointer are the caller's.",ec/decompiled/pd/B159.asm,hand-decoded
pd,0xB17D,param_1,value_a,param,"The store at 0xb17d writes the accumulator this entry was reached with, and it is the only use of that value: the two flag bytes rewritten after it, 0x00bd and 0xff62, are each read back from their own address first. The instruction before the entry is the `ret` at 0xb17c that closes 0xb176, so control cannot have fallen through and nothing in the listing loads A. Where the stored value came from is not established by these instructions; what either flag byte means in this program is not decoded here, and the C's pointer parameter is the entry state's DPTR read as an argument.",ec/decompiled/pd/B17D.asm,hand-decoded
pd,0xB2A7,param_1,a_from_r7,artifact,"The value at the store at 0xb2a7 is R7: the entry at 0xb2a6 is one instruction, `mov A,R7`, with no ret, so this listing is a fragment of the same block rather than a separate entry point, and the decompiler promoted that register copy to param_1. The block then loads DPTR with 0x07d8 and tail-jumps to 0x0faf, so the store's pointer is the entry state's and R7 is consumed by that store alone; 0x07d8 is this program's own XDATA, not an EC register. The export records `lcall 0xb2a7`, which reaches this store with the `mov A,R7` not run; on that path the value is the caller's and is not decoded here.",ec/decompiled/pd/B2A7.asm,hand-decoded
pd,0xB311,param_1,r5_value,artifact,"The store to XDATA 0x07D2 reads R5, and the decompiler names its source a parameter. What R5 holds on entry is not established from this listing.",ec/decompiled/pd/B311.asm,hand-decoded
pd,0xC1EF,param_1,a_from_r5,artifact,"The value at the store at 0xc1ef is R5: the instruction immediately before this entry in the image is `mov A,R5`, and the run it belongs to starts at 0xc1dd, whose own listing has no ret out of it, so this one-instruction entry continues that block rather than being a separate entry point, and the decompiler promoted the register copy to param_1. Between 0xc1dd and this store the block also writes R2 and R3 through the same pointer, which this listing does not show. The export records `lcall 0xc1ef`, which reaches this store with the `mov A,R5` not run; on that path the value is the caller's and is not decoded here.",ec/decompiled/pd/C1EF.asm,hand-decoded
pd,0xC24E,param_1,,unresolved,"The only place this identifier appears is the C's `P1 = param_1`, and whether the four bytes it follows are an inline argument table or instructions is not settled here -- that decompiled reading is itself the open question, so the placeholder stays.",ec/decompiled/pd/C24E.asm,hand-decoded
pd,0xC24E,param_2,r5_value,artifact,"`mov A,R5` at 0xC253 and the `jnz` on it is the branch this identifier is tested against, so the decompiler's second parameter is R5.",ec/decompiled/pd/C24E.asm,hand-decoded
pd,0xC24E,param_3,r7_value,artifact,"The store to XDATA 0x080D is `movx @DPTR,A` fed by `mov A,R7` at 0xC251, so the decompiler's third parameter is R7.",ec/decompiled/pd/C24E.asm,hand-decoded
pd,0xC808,param_1,,unresolved,"The C's first statement, `*param_2 = param_1`, matches the `movx @DPTR,A` the listing shows at 0xc808, but that byte is also the B address operand of the `mov B,#0x77` the image places immediately before it, so 0xc808 decodes two ways depending on which path enters it. The only edge the export records into this entry is the `ajmp 0xc808` at 0xcb4f, which closes 0xcb2a after `anl A,R5`, so on that path the accumulator is R3 AND R5 rather than anything this listing loads. Which value the decompiler's parameter tracks is therefore not established by these instructions, so the placeholder stays; the scaled address the block builds from R7 afterwards is not decoded here.",ec/decompiled/pd/C808.asm,hand-decoded
pd,0xDA44,param_1,r7_from_e2e4,return,"The `lcall 0xE2E4` at 0xDA78 is followed by `mov A,R7` at 0xDA7B and a test on it, so this is the callee's return value; the decompiler models it as a flag it also assigns zero to. The callee is `poll_d78a_for_indices_0_and_1` (ec/decompiled/pd/E2E4.asm): it runs R2 from 0 up to 1, loading R7 to the index and calling 0xD78A on each pass. Its `mov R7, #0x1` at 0xE320 sits immediately before the `ret` at 0xE322 and overwrites R7 on every path, and 0xE2E4 has no other exit, so it returns R7 = 1 whatever 0xD78A left on the second pass. The R7 tested here is therefore that constant, not 0xD78A's result passed through, and the `jz 0xDA4D` at 0xDA7C is not taken on this path: the arm after it is reached every time this call site is. 0xD78A (ec/decompiled/pd/D78A.asm) does set R7 = 1 or 0 on each of its own exits, so 0xE2E4 consumes those two results -- it just does not return them, and nothing here shows a test of either. Whether the branch was meant to test 0xD78A's second result is not established by these instructions.",ec/decompiled/pd/DA44.asm,hand-decoded
