site,index,entry_file_offset,entry_runtime,target_runtime,target_file_offset,stride_from_prev,target_first_insn,notes
0x00DD3,0x02,0x00DD6,0x0DD6,0x0DF5,0x00DF5,,sjmp 0x0e01,no xdata named in its window
0x00DD3,0x04,0x00DD9,0x0DD9,0x0DF7,0x00DF7,0x02,sjmp 0x0e04,no xdata named in its window
0x00DD3,0x06,0x00DDC,0x0DDC,0x0DF9,0x00DF9,0x02,sjmp 0x0e07,no xdata named in its window
0x00DD3,0x08,0x00DDF,0x0DDF,0x0DFB,0x00DFB,0x02,ljmp 0x0e52,no xdata named in its window
0x00DD3,0x0A,0x00DE2,0x0DE2,0x0DFE,0x00DFE,0x03,ljmp 0x0e55,no xdata named in its window
0x00DD3,0x0C,0x00DE5,0x0DE5,0x0E01,0x00E01,0x03,ljmp 0x0e49,no xdata named in its window
0x00DD3,0x0E,0x00DE8,0x0DE8,0x0E04,0x00E04,0x03,ljmp 0x0e4c,no xdata named in its window
0x00DD3,0x10,0x00DEB,0x0DEB,0x0DF9,0x00DF9,0x-B,sjmp 0x0e07,no xdata named in its window
0x00DD3,0x12,0x00DEE,0x0DEE,0x0E0A,0x00E0A,0x11,ljmp 0x0e58,no xdata named in its window
0x00DD3,default,0x00DF3,0x0DF3,0x0E0D,0x00E0D,,clr  a,reached when no case matches; no xdata named in its window
0x04064,0xEC,0x04067,0x4067,0x40A2,0x040A2,,sjmp 0x40eb,no xdata named in its window
0x04064,0xED,0x0406A,0x406A,0x4098,0x04098,0x-A,lcall 0x4361,no xdata named in its window
0x04064,0xEE,0x0406D,0x406D,0x40A4,0x040A4,0x0C,"mov  dptr,#0x0a48",xdata 0x0A48
0x04064,0xF0,0x04070,0x4070,0x40AD,0x040AD,0x09,lcall 0x4361,no xdata named in its window
0x04064,0xF2,0x04073,0x4073,0x40B7,0x040B7,0x0A,lcall 0x4361,xdata 0x0A4A
0x04064,0xF3,0x04076,0x4076,0x40CF,0x040CF,0x18,lcall 0x4361,no xdata named in its window
0x04064,0xF4,0x04079,0x4079,0x40D8,0x040D8,0x09,setb 0x23.2,no xdata named in its window
0x04064,0xF5,0x0407C,0x407C,0x40DF,0x040DF,0x07,clr  0x1a,no xdata named in its window
0x04064,0xF6,0x0407F,0x407F,0x40E6,0x040E6,0x07,lcall 0x4198,no xdata named in its window
0x04064,0xF7,0x04082,0x4082,0x40A2,0x040A2,0x-44,sjmp 0x40eb,no xdata named in its window
0x04064,0xF8,0x04085,0x4085,0x40A2,0x040A2,0x00,sjmp 0x40eb,no xdata named in its window
0x04064,0xF9,0x04088,0x4088,0x40A2,0x040A2,0x00,sjmp 0x40eb,no xdata named in its window
0x04064,0xFA,0x0408B,0x408B,0x40A2,0x040A2,0x00,sjmp 0x40eb,no xdata named in its window
0x04064,0xFB,0x0408E,0x408E,0x40A2,0x040A2,0x00,sjmp 0x40eb,no xdata named in its window
0x04064,0xFF,0x04091,0x4091,0x40F0,0x040F0,0x4E,clr  0x1a,no xdata named in its window
0x04064,default,0x04096,0x4096,0x4128,0x04128,,"mov  dptr,#0x0a48",reached when no case matches; xdata 0x0A47 0x0A48 0x0A49 0x0A4A
0x041EE,0x60,0x041F1,0x41F1,0x421F,0x0421F,,ljmp 0x3e61,no xdata named in its window
0x041EE,0x73,0x041F4,0x41F4,0x4222,0x04222,0x03,ljmp 0x3e7e,no xdata named in its window
0x041EE,0x74,0x041F7,0x41F7,0x4225,0x04225,0x03,ljmp 0x3e85,no xdata named in its window
0x041EE,0x76,0x041FA,0x41FA,0x4228,0x04228,0x03,ljmp 0x3e8c,no xdata named in its window
0x041EE,0x77,0x041FD,0x41FD,0x422B,0x0422B,0x03,ljmp 0x3e93,no xdata named in its window
0x041EE,0x90,0x04200,0x4200,0x422E,0x0422E,0x03,ljmp 0x3e9a,no xdata named in its window
0x041EE,0x91,0x04203,0x4203,0x4231,0x04231,0x03,ljmp 0x3ec5,no xdata named in its window
0x041EE,0x92,0x04206,0x4206,0x4234,0x04234,0x03,ljmp 0x3ee2,no xdata named in its window
0x041EE,0x93,0x04209,0x4209,0x4237,0x04237,0x03,ljmp 0x3eff,no xdata named in its window
0x041EE,0xA5,0x0420C,0x420C,0x423A,0x0423A,0x03,ljmp 0x3f1f,no xdata named in its window
0x041EE,0xD1,0x0420F,0x420F,0x423D,0x0423D,0x03,ljmp 0x3f51,no xdata named in its window
0x041EE,0xD2,0x04212,0x4212,0x4240,0x04240,0x03,ljmp 0x3f5d,no xdata named in its window
0x041EE,0xD3,0x04215,0x4215,0x4243,0x04243,0x03,ljmp 0x3f62,no xdata named in its window
0x041EE,0xD4,0x04218,0x4218,0x4246,0x04246,0x03,lcall 0x3f68,no xdata named in its window
0x041EE,default,0x0421D,0x421D,0x4249,0x04249,,ret,reached when no case matches; no xdata named in its window
0x0424B,0x20,0x0424E,0x424E,0x42E5,0x042E5,,ljmp 0x3cd9,no xdata named in its window
0x0424B,0x33,0x04251,0x4251,0x42E8,0x042E8,0x03,ljmp 0x3cde,no xdata named in its window
0x0424B,0x34,0x04254,0x4254,0x42EB,0x042EB,0x03,ljmp 0x3ce6,no xdata named in its window
0x0424B,0x36,0x04257,0x4257,0x42EE,0x042EE,0x03,ljmp 0x3cee,no xdata named in its window
0x0424B,0x37,0x0425A,0x425A,0x42F1,0x042F1,0x03,ljmp 0x3cf6,no xdata named in its window
0x0424B,0x60,0x0425D,0x425D,0x42F4,0x042F4,0x03,ljmp 0x3cfe,no xdata named in its window
0x0424B,0x73,0x04260,0x4260,0x42F7,0x042F7,0x03,ljmp 0x3d03,no xdata named in its window
0x0424B,0x74,0x04263,0x4263,0x42FA,0x042FA,0x03,ljmp 0x3d08,no xdata named in its window
0x0424B,0x76,0x04266,0x4266,0x42FD,0x042FD,0x03,ljmp 0x3d0d,no xdata named in its window
0x0424B,0x77,0x04269,0x4269,0x4300,0x04300,0x03,ljmp 0x3d12,no xdata named in its window
0x0424B,0x90,0x0426C,0x426C,0x4303,0x04303,0x03,ljmp 0x3d17,no xdata named in its window
0x0424B,0x91,0x0426F,0x426F,0x4306,0x04306,0x03,ljmp 0x3d1c,no xdata named in its window
0x0424B,0x92,0x04272,0x4272,0x4309,0x04309,0x03,ljmp 0x3d21,no xdata named in its window
0x0424B,0x93,0x04275,0x4275,0x430C,0x0430C,0x03,ljmp 0x3d26,no xdata named in its window
0x0424B,0xA4,0x04278,0x4278,0x430F,0x0430F,0x03,ljmp 0x3d2b,no xdata named in its window
0x0424B,0xA5,0x0427B,0x427B,0x4312,0x04312,0x03,ljmp 0x3d3f,no xdata named in its window
0x0424B,0xA6,0x0427E,0x427E,0x4315,0x04315,0x03,ljmp 0x3d47,no xdata named in its window
0x0424B,0xA7,0x04281,0x4281,0x4318,0x04318,0x03,ljmp 0x3d69,no xdata named in its window
0x0424B,0xA8,0x04284,0x4284,0x431B,0x0431B,0x03,ljmp 0x3d6c,no xdata named in its window
0x0424B,0xA9,0x04287,0x4287,0x431E,0x0431E,0x03,ljmp 0x3d6f,no xdata named in its window
0x0424B,0xAA,0x0428A,0x428A,0x4321,0x04321,0x03,ljmp 0x3d76,no xdata named in its window
0x0424B,0xAB,0x0428D,0x428D,0x4324,0x04324,0x03,ljmp 0x3d92,no xdata named in its window
0x0424B,0xAC,0x04290,0x4290,0x4327,0x04327,0x03,ljmp 0x10ff,no xdata named in its window
0x0424B,0xAD,0x04293,0x4293,0x432A,0x0432A,0x03,ljmp 0x3d97,no xdata named in its window
0x0424B,0xAE,0x04296,0x4296,0x432D,0x0432D,0x03,ljmp 0x3da8,no xdata named in its window
0x0424B,0xAF,0x04299,0x4299,0x4330,0x04330,0x03,ljmp 0x3dbf,no xdata named in its window
0x0424B,0xC0,0x0429C,0x429C,0x4333,0x04333,0x03,ljmp 0x3dc0,no xdata named in its window
0x0424B,0xD0,0x0429F,0x429F,0x4336,0x04336,0x03,ljmp 0x3dc5,no xdata named in its window
0x0424B,0xD1,0x042A2,0x42A2,0x4339,0x04339,0x03,ljmp 0x3dcb,no xdata named in its window
0x0424B,0xD2,0x042A5,0x42A5,0x433C,0x0433C,0x03,ljmp 0x3dce,no xdata named in its window
0x0424B,0xD3,0x042A8,0x42A8,0x433F,0x0433F,0x03,ljmp 0x3dfc,no xdata named in its window
0x0424B,0xD4,0x042AB,0x42AB,0x4342,0x04342,0x03,ljmp 0x3e2b,no xdata named in its window
0x0424B,0xE0,0x042AE,0x42AE,0x4345,0x04345,0x03,ljmp 0x3e33,no xdata named in its window
0x0424B,0xF0,0x042B1,0x42B1,0x4348,0x04348,0x03,lcall 0x3e38,no xdata named in its window
0x0424B,0xF1,0x042B4,0x42B4,0x4348,0x04348,0x00,lcall 0x3e38,no xdata named in its window
0x0424B,0xF2,0x042B7,0x42B7,0x4348,0x04348,0x00,lcall 0x3e38,no xdata named in its window
0x0424B,0xF3,0x042BA,0x42BA,0x4348,0x04348,0x00,lcall 0x3e38,no xdata named in its window
0x0424B,0xF4,0x042BD,0x42BD,0x4348,0x04348,0x00,lcall 0x3e38,no xdata named in its window
0x0424B,0xF5,0x042C0,0x42C0,0x4348,0x04348,0x00,lcall 0x3e38,no xdata named in its window
0x0424B,0xF6,0x042C3,0x42C3,0x4348,0x04348,0x00,lcall 0x3e38,no xdata named in its window
0x0424B,0xF7,0x042C6,0x42C6,0x4348,0x04348,0x00,lcall 0x3e38,no xdata named in its window
0x0424B,0xF8,0x042C9,0x42C9,0x4348,0x04348,0x00,lcall 0x3e38,no xdata named in its window
0x0424B,0xF9,0x042CC,0x42CC,0x4348,0x04348,0x00,lcall 0x3e38,no xdata named in its window
0x0424B,0xFA,0x042CF,0x42CF,0x4348,0x04348,0x00,lcall 0x3e38,no xdata named in its window
0x0424B,0xFB,0x042D2,0x42D2,0x4348,0x04348,0x00,lcall 0x3e38,no xdata named in its window
0x0424B,0xFC,0x042D5,0x42D5,0x4348,0x04348,0x00,lcall 0x3e38,no xdata named in its window
0x0424B,0xFD,0x042D8,0x42D8,0x4348,0x04348,0x00,lcall 0x3e38,no xdata named in its window
0x0424B,0xFE,0x042DB,0x42DB,0x4348,0x04348,0x00,lcall 0x3e38,no xdata named in its window
0x0424B,0xFF,0x042DE,0x42DE,0x4348,0x04348,0x00,lcall 0x3e38,no xdata named in its window
0x0424B,default,0x042E3,0x42E3,0x434B,0x0434B,,ret,reached when no case matches; no xdata named in its window
0x08035,0x00,0x08038,0x8038,0x8054,0x08054,,"mov  dptr,#0x1904",xdata 0x0600 0x0601 0x0610 0x08D0 0x0A59 0x1904
0x08035,0x01,0x0803B,0x803B,0x8094,0x08094,0x40,"mov  dptr,#0x1906",xdata 0x0602 0x0603 0x0610 0x08D2 0x0A59 0x1906
0x08035,0x02,0x0803E,0x803E,0x80D7,0x080D7,0x43,"mov  dptr,#0x1909",xdata 0x0604 0x0605 0x0610 0x08D4 0x0A59 0x1909
0x08035,0x03,0x08041,0x8041,0x811A,0x0811A,0x43,"mov  dptr,#0x190c",xdata 0x0606 0x0607 0x0610 0x08D6 0x0A59 0x190C
0x08035,0x04,0x08044,0x8044,0x815D,0x0815D,0x43,"mov  dptr,#0x1904",xdata 0x0608 0x0609 0x0610 0x08D8 0x0A59 0x1904
0x08035,0x05,0x08047,0x8047,0x819D,0x0819D,0x40,"mov  dptr,#0x1906",xdata 0x060A 0x060B 0x0610 0x08DA 0x0A59 0x1906
0x08035,0x06,0x0804A,0x804A,0x81DF,0x081DF,0x42,"mov  dptr,#0x1909",xdata 0x060C 0x060D 0x0610 0x08DC 0x08E0 0x08E1 0x0A59 0x1909
0x08035,0x07,0x0804D,0x804D,0x8231,0x08231,0x52,"mov  dptr,#0x190c",xdata 0x060E 0x060F 0x0610 0x08DE 0x0A59 0x190C
0x08035,default,0x08052,0x8052,0x8274,0x08274,,"mov  dptr,#0x08e1",reached when no case matches; xdata 0x08E1
0x08662,0x00,0x08665,0x8665,0x8681,0x08681,,"mov  dptr,#0x08e6",xdata 0x08E6
0x08662,0x03,0x08668,0x8668,0x86AB,0x086AB,0x2A,"mov  dptr,#0x08e6",xdata 0x08E6
0x08662,0x04,0x0866B,0x866B,0x868B,0x0868B,0x-20,sjmp 0x86d2,no xdata named in its window
0x08662,0x05,0x0866E,0x866E,0x8681,0x08681,0x-A,"mov  dptr,#0x08e6",xdata 0x08E6
0x08662,0x06,0x08671,0x8671,0x868D,0x0868D,0x0C,lcall 0xb8c0,xdata 0x08E6
0x08662,0x07,0x08674,0x8674,0x86B7,0x086B7,0x2A,lcall 0xb8c0,xdata 0x0739 0x08E6 0x0A50
0x08662,0x08,0x08677,0x8677,0x869F,0x0869F,0x-18,"mov  dptr,#0x08e6",xdata 0x08E6
0x08662,0x09,0x0867A,0x867A,0x869F,0x0869F,0x00,"mov  dptr,#0x08e6",xdata 0x08E6
0x08662,default,0x0867F,0x867F,0x868B,0x0868B,,sjmp 0x86d2,reached when no case matches; no xdata named in its window
0x0918A,0x00,0x0918D,0x918D,0x91AF,0x091AF,,lcall 0xba46,no xdata named in its window
0x0918A,0x01,0x09190,0x9190,0x91B5,0x091B5,0x06,lcall 0xba46,no xdata named in its window
0x0918A,0x02,0x09193,0x9193,0x91BD,0x091BD,0x08,lcall 0xba46,no xdata named in its window
0x0918A,0x03,0x09196,0x9196,0x91C5,0x091C5,0x08,lcall 0xba46,no xdata named in its window
0x0918A,0x04,0x09199,0x9199,0x91CD,0x091CD,0x08,lcall 0xba46,no xdata named in its window
0x0918A,0x05,0x0919C,0x919C,0x91D5,0x091D5,0x08,lcall 0xba46,no xdata named in its window
0x0918A,0x06,0x0919F,0x919F,0x91DD,0x091DD,0x08,lcall 0xba46,no xdata named in its window
0x0918A,0x07,0x091A2,0x91A2,0x91E5,0x091E5,0x08,lcall 0xba46,no xdata named in its window
0x0918A,0x08,0x091A5,0x91A5,0x91ED,0x091ED,0x08,lcall 0xba46,no xdata named in its window
0x0918A,0x09,0x091A8,0x91A8,0x91F5,0x091F5,0x08,lcall 0xba46,no xdata named in its window
0x0918A,default,0x091AD,0x91AD,0x91FB,0x091FB,,lcall 0xba36,reached when no case matches; xdata 0x0832 0x083A 0x083B 0x08B8 0x1611 0x1613 0x1616
0x09284,0x08,0x09287,0x9287,0x92A0,0x092A0,,"mov  a,#0x10",no xdata named in its window
0x09284,0x10,0x0928A,0x928A,0x92A9,0x092A9,0x09,"mov  a,#0x0d",xdata 0x08B9
0x09284,0x18,0x0928D,0x928D,0x92B9,0x092B9,0x10,"mov  dptr,#0x0a47",xdata 0x08B8 0x08B9 0x0A47
0x09284,0x20,0x09290,0x9290,0x92D1,0x092D1,0x18,"mov  dptr,#0x08b8",xdata 0x08B8
0x09284,0x28,0x09293,0x9293,0x92E0,0x092E0,0x0F,"mov  a,#0x90",no xdata named in its window
0x09284,0x30,0x09296,0x9296,0x92E9,0x092E9,0x09,"mov  a,#0x65",no xdata named in its window
0x09284,0x38,0x09299,0x9299,0x92F7,0x092F7,0x0E,"mov  dptr,#0x08b8",xdata 0x08B8
0x09284,default,0x0929E,0x929E,0x9303,0x09303,,"mov  dptr,#0x0a47",reached when no case matches; xdata 0x0832 0x083A 0x083B 0x08E2 0x0983 0x0A47
0x0A34A,0x00,0x0A34D,0xA34D,0xA366,0x0A366,,"mov  dptr,#0x0767",xdata 0x0767 0x0890
0x0A34A,0x01,0x0A350,0xA350,0xA387,0x0A387,0x21,"mov  dptr,#0x0767",xdata 0x0767 0x0768 0x0824
0x0A34A,0x02,0x0A353,0xA353,0xA3B0,0x0A3B0,0x29,"mov  dptr,#0x0767",xdata 0x0751 0x0767
0x0A34A,0x03,0x0A356,0xA356,0xA3C3,0x0A3C3,0x13,"mov  dptr,#0x0767",xdata 0x0767
0x0A34A,0x04,0x0A359,0xA359,0xA3D6,0x0A3D6,0x13,"mov  dptr,#0x0767",xdata 0x06E6 0x0767 0x097F
0x0A34A,0x05,0x0A35C,0xA35C,0xA3F7,0x0A3F7,0x21,"mov  dptr,#0x0767",xdata 0x0767
0x0A34A,0x06,0x0A35F,0xA35F,0xA405,0x0A405,0x0E,"mov  dptr,#0x075d",xdata 0x075D
0x0A34A,default,0x0A364,0xA364,0xA425,0x0A425,,ret,reached when no case matches; no xdata named in its window
0x0A682,0x01,0x0A685,0xA685,0xA69E,0x0A69E,,lcall 0xbb88,xdata 0x0857 0x1803 0x63BE
0x0A682,0x02,0x0A688,0xA688,0xA6B1,0x0A6B1,0x13,lcall 0xbb88,xdata 0x0857 0x1805 0x63BE
0x0A682,0x03,0x0A68B,0xA68B,0xA6C6,0x0A6C6,0x15,lcall 0xbb88,xdata 0x0857 0x1808 0x63BE
0x0A682,0x0B,0x0A68E,0xA68E,0xA6DB,0x0A6DB,0x15,lcall 0xbb88,xdata 0x0857 0x1803 0x63D7
0x0A682,0x0C,0x0A691,0xA691,0xA6F0,0x0A6F0,0x15,lcall 0xbb88,xdata 0x0857 0x1805 0x63D7
0x0A682,0x0D,0x0A694,0xA694,0xA705,0x0A705,0x15,lcall 0xbb88,xdata 0x0857 0x1808 0x63D7
0x0A682,0xFE,0x0A697,0xA697,0xA73E,0x0A73E,0x39,ret,no xdata named in its window
0x0A682,default,0x0A69C,0xA69C,0xA724,0x0A724,,clr  a,reached when no case matches; xdata 0x0857
0x0D148,0x06,0x0D14B,0xD14B,0xD173,0x0D173,,"mov  dptr,#0x0863",xdata 0x0863 0x0864 0x1C04
0x0D148,0x07,0x0D14E,0xD14E,0xD198,0x0D198,0x25,clr  a,xdata 0x0863 0x1C04 0x1C05
0x0D148,0x08,0x0D151,0xD151,0xD173,0x0D173,0x-25,"mov  dptr,#0x0863",xdata 0x0863 0x0864 0x1C04
0x0D148,0x09,0x0D154,0xD154,0xD198,0x0D198,0x25,clr  a,xdata 0x0863 0x1C04 0x1C05
0x0D148,0x16,0x0D157,0xD157,0xD1C0,0x0D1C0,0x28,"mov  dptr,#0x0863",xdata 0x0863 0x0864 0x1C11 0x1C15 0x1C16
0x0D148,0x17,0x0D15A,0xD15A,0xD1EF,0x0D1EF,0x2F,clr  a,xdata 0x0863 0x1C11 0x1C15 0x1C16
0x0D148,0x18,0x0D15D,0xD15D,0xD1C0,0x0D1C0,0x-2F,"mov  dptr,#0x0863",xdata 0x0863 0x0864 0x1C11 0x1C15 0x1C16
0x0D148,0x19,0x0D160,0xD160,0xD1EF,0x0D1EF,0x2F,clr  a,xdata 0x0863 0x1C11 0x1C15 0x1C16
0x0D148,0x36,0x0D163,0xD163,0xD221,0x0D221,0x32,"mov  dptr,#0x0863",xdata 0x0863 0x0864 0x1C35 0x1C39 0x1C3A
0x0D148,0x37,0x0D166,0xD166,0xD24E,0x0D24E,0x2D,clr  a,xdata 0x0860 0x0863 0x0864 0x1C35 0x1C39 0x1C3A
0x0D148,0x38,0x0D169,0xD169,0xD221,0x0D221,0x-2D,"mov  dptr,#0x0863",xdata 0x0863 0x0864 0x1C35 0x1C39 0x1C3A
0x0D148,0x39,0x0D16C,0xD16C,0xD24E,0x0D24E,0x2D,clr  a,xdata 0x0860 0x0863 0x0864 0x1C35 0x1C39 0x1C3A
0x0D148,default,0x0D171,0xD171,0xD289,0x0D289,,clr  a,reached when no case matches; xdata 0x0860 0x0866 0x0867 0x0868 0x0869 0x086A 0x086B 0x1C04 0x1C05 0x1C15 0x1C16 0x1C39 0x1C3A
0x0D435,0x90,0x0D438,0xD438,0xD484,0x0D484,,ljmp 0x18ca,no xdata named in its window
0x0D435,0x91,0x0D43B,0xD43B,0xD487,0x0D487,0x03,"mov  dptr,#0x08eb",xdata 0x08EB
0x0D435,0x93,0x0D43E,0xD43E,0xD48F,0x0D48F,0x08,"mov  dptr,#0x0e00",xdata 0x0E00
0x0D435,0x94,0x0D441,0xD441,0xD496,0x0D496,0x07,"mov  dptr,#0x06e6",xdata 0x06E6 0x1102 0x1106 0x1B01 0x1B05
0x0D435,0x95,0x0D444,0xD444,0xD4B9,0x0D4B9,0x23,ljmp 0x18d0,no xdata named in its window
0x0D435,0x96,0x0D447,0xD447,0xD4BC,0x0D4BC,0x03,ljmp 0x18d6,no xdata named in its window
0x0D435,0x9C,0x0D44A,0xD44A,0xD4BF,0x0D4BF,0x03,ljmp 0x18dc,no xdata named in its window
0x0D435,0x9D,0x0D44D,0xD44D,0xD4C2,0x0D4C2,0x03,ljmp 0x18e2,no xdata named in its window
0x0D435,0x9E,0x0D450,0xD450,0xD4C5,0x0D4C5,0x03,ljmp 0x18e8,no xdata named in its window
0x0D435,0x9F,0x0D453,0xD453,0xD4C8,0x0D4C8,0x03,ljmp 0x18ee,no xdata named in its window
0x0D435,0xA0,0x0D456,0xD456,0xD4CB,0x0D4CB,0x03,ljmp 0x18f4,no xdata named in its window
0x0D435,0xA1,0x0D459,0xD459,0xD4CE,0x0D4CE,0x03,ljmp 0x18fa,no xdata named in its window
0x0D435,0xA2,0x0D45C,0xD45C,0xD4D1,0x0D4D1,0x03,ljmp 0x1900,no xdata named in its window
0x0D435,0xA3,0x0D45F,0xD45F,0xD4D4,0x0D4D4,0x03,ljmp 0x1906,no xdata named in its window
0x0D435,0xA4,0x0D462,0xD462,0xD4D7,0x0D4D7,0x03,ljmp 0x190c,no xdata named in its window
0x0D435,0xA5,0x0D465,0xD465,0xD4DA,0x0D4DA,0x03,ljmp 0x1912,no xdata named in its window
0x0D435,0xA6,0x0D468,0xD468,0xD4DD,0x0D4DD,0x03,ljmp 0x1918,no xdata named in its window
0x0D435,0xA7,0x0D46B,0xD46B,0xD4E0,0x0D4E0,0x03,ljmp 0x191e,no xdata named in its window
0x0D435,0xA8,0x0D46E,0xD46E,0xD4E3,0x0D4E3,0x03,ljmp 0x1924,no xdata named in its window
0x0D435,0xA9,0x0D471,0xD471,0xD4E6,0x0D4E6,0x03,ljmp 0x192a,no xdata named in its window
0x0D435,0xD0,0x0D474,0xD474,0xD4E9,0x0D4E9,0x03,ljmp 0x1930,no xdata named in its window
0x0D435,0xD8,0x0D477,0xD477,0xD4EC,0x0D4EC,0x03,sjmp 0xd4f1,no xdata named in its window
0x0D435,0xDC,0x0D47A,0xD47A,0xD4EE,0x0D4EE,0x02,ljmp 0xd5a6,xdata 0x0046
0x0D435,0xDD,0x0D47D,0xD47D,0xD4EC,0x0D4EC,0x-2,sjmp 0xd4f1,no xdata named in its window
0x0D435,default,0x0D482,0xD482,0xD507,0x0D507,,ret,reached when no case matches; no xdata named in its window
0x0DDBB,0x80,0x0DDBE,0xDDBE,0xDDF2,0x0DDF2,,ljmp 0xdc94,no xdata named in its window
0x0DDBB,0x81,0x0DDC1,0xDDC1,0xDDF5,0x0DDF5,0x03,ljmp 0xdc99,no xdata named in its window
0x0DDBB,0x94,0x0DDC4,0xDDC4,0xDDF8,0x0DDF8,0x03,ljmp 0xdc9e,no xdata named in its window
0x0DDBB,0xA2,0x0DDC7,0xDDC7,0xDDFE,0x0DDFE,0x06,ljmp 0xdcb2,no xdata named in its window
0x0DDBB,0xAA,0x0DDCA,0xDDCA,0xDDFB,0x0DDFB,0x-3,ljmp 0xdcaf,no xdata named in its window
0x0DDBB,0xB4,0x0DDCD,0xDDCD,0xDE01,0x0DE01,0x06,ljmp 0xdcba,no xdata named in its window
0x0DDBB,0xC3,0x0DDD0,0xDDD0,0xDE04,0x0DE04,0x03,ljmp 0xdccb,no xdata named in its window
0x0DDBB,0xC4,0x0DDD3,0xDDD3,0xDE07,0x0DE07,0x03,ljmp 0xdcd0,no xdata named in its window
0x0DDBB,0xC5,0x0DDD6,0xDDD6,0xDE0A,0x0DE0A,0x03,ljmp 0xdcd5,no xdata named in its window
0x0DDBB,0xC7,0x0DDD9,0xDDD9,0xDE0D,0x0DE0D,0x03,ljmp 0xdcdd,no xdata named in its window
0x0DDBB,0xC8,0x0DDDC,0xDDDC,0xDE10,0x0DE10,0x03,ljmp 0xdce5,no xdata named in its window
0x0DDBB,0xCE,0x0DDDF,0xDDDF,0xDE13,0x0DE13,0x03,ljmp 0xdced,no xdata named in its window
0x0DDBB,0xCF,0x0DDE2,0xDDE2,0xDE16,0x0DE16,0x03,ljmp 0xdcf5,no xdata named in its window
0x0DDBB,0xD8,0x0DDE5,0xDDE5,0xDE19,0x0DE19,0x03,ljmp 0xdcfa,no xdata named in its window
0x0DDBB,0xDD,0x0DDE8,0xDDE8,0xDE1C,0x0DE1C,0x03,ljmp 0xdd10,no xdata named in its window
0x0DDBB,0xFE,0x0DDEB,0xDDEB,0xDE1F,0x0DE1F,0x03,lcall 0xdd21,no xdata named in its window
0x0DDBB,default,0x0DDF0,0xDDF0,0xDE22,0x0DE22,,ret,reached when no case matches; no xdata named in its window
0x0EBDC,0x00,0x0EBDF,0xEBDF,0xEBFB,0x0EBFB,,lcall 0xf12f,xdata 0x0A4A 0x0A4B
0x0EBDC,0x01,0x0EBE2,0xEBE2,0xEC1B,0x0EC1B,0x20,lcall 0xe624,xdata 0x0A4B
0x0EBDC,0x02,0x0EBE5,0xEBE5,0xEC39,0x0EC39,0x1E,lcall 0xe624,xdata 0x0A4B
0x0EBDC,0x03,0x0EBE8,0xEBE8,0xEC59,0x0EC59,0x20,lcall 0xe64a,xdata 0x0A49 0x0A4B 0x0A4C
0x0EBDC,0x04,0x0EBEB,0xEBEB,0xECAE,0x0ECAE,0x55,clr  a,xdata 0x0A4B
0x0EBDC,0x05,0x0EBEE,0xEBEE,0xECD5,0x0ECD5,0x27,lcall 0xe64a,xdata 0x0A49 0x0A4B 0x0A4C
0x0EBDC,0x07,0x0EBF1,0xEBF1,0xED04,0x0ED04,0x2F,lcall 0xe5f3,xdata 0x0A4B
0x0EBDC,0x08,0x0EBF4,0xEBF4,0xED12,0x0ED12,0x0E,"mov  dptr,#0x0fa0",xdata 0x0A4B 0x0FA0
0x0EBDC,default,0x0EBF9,0xEBF9,0xED47,0x0ED47,,"mov  dptr,#0x0a4b",reached when no case matches; xdata 0x08FE 0x0A49 0x0A4B 0x1601 0x1C41
0x0F254,0x00,0x0F257,0xF257,0xF270,0x0F270,,"mov  dptr,#0x0e00",xdata 0x0E00 0x0E01 0x0E05 0x0E07 0x0E0B 0x0F80
0x0F254,0x01,0x0F25A,0xF25A,0xF2F8,0x0F2F8,0x88,"mov  dptr,#0x0f60",xdata 0x0EA8 0x0EA9 0x0EAA 0x0EAB 0x0EAC 0x0EAD 0x0EAE 0x0EAF 0x0F60 0x0F61 0x0F62 0x0F63 0x0F64 0x0F65 0x0F66 0x0F67
0x0F254,0x03,0x0F25D,0xF25D,0xF38E,0x0F38E,0x96,lcall 0xf493,xdata 0x0E01 0x0F80
0x0F254,0x04,0x0F260,0xF260,0xF3BE,0x0F3BE,0x30,"mov  dptr,#0x0f60",xdata 0x0F60
0x0F254,0x06,0x0F263,0xF263,0xF3E1,0x0F3E1,0x23,lcall 0xf221,no xdata named in its window
0x0F254,0x07,0x0F266,0xF266,0xF3FD,0x0F3FD,0x1C,"mov  dptr,#0x0f60",xdata 0x0E01 0x0F60
0x0F254,0x08,0x0F269,0xF269,0xF414,0x0F414,0x17,"mov  dptr,#0x0f60",xdata 0x0E01 0x0F60
0x0F254,default,0x0F26E,0xF26E,0xF42B,0x0F42B,,clr  a,reached when no case matches; xdata 0x0E01
