addr,site_runtime,region,site_file_offset,store_runtime,access_shape,mask,store_count,status,condition,condition_evidence
0x0751,0x898A,bank0,0x0898A,0x8990,read-modify-write,"anl a,#0xbf",1,found,temperature-gate,"0x897D subb a,#0x46 / jnc 0x899D on CPU_TEMP 0x043E, then 0x8986 subb a,#0x46 / jnc 0x899D on GPU_TEMP 0x044F -- both sensors under 0x46 (70 C)"
0x0751,0xA3BB,bank0,0x0A3BB,0xA3C1,read-modify-write,"xrl a,#0x40",1,found,mode-decode,"0xA3B4 jnb acc.2,0xA425 -- TRIGGER 0x0767 bit 2"
0x0751,0xA812,bank0,0x0A812,0xA815,blind-store,no load,1,found,boot-default,"0xA80E jnb acc.4,0xA818 -- BIOS_OEM_2 0x0782 bit 4 (DEFAULT_MODE) clear, behind the bit-5 one-shot consumed at 0xA80C"
0x0751,0xA818,bank0,0x0A818,0xA81E then 0xA822,read-modify-write,"anl a,#0xef then orl a,#0x80",2,window-truncated,boot-default,"0xA80E jnb acc.4,0xA818 -- BIOS_OEM_2 0x0782 bit 4 (DEFAULT_MODE) set, behind the same bit-5 one-shot"
0x0751,0xABB8,bank0,0x0ABB8,0xABBE,read-modify-write,"xrl a,#0x40",1,found,mode-decode,"0xABA2 jnb acc.1,0xABC0 on 0x0782, 0xABA9 jz 0xAC07 on 0x0440, 0xABAE jnz 0xAC07 after lcall 0xB9D8, 0xABB6 jnz 0xAC07 -- r7 from lcall 0xC1CB is 0x01"
0x0751,0xABE8,bank0,0x0ABE8,0xABF1 then 0xABF5,read-modify-write,"anl a,#0x7f then orl a,#0x10",2,found,mode-decode,"0xABEB jnb acc.1,0xAC03 -- BIOS_INFO_3 0x049F bit 1 (Turbo mode supported) set"
0x0751,0xAC00,bank0,0x0AC00,0xAC06,read-modify-write,"anl a,#0x6f",1,found,mode-decode,"0xABE2 jnz 0xABF7, on (0x0751 & 0x90) ^ 0x80 from lcall 0xBB40 -- taken when bit 4 (TURBO) is set or bit 7 (USER) is clear, since 0x90 masks bits 4 and 7. The cjne at 0xABFB does not gate the store: its sjmp arm at 0xABFE lands on the same movx a,@dptr at 0xAC03, so the store runs either way and the branch only decides whether DPTR is reloaded"
0x0751,0xC709,bank0,0x0C709,0xC70F,read-modify-write,"xrl a,#0x40",1,found,mode-decode,"0xC701 jnz 0xC710 -- r7 is zero, and 0xC707 jz 0xC710 on 0x0440"
0x0751,0xC741,bank0,0x0C741,0xC74A then 0xC74E,read-modify-write,"anl a,#0x7f then orl a,#0x10",2,found,mode-decode,"0xC744 jnb acc.1,0xC75C -- BIOS_INFO_3 0x049F bit 1 (Turbo mode supported) set"
0x0751,0xC759,bank0,0x0C759,0xC75F,read-modify-write,"anl a,#0x6f",1,found,mode-decode,"0xC73B jnz 0xC750, on (0x0751 & 0x90) ^ 0x80 from lcall 0xCA4C -- taken when bit 4 (TURBO) is set or bit 7 (USER) is clear, since 0x90 masks bits 4 and 7. The cjne at 0xC754 does not gate the store: its sjmp arm at 0xC757 lands on the same movx a,@dptr at 0xC75C, so the store runs either way and the branch only decides whether DPTR is reloaded"
