stride,counting_unit,candidates,base_list
0x03,construction-only,2,0xD9F6 0xDA32
0x17,access,53,0x09BE 0x09C1 0x09C9 0x0A13 0x0A14 0x0A15 0x0A27 0x0A28 0x0A29 0x0A2C
0x17,construction-only,61,0x09B9 0x0A13 0x0A15 0x0A17 0x0A1B 0x0A1F 0x0A27 0x0A29 0x0A2A 0x0A2C 0x0A2D 0x0A35 0x0A39 0x0A3D
0x38,construction-only,4,0x0946 0x0976
0x5E,access,244,0x08E3 0x08E4 0x08E6 0x08E7 0x08E8 0x08E9 0x08EA 0x08EB 0x08EC 0x08ED 0x08EF 0x08F1 0x08F2 0x08F3 0x08F4 0x08F5 0x08F6 0x08F7 0x08F8 0x08F9 0x08FB 0x090C
0x5E,construction-only,97,0x08E8 0x08E9 0x08ED 0x08F1 0x08F6 0x08FC 0x0900 0x0904 0x0908
0x77,access,80,0x086C 0x086E 0x086F 0x0870 0x0871 0x0873 0x0889 0x088B 0x088C 0x088D 0x089A 0x08C7 0x08D5
0x77,construction-only,37,0x086C 0x0871 0x0874 0x088A 0x088E 0x0896 0x089B 0x089F 0x08C7 0x08D7 0x08DA 0x08DE
unresolved,access,51,0x0260 0x086C 0x086E 0x086F 0x0870 0x0871 0x0873 0x0889 0x088C 0x088D 0x089A 0x08C7 0x08CD 0x08D1 0x08E2 0x08EB 0x08F1 0x08F9 0x097A 0x097B 0x098B 0x09B0 0x0AA4 0x0AA5 0x0AA6 0x0AA7
unresolved,anchor-access,186,0x00A0 0x00A1 0x00A2 0x07CF 0x07D0 0x07D1 0x07D2 0x07D3 0x07D4 0x07D5 0x07D6 0x07D7 0x07D8 0x07DA 0x07DB 0x07DC 0x07DE 0x07F5 0x0803 0x0809 0x080D 0x0819 0x081F 0x0832 0x0833 0x0837 0x083A 0x083B 0x0850 0x0851 0x0852 0x0856 0x0858 0x085E 0x0A8B 0x0AF1
unresolved,construction-only,24,0x080D 0x0830 0x0836 0x086E 0x0878 0x088C 0x089B 0x08D7 0x08F9 0x0915 0x0946 0x094A 0x0966 0x09DD 0x0A13 0x0A17 0x0A29 0x0AA8 0xEAF9
