addr,total,main_ec,pd_image,common,bank0,bank1,pd-image
0x0400,8,4,4,0,0,4,4
0x0401,1,1,0,0,0,1,0
0x0402,3,3,0,0,0,3,0
0x0403,11,11,0,0,0,11,0
0x0404,14,11,3,0,1,10,3
0x0405,0,0,0,0,0,0,0
0x0406,0,0,0,0,0,0,0
0x0407,0,0,0,0,0,0,0
0x0408,9,2,7,0,0,2,7
0x0409,0,0,0,0,0,0,0
0x040A,3,3,0,0,0,3,0
0x040B,0,0,0,0,0,0,0
0x040C,4,2,2,0,0,2,2
0x040D,0,0,0,0,0,0,0
0x040E,2,2,0,0,0,2,0
0x040F,0,0,0,0,0,0,0
0x0410,6,1,5,0,0,1,5
0x0411,0,0,0,0,0,0,0
0x0412,0,0,0,0,0,0,0
0x0413,0,0,0,0,0,0,0
0x0414,0,0,0,0,0,0,0
0x0415,0,0,0,0,0,0,0
0x0416,0,0,0,0,0,0,0
0x0417,0,0,0,0,0,0,0
0x0418,5,0,5,0,0,0,5
0x0419,0,0,0,0,0,0,0
0x041A,0,0,0,0,0,0,0
0x041B,0,0,0,0,0,0,0
0x041C,3,0,3,0,0,0,3
0x041D,0,0,0,0,0,0,0
0x041E,0,0,0,0,0,0,0
0x041F,0,0,0,0,0,0,0
0x0420,12,1,11,0,0,1,11
0x0421,0,0,0,0,0,0,0
0x0422,0,0,0,0,0,0,0
0x0423,0,0,0,0,0,0,0
0x0424,12,0,12,0,0,0,12
0x0425,0,0,0,0,0,0,0
0x0426,1,0,1,0,0,0,1
0x0427,0,0,0,0,0,0,0
0x0428,3,0,3,0,0,0,3
0x0429,2,0,2,0,0,0,2
0x042A,2,0,2,0,0,0,2
0x042B,0,0,0,0,0,0,0
0x042C,6,0,6,0,0,0,6
0x042D,0,0,0,0,0,0,0
0x042E,0,0,0,0,0,0,0
0x042F,9,0,9,0,0,0,9
0x0430,0,0,0,0,0,0,0
0x0431,0,0,0,0,0,0,0
0x0432,14,12,2,0,1,11,2
0x0433,5,0,5,0,0,0,5
0x0434,16,10,6,0,2,8,6
0x0435,2,2,0,0,2,0,0
0x0436,17,17,0,0,1,16,0
0x0437,6,1,5,0,0,1,5
0x0438,14,14,0,0,2,12,0
0x0439,3,3,0,0,2,1,0
0x043A,6,3,3,0,0,3,3
0x043B,2,0,2,0,0,0,2
0x043C,10,10,0,0,0,10,0
0x043D,1,1,0,0,1,0,0
0x043E,15,15,0,0,10,5,0
0x043F,3,3,0,0,1,2,0
0x0440,43,43,0,3,13,27,0
0x0441,0,0,0,0,0,0,0
0x0442,11,11,0,0,2,9,0
0x0443,2,2,0,0,0,2,0
0x0444,0,0,0,0,0,0,0
0x0445,0,0,0,0,0,0,0
0x0446,0,0,0,0,0,0,0
0x0447,0,0,0,0,0,0,0
0x0448,3,3,0,0,0,3,0
0x0449,4,4,0,0,1,3,0
0x044A,0,0,0,0,0,0,0
0x044B,6,6,0,0,6,0,0
0x044C,7,7,0,0,2,5,0
0x044D,0,0,0,0,0,0,0
0x044E,0,0,0,0,0,0,0
0x044F,14,14,0,0,10,4,0
0x0450,2,2,0,0,0,2,0
0x0451,1,1,0,0,0,1,0
0x0452,1,1,0,0,0,1,0
0x0453,0,0,0,0,0,0,0
0x0454,2,2,0,0,1,1,0
0x0455,2,2,0,0,1,1,0
0x0456,12,12,0,0,6,6,0
0x0457,5,4,1,0,0,4,1
0x0458,5,4,1,0,1,3,1
0x0459,6,6,0,0,1,5,0
0x045A,22,22,0,0,2,20,0
0x045B,12,12,0,0,3,9,0
0x045C,2,2,0,0,0,2,0
0x045D,5,5,0,0,1,4,0
0x045E,2,2,0,0,0,2,0
0x045F,10,10,0,0,0,10,0
0x0460,24,24,0,0,23,1,0
0x0461,9,9,0,0,9,0,0
0x0462,0,0,0,0,0,0,0
0x0463,2,2,0,0,2,0,0
0x0464,3,3,0,0,3,0,0
0x0465,1,1,0,0,1,0,0
0x0466,6,6,0,0,3,3,0
0x0467,0,0,0,0,0,0,0
0x0468,17,17,0,0,16,1,0
0x0469,10,10,0,0,10,0,0
0x046A,4,4,0,0,4,0,0
0x046B,4,4,0,0,4,0,0
0x046C,3,3,0,0,3,0,0
0x046D,1,1,0,0,1,0,0
0x046E,2,2,0,0,2,0,0
0x046F,3,3,0,0,3,0,0
0x0470,2,2,0,0,0,2,0
0x0471,9,9,0,0,3,6,0
0x0472,14,14,0,0,0,14,0
0x0473,0,0,0,0,0,0,0
0x0474,2,0,2,0,0,0,2
0x0475,2,0,2,0,0,0,2
0x0476,18,18,0,0,11,7,0
0x0477,0,0,0,0,0,0,0
0x0478,0,0,0,0,0,0,0
0x0479,0,0,0,0,0,0,0
0x047A,0,0,0,0,0,0,0
0x047B,11,11,0,0,0,11,0
0x047C,4,4,0,0,0,4,0
0x047D,1,1,0,0,0,1,0
0x047E,12,12,0,0,3,9,0
0x047F,5,5,0,0,2,3,0
0x0480,10,10,0,0,1,9,0
0x0481,0,0,0,0,0,0,0
0x0482,0,0,0,0,0,0,0
0x0483,0,0,0,0,0,0,0
0x0484,0,0,0,0,0,0,0
0x0485,0,0,0,0,0,0,0
0x0486,0,0,0,0,0,0,0
0x0487,0,0,0,0,0,0,0
0x0488,0,0,0,0,0,0,0
0x0489,0,0,0,0,0,0,0
0x048A,2,2,0,0,0,2,0
0x048B,2,2,0,0,0,2,0
0x048C,6,6,0,0,0,6,0
0x048D,4,4,0,0,0,4,0
0x048E,2,2,0,0,0,2,0
0x048F,1,1,0,0,0,1,0
0x0490,102,102,0,0,32,70,0
0x0491,44,37,7,0,1,36,7
0x0492,16,16,0,0,2,14,0
0x0493,9,9,0,0,0,9,0
0x0494,24,24,0,0,1,23,0
0x0495,20,12,8,0,0,12,8
0x0496,6,6,0,0,2,4,0
0x0497,68,68,0,0,4,64,0
0x0498,4,4,0,0,0,4,0
0x0499,8,6,2,0,0,6,2
0x049A,3,3,0,0,0,3,0
0x049B,3,3,0,0,0,3,0
0x049C,5,5,0,0,0,5,0
0x049D,11,7,4,0,0,7,4
0x049E,3,3,0,0,0,3,0
0x049F,15,12,3,0,10,2,3
0x04A0,9,9,0,0,0,9,0
0x04A1,8,5,3,0,0,5,3
0x04A2,11,6,5,0,1,5,5
0x04A3,6,1,5,0,1,0,5
0x04A4,3,1,2,0,0,1,2
0x04A5,3,0,3,0,0,0,3
0x04A6,7,3,4,0,1,2,4
0x04A7,2,2,0,0,1,1,0
0x04A8,2,1,1,0,0,1,1
0x04A9,0,0,0,0,0,0,0
0x04AA,1,1,0,0,0,1,0
0x04AB,16,16,0,0,8,8,0
0x04AC,2,2,0,0,0,2,0
0x04AD,1,1,0,0,0,1,0
0x04AE,6,6,0,0,0,6,0
0x04AF,1,1,0,0,0,1,0
0x04B0,0,0,0,0,0,0,0
0x04B1,2,2,0,0,0,2,0
0x04B2,0,0,0,0,0,0,0
0x04B3,0,0,0,0,0,0,0
0x04B4,0,0,0,0,0,0,0
0x04B5,0,0,0,0,0,0,0
0x04B6,0,0,0,0,0,0,0
0x04B7,0,0,0,0,0,0,0
0x04B8,0,0,0,0,0,0,0
0x04B9,0,0,0,0,0,0,0
0x04BA,0,0,0,0,0,0,0
0x04BB,1,1,0,0,0,1,0
0x04BC,0,0,0,0,0,0,0
0x04BD,1,1,0,0,0,1,0
0x04BE,3,3,0,0,0,3,0
0x04BF,1,1,0,0,0,1,0
0x04C0,0,0,0,0,0,0,0
0x04C1,0,0,0,0,0,0,0
0x04C2,0,0,0,0,0,0,0
0x04C3,0,0,0,0,0,0,0
0x04C4,0,0,0,0,0,0,0
0x04C5,0,0,0,0,0,0,0
0x04C6,0,0,0,0,0,0,0
0x04C7,0,0,0,0,0,0,0
0x04C8,0,0,0,0,0,0,0
0x04C9,0,0,0,0,0,0,0
0x04CA,0,0,0,0,0,0,0
0x04CB,0,0,0,0,0,0,0
0x04CC,0,0,0,0,0,0,0
0x04CD,0,0,0,0,0,0,0
0x04CE,0,0,0,0,0,0,0
0x04CF,0,0,0,0,0,0,0
0x04D0,0,0,0,0,0,0,0
0x04D1,0,0,0,0,0,0,0
0x04D2,0,0,0,0,0,0,0
0x04D3,0,0,0,0,0,0,0
0x04D4,0,0,0,0,0,0,0
0x04D5,0,0,0,0,0,0,0
0x04D6,0,0,0,0,0,0,0
0x04D7,0,0,0,0,0,0,0
0x04D8,0,0,0,0,0,0,0
0x04D9,0,0,0,0,0,0,0
0x04DA,0,0,0,0,0,0,0
0x04DB,0,0,0,0,0,0,0
0x04DC,0,0,0,0,0,0,0
0x04DD,1,1,0,0,1,0,0
0x04DE,0,0,0,0,0,0,0
0x04DF,0,0,0,0,0,0,0
0x04E0,0,0,0,0,0,0,0
0x04E1,0,0,0,0,0,0,0
0x04E2,0,0,0,0,0,0,0
0x04E3,0,0,0,0,0,0,0
0x04E4,0,0,0,0,0,0,0
0x04E5,0,0,0,0,0,0,0
0x04E6,0,0,0,0,0,0,0
0x04E7,0,0,0,0,0,0,0
0x04E8,0,0,0,0,0,0,0
0x04E9,0,0,0,0,0,0,0
0x04EA,0,0,0,0,0,0,0
0x04EB,0,0,0,0,0,0,0
0x04EC,0,0,0,0,0,0,0
0x04ED,0,0,0,0,0,0,0
0x04EE,0,0,0,0,0,0,0
0x04EF,0,0,0,0,0,0,0
0x04F0,0,0,0,0,0,0,0
0x04F1,0,0,0,0,0,0,0
0x04F2,6,6,0,0,0,6,0
0x04F3,0,0,0,0,0,0,0
0x04F4,3,3,0,0,0,3,0
0x04F5,0,0,0,0,0,0,0
0x04F6,3,3,0,0,0,3,0
0x04F7,0,0,0,0,0,0,0
0x04F8,1,1,0,0,0,1,0
0x04F9,0,0,0,0,0,0,0
0x04FA,0,0,0,0,0,0,0
0x04FB,0,0,0,0,0,0,0
0x04FC,5,5,0,0,0,5,0
0x04FD,0,0,0,0,0,0,0
0x04FE,10,10,0,0,1,9,0
0x04FF,6,6,0,0,0,6,0
0x0500,0,0,0,0,0,0,0
0x0501,0,0,0,0,0,0,0
0x0502,7,7,0,0,0,7,0
0x0503,1,1,0,0,0,1,0
0x0504,2,2,0,0,0,2,0
0x0505,1,1,0,0,0,1,0
0x0506,9,9,0,0,0,9,0
0x0507,1,1,0,0,0,1,0
0x0508,3,3,0,0,0,3,0
0x0509,1,1,0,0,0,1,0
0x050A,2,2,0,0,0,2,0
0x050B,1,1,0,0,0,1,0
0x050C,1,1,0,0,0,1,0
0x050D,1,1,0,0,0,1,0
0x050E,3,3,0,0,0,3,0
0x050F,0,0,0,0,0,0,0
0x0510,1,1,0,0,0,1,0
0x0511,0,0,0,0,0,0,0
0x0512,1,1,0,0,0,1,0
0x0513,0,0,0,0,0,0,0
0x0514,34,34,0,0,0,34,0
0x0515,0,0,0,0,0,0,0
0x0516,3,3,0,0,0,3,0
0x0517,0,0,0,0,0,0,0
0x0518,5,5,0,0,0,5,0
0x0519,1,1,0,0,0,1,0
0x051A,1,1,0,0,0,1,0
0x051B,1,1,0,0,0,1,0
0x051C,3,3,0,0,0,3,0
0x051D,0,0,0,0,0,0,0
0x051E,1,1,0,0,0,1,0
0x051F,0,0,0,0,0,0,0
0x0520,1,1,0,0,0,1,0
0x0521,0,0,0,0,0,0,0
0x0522,10,10,0,0,1,9,0
0x0523,1,1,0,0,1,0,0
0x0524,9,9,0,0,0,9,0
0x0525,1,1,0,0,0,1,0
0x0526,3,3,0,0,0,3,0
0x0527,1,1,0,0,0,1,0
0x0528,2,2,0,0,0,2,0
0x0529,1,1,0,0,0,1,0
0x052A,3,3,0,0,0,3,0
0x052B,0,0,0,0,0,0,0
0x052C,0,0,0,0,0,0,0
0x052D,0,0,0,0,0,0,0
0x052E,2,2,0,0,0,2,0
0x052F,0,0,0,0,0,0,0
0x0530,0,0,0,0,0,0,0
0x0531,0,0,0,0,0,0,0
0x0532,1,1,0,0,0,1,0
0x0533,0,0,0,0,0,0,0
0x0534,1,1,0,0,0,1,0
0x0535,0,0,0,0,0,0,0
0x0536,1,1,0,0,0,1,0
0x0537,0,0,0,0,0,0,0
0x0538,1,1,0,0,0,1,0
0x0539,13,13,0,0,1,12,0
0x053A,2,2,0,0,0,2,0
0x053B,0,0,0,0,0,0,0
0x053C,2,2,0,0,0,2,0
0x053D,0,0,0,0,0,0,0
0x053E,2,2,0,0,0,2,0
0x053F,0,0,0,0,0,0,0
0x0540,2,2,0,0,0,2,0
0x0541,0,0,0,0,0,0,0
0x0542,3,3,0,0,0,3,0
0x0543,0,0,0,0,0,0,0
0x0544,2,2,0,0,0,2,0
0x0545,0,0,0,0,0,0,0
0x0546,2,2,0,0,0,2,0
0x0547,0,0,0,0,0,0,0
0x0548,2,2,0,0,0,2,0
0x0549,0,0,0,0,0,0,0
0x054A,0,0,0,0,0,0,0
0x054B,0,0,0,0,0,0,0
0x054C,6,6,0,0,0,6,0
0x054D,1,1,0,0,0,1,0
0x054E,1,1,0,0,0,1,0
0x054F,0,0,0,0,0,0,0
0x0550,0,0,0,0,0,0,0
0x0551,0,0,0,0,0,0,0
0x0552,0,0,0,0,0,0,0
0x0553,0,0,0,0,0,0,0
0x0554,0,0,0,0,0,0,0
0x0555,0,0,0,0,0,0,0
0x0556,0,0,0,0,0,0,0
0x0557,0,0,0,0,0,0,0
0x0558,0,0,0,0,0,0,0
0x0559,0,0,0,0,0,0,0
0x055A,0,0,0,0,0,0,0
0x055B,0,0,0,0,0,0,0
0x055C,0,0,0,0,0,0,0
0x055D,0,0,0,0,0,0,0
0x055E,0,0,0,0,0,0,0
0x055F,3,3,0,0,0,3,0
0x0560,5,5,0,0,0,5,0
0x0561,5,5,0,0,0,5,0
0x0562,1,1,0,0,0,1,0
0x0563,2,2,0,0,0,2,0
0x0564,2,2,0,0,0,2,0
0x0565,0,0,0,0,0,0,0
0x0566,1,1,0,0,0,1,0
0x0567,4,4,0,0,0,4,0
0x0568,5,5,0,0,0,5,0
0x0569,0,0,0,0,0,0,0
0x056A,7,7,0,0,0,7,0
0x056B,6,6,0,0,0,6,0
0x056C,1,1,0,0,0,1,0
0x056D,0,0,0,0,0,0,0
0x056E,2,2,0,0,0,2,0
0x056F,0,0,0,0,0,0,0
0x0570,0,0,0,0,0,0,0
0x0571,2,2,0,0,0,2,0
0x0572,7,7,0,0,0,7,0
0x0573,2,2,0,0,0,2,0
0x0574,7,7,0,0,0,7,0
0x0575,9,9,0,0,0,9,0
0x0576,3,3,0,0,0,3,0
0x0577,3,3,0,0,0,3,0
0x0578,3,3,0,0,0,3,0
0x0579,2,2,0,0,0,2,0
0x057A,2,2,0,0,0,2,0
0x057B,3,3,0,0,0,3,0
0x057C,3,3,0,0,0,3,0
0x057D,3,3,0,0,0,3,0
0x057E,0,0,0,0,0,0,0
0x057F,0,0,0,0,0,0,0
0x0580,0,0,0,0,0,0,0
0x0581,0,0,0,0,0,0,0
0x0582,0,0,0,0,0,0,0
0x0583,0,0,0,0,0,0,0
0x0584,0,0,0,0,0,0,0
0x0585,0,0,0,0,0,0,0
0x0586,0,0,0,0,0,0,0
0x0587,0,0,0,0,0,0,0
0x0588,0,0,0,0,0,0,0
0x0589,0,0,0,0,0,0,0
0x058A,0,0,0,0,0,0,0
0x058B,0,0,0,0,0,0,0
0x058C,0,0,0,0,0,0,0
0x058D,0,0,0,0,0,0,0
0x058E,0,0,0,0,0,0,0
0x058F,0,0,0,0,0,0,0
0x0590,0,0,0,0,0,0,0
0x0591,0,0,0,0,0,0,0
0x0592,0,0,0,0,0,0,0
0x0593,0,0,0,0,0,0,0
0x0594,0,0,0,0,0,0,0
0x0595,0,0,0,0,0,0,0
0x0596,0,0,0,0,0,0,0
0x0597,0,0,0,0,0,0,0
0x0598,0,0,0,0,0,0,0
0x0599,0,0,0,0,0,0,0
0x059A,0,0,0,0,0,0,0
0x059B,0,0,0,0,0,0,0
0x059C,0,0,0,0,0,0,0
0x059D,0,0,0,0,0,0,0
0x059E,0,0,0,0,0,0,0
0x059F,0,0,0,0,0,0,0
0x05A0,0,0,0,0,0,0,0
0x05A1,0,0,0,0,0,0,0
0x05A2,0,0,0,0,0,0,0
0x05A3,0,0,0,0,0,0,0
0x05A4,0,0,0,0,0,0,0
0x05A5,0,0,0,0,0,0,0
0x05A6,0,0,0,0,0,0,0
0x05A7,0,0,0,0,0,0,0
0x05A8,0,0,0,0,0,0,0
0x05A9,0,0,0,0,0,0,0
0x05AA,0,0,0,0,0,0,0
0x05AB,0,0,0,0,0,0,0
0x05AC,0,0,0,0,0,0,0
0x05AD,0,0,0,0,0,0,0
0x05AE,0,0,0,0,0,0,0
0x05AF,0,0,0,0,0,0,0
0x05B0,0,0,0,0,0,0,0
0x05B1,0,0,0,0,0,0,0
0x05B2,1,1,0,0,0,1,0
0x05B3,0,0,0,0,0,0,0
0x05B4,0,0,0,0,0,0,0
0x05B5,0,0,0,0,0,0,0
0x05B6,0,0,0,0,0,0,0
0x05B7,0,0,0,0,0,0,0
0x05B8,0,0,0,0,0,0,0
0x05B9,2,2,0,0,0,2,0
0x05BA,0,0,0,0,0,0,0
0x05BB,0,0,0,0,0,0,0
0x05BC,0,0,0,0,0,0,0
0x05BD,0,0,0,0,0,0,0
0x05BE,0,0,0,0,0,0,0
0x05BF,0,0,0,0,0,0,0
0x05C0,0,0,0,0,0,0,0
0x05C1,0,0,0,0,0,0,0
0x05C2,1,1,0,0,0,1,0
0x05C3,0,0,0,0,0,0,0
0x05C4,0,0,0,0,0,0,0
0x05C5,0,0,0,0,0,0,0
0x05C6,0,0,0,0,0,0,0
0x05C7,0,0,0,0,0,0,0
0x05C8,0,0,0,0,0,0,0
0x05C9,0,0,0,0,0,0,0
0x05CA,0,0,0,0,0,0,0
0x05CB,0,0,0,0,0,0,0
0x05CC,1,1,0,0,0,1,0
0x05CD,0,0,0,0,0,0,0
0x05CE,0,0,0,0,0,0,0
0x05CF,0,0,0,0,0,0,0
0x05D0,0,0,0,0,0,0,0
0x05D1,0,0,0,0,0,0,0
0x05D2,0,0,0,0,0,0,0
0x05D3,0,0,0,0,0,0,0
0x05D4,0,0,0,0,0,0,0
0x05D5,0,0,0,0,0,0,0
0x05D6,0,0,0,0,0,0,0
0x05D7,0,0,0,0,0,0,0
0x05D8,0,0,0,0,0,0,0
0x05D9,0,0,0,0,0,0,0
0x05DA,0,0,0,0,0,0,0
0x05DB,0,0,0,0,0,0,0
0x05DC,0,0,0,0,0,0,0
0x05DD,0,0,0,0,0,0,0
0x05DE,0,0,0,0,0,0,0
0x05DF,0,0,0,0,0,0,0
0x05E0,1,1,0,0,0,1,0
0x05E1,1,1,0,0,0,1,0
0x05E2,0,0,0,0,0,0,0
0x05E3,1,1,0,0,0,1,0
0x05E4,1,1,0,0,0,1,0
0x05E5,0,0,0,0,0,0,0
0x05E6,0,0,0,0,0,0,0
0x05E7,0,0,0,0,0,0,0
0x05E8,0,0,0,0,0,0,0
0x05E9,0,0,0,0,0,0,0
0x05EA,0,0,0,0,0,0,0
0x05EB,0,0,0,0,0,0,0
0x05EC,0,0,0,0,0,0,0
0x05ED,0,0,0,0,0,0,0
0x05EE,0,0,0,0,0,0,0
0x05EF,0,0,0,0,0,0,0
0x05F0,3,3,0,0,0,3,0
0x05F1,3,3,0,0,0,3,0
0x05F2,2,2,0,0,0,2,0
0x05F3,2,2,0,0,0,2,0
0x05F4,2,2,0,0,0,2,0
0x05F5,2,2,0,0,0,2,0
0x05F6,3,3,0,0,0,3,0
0x05F7,0,0,0,0,0,0,0
0x05F8,0,0,0,0,0,0,0
0x05F9,0,0,0,0,0,0,0
0x05FA,0,0,0,0,0,0,0
0x05FB,0,0,0,0,0,0,0
0x05FC,0,0,0,0,0,0,0
0x05FD,0,0,0,0,0,0,0
0x05FE,0,0,0,0,0,0,0
0x05FF,0,0,0,0,0,0,0
0x0600,2,2,0,0,2,0,0
0x0601,2,2,0,0,2,0,0
0x0602,3,3,0,0,3,0,0
0x0603,2,2,0,0,2,0,0
0x0604,2,2,0,0,2,0,0
0x0605,2,2,0,0,2,0,0
0x0606,4,4,0,0,4,0,0
0x0607,3,3,0,0,3,0,0
0x0608,5,5,0,0,3,2,0
0x0609,3,3,0,0,3,0,0
0x060A,7,7,0,0,2,5,0
0x060B,2,2,0,0,2,0,0
0x060C,3,3,0,0,2,1,0
0x060D,2,2,0,0,2,0,0
0x060E,4,4,0,0,2,2,0
0x060F,2,2,0,0,2,0,0
0x0610,12,12,0,0,10,2,0
0x0611,1,1,0,0,0,1,0
0x0612,0,0,0,0,0,0,0
0x0613,1,1,0,0,0,1,0
0x0614,0,0,0,0,0,0,0
0x0615,1,1,0,0,0,1,0
0x0616,0,0,0,0,0,0,0
0x0617,0,0,0,0,0,0,0
0x0618,0,0,0,0,0,0,0
0x0619,0,0,0,0,0,0,0
0x061A,0,0,0,0,0,0,0
0x061B,0,0,0,0,0,0,0
0x061C,0,0,0,0,0,0,0
0x061D,0,0,0,0,0,0,0
0x061E,0,0,0,0,0,0,0
0x061F,0,0,0,0,0,0,0
0x0620,4,4,0,0,0,4,0
0x0621,2,2,0,0,0,2,0
0x0622,6,6,0,0,2,4,0
0x0623,7,7,0,0,0,7,0
0x0624,0,0,0,0,0,0,0
0x0625,0,0,0,0,0,0,0
0x0626,4,4,0,0,0,4,0
0x0627,5,5,0,0,0,5,0
0x0628,2,2,0,0,0,2,0
0x0629,0,0,0,0,0,0,0
0x062A,0,0,0,0,0,0,0
0x062B,0,0,0,0,0,0,0
0x062C,0,0,0,0,0,0,0
0x062D,0,0,0,0,0,0,0
0x062E,3,3,0,0,0,3,0
0x062F,0,0,0,0,0,0,0
0x0630,1,1,0,0,0,1,0
0x0631,3,3,0,0,1,2,0
0x0632,0,0,0,0,0,0,0
0x0633,3,3,0,0,1,2,0
0x0634,0,0,0,0,0,0,0
0x0635,1,1,0,0,0,1,0
0x0636,3,3,0,1,0,2,0
0x0637,2,2,0,0,0,2,0
0x0638,1,1,0,0,0,1,0
0x0639,1,1,0,0,0,1,0
0x063A,1,1,0,0,0,1,0
0x063B,0,0,0,0,0,0,0
0x063C,0,0,0,0,0,0,0
0x063D,0,0,0,0,0,0,0
0x063E,0,0,0,0,0,0,0
0x063F,0,0,0,0,0,0,0
0x0640,0,0,0,0,0,0,0
0x0641,0,0,0,0,0,0,0
0x0642,0,0,0,0,0,0,0
0x0643,0,0,0,0,0,0,0
0x0644,0,0,0,0,0,0,0
0x0645,0,0,0,0,0,0,0
0x0646,9,9,0,0,0,9,0
0x0647,0,0,0,0,0,0,0
0x0648,3,3,0,0,0,3,0
0x0649,0,0,0,0,0,0,0
0x064A,0,0,0,0,0,0,0
0x064B,0,0,0,0,0,0,0
0x064C,0,0,0,0,0,0,0
0x064D,0,0,0,0,0,0,0
0x064E,0,0,0,0,0,0,0
0x064F,0,0,0,0,0,0,0
0x0650,0,0,0,0,0,0,0
0x0651,0,0,0,0,0,0,0
0x0652,0,0,0,0,0,0,0
0x0653,0,0,0,0,0,0,0
0x0654,0,0,0,0,0,0,0
0x0655,0,0,0,0,0,0,0
0x0656,0,0,0,0,0,0,0
0x0657,0,0,0,0,0,0,0
0x0658,0,0,0,0,0,0,0
0x0659,0,0,0,0,0,0,0
0x065A,0,0,0,0,0,0,0
0x065B,0,0,0,0,0,0,0
0x065C,0,0,0,0,0,0,0
0x065D,0,0,0,0,0,0,0
0x065E,0,0,0,0,0,0,0
0x065F,0,0,0,0,0,0,0
0x0660,1,0,1,0,0,0,1
0x0661,2,0,2,0,0,0,2
0x0662,0,0,0,0,0,0,0
0x0663,0,0,0,0,0,0,0
0x0664,0,0,0,0,0,0,0
0x0665,6,0,6,0,0,0,6
0x0666,3,0,3,0,0,0,3
0x0667,5,0,5,0,0,0,5
0x0668,0,0,0,0,0,0,0
0x0669,0,0,0,0,0,0,0
0x066A,0,0,0,0,0,0,0
0x066B,4,0,4,0,0,0,4
0x066C,2,0,2,0,0,0,2
0x066D,1,0,1,0,0,0,1
0x066E,2,0,2,0,0,0,2
0x066F,1,0,1,0,0,0,1
0x0670,15,9,6,0,9,0,6
0x0671,0,0,0,0,0,0,0
0x0672,6,4,2,0,4,0,2
0x0673,2,2,0,0,2,0,0
0x0674,0,0,0,0,0,0,0
0x0675,8,0,8,0,0,0,8
0x0676,0,0,0,0,0,0,0
0x0677,4,0,4,0,0,0,4
0x0678,3,2,1,0,0,2,1
0x0679,3,2,1,0,0,2,1
0x067A,1,0,1,0,0,0,1
0x067B,1,0,1,0,0,0,1
0x067C,2,2,0,0,0,2,0
0x067D,2,2,0,0,0,2,0
0x067E,2,2,0,0,0,2,0
0x067F,0,0,0,0,0,0,0
0x0680,19,19,0,0,0,19,0
0x0681,15,15,0,0,0,15,0
0x0682,3,3,0,0,0,3,0
0x0683,2,2,0,0,0,2,0
0x0684,0,0,0,0,0,0,0
0x0685,0,0,0,0,0,0,0
0x0686,2,2,0,0,0,2,0
0x0687,0,0,0,0,0,0,0
0x0688,0,0,0,0,0,0,0
0x0689,0,0,0,0,0,0,0
0x068A,4,4,0,0,0,4,0
0x068B,12,12,0,0,0,12,0
0x068C,13,13,0,0,0,13,0
0x068D,9,9,0,0,0,9,0
0x068E,0,0,0,0,0,0,0
0x068F,0,0,0,0,0,0,0
0x0690,0,0,0,0,0,0,0
0x0691,2,2,0,0,0,2,0
0x0692,0,0,0,0,0,0,0
0x0693,0,0,0,0,0,0,0
0x0694,8,6,2,0,0,6,2
0x0695,0,0,0,0,0,0,0
0x0696,1,1,0,0,0,1,0
0x0697,0,0,0,0,0,0,0
0x0698,0,0,0,0,0,0,0
0x0699,8,2,6,0,0,2,6
0x069A,5,0,5,0,0,0,5
0x069B,6,0,6,0,0,0,6
0x069C,0,0,0,0,0,0,0
0x069D,3,3,0,0,0,3,0
0x069E,0,0,0,0,0,0,0
0x069F,0,0,0,0,0,0,0
0x06A0,0,0,0,0,0,0,0
0x06A1,0,0,0,0,0,0,0
0x06A2,0,0,0,0,0,0,0
0x06A3,0,0,0,0,0,0,0
0x06A4,0,0,0,0,0,0,0
0x06A5,0,0,0,0,0,0,0
0x06A6,0,0,0,0,0,0,0
0x06A7,0,0,0,0,0,0,0
0x06A8,0,0,0,0,0,0,0
0x06A9,0,0,0,0,0,0,0
0x06AA,0,0,0,0,0,0,0
0x06AB,0,0,0,0,0,0,0
0x06AC,0,0,0,0,0,0,0
0x06AD,0,0,0,0,0,0,0
0x06AE,0,0,0,0,0,0,0
0x06AF,0,0,0,0,0,0,0
0x06B0,0,0,0,0,0,0,0
0x06B1,0,0,0,0,0,0,0
0x06B2,0,0,0,0,0,0,0
0x06B3,0,0,0,0,0,0,0
0x06B4,0,0,0,0,0,0,0
0x06B5,0,0,0,0,0,0,0
0x06B6,0,0,0,0,0,0,0
0x06B7,0,0,0,0,0,0,0
0x06B8,0,0,0,0,0,0,0
0x06B9,0,0,0,0,0,0,0
0x06BA,0,0,0,0,0,0,0
0x06BB,0,0,0,0,0,0,0
0x06BC,0,0,0,0,0,0,0
0x06BD,0,0,0,0,0,0,0
0x06BE,0,0,0,0,0,0,0
0x06BF,0,0,0,0,0,0,0
0x06C0,2,2,0,0,0,2,0
0x06C1,0,0,0,0,0,0,0
0x06C2,15,15,0,0,3,12,0
0x06C3,2,2,0,0,0,2,0
0x06C4,1,1,0,0,0,1,0
0x06C5,4,4,0,0,1,3,0
0x06C6,3,3,0,0,0,3,0
0x06C7,0,0,0,0,0,0,0
0x06C8,0,0,0,0,0,0,0
0x06C9,0,0,0,0,0,0,0
0x06CA,0,0,0,0,0,0,0
0x06CB,0,0,0,0,0,0,0
0x06CC,5,5,0,0,2,3,0
0x06CD,3,3,0,0,0,3,0
0x06CE,5,5,0,0,0,5,0
0x06CF,5,5,0,0,0,5,0
0x06D0,3,3,0,0,0,3,0
0x06D1,8,8,0,0,4,4,0
0x06D2,3,3,0,0,0,3,0
0x06D3,0,0,0,0,0,0,0
0x06D4,5,5,0,0,0,5,0
0x06D5,0,0,0,0,0,0,0
0x06D6,1,1,0,0,0,1,0
0x06D7,0,0,0,0,0,0,0
0x06D8,2,2,0,0,0,2,0
0x06D9,3,3,0,0,0,3,0
0x06DA,5,5,0,0,0,5,0
0x06DB,4,4,0,0,2,2,0
0x06DC,0,0,0,0,0,0,0
0x06DD,0,0,0,0,0,0,0
0x06DE,0,0,0,0,0,0,0
0x06DF,0,0,0,0,0,0,0
0x06E0,0,0,0,0,0,0,0
0x06E1,23,23,0,0,0,23,0
0x06E2,3,3,0,0,3,0,0
0x06E3,5,5,0,0,2,3,0
0x06E4,3,3,0,0,0,3,0
0x06E5,0,0,0,0,0,0,0
0x06E6,65,65,0,0,34,31,0
0x06E7,11,11,0,0,11,0,0
0x06E8,6,6,0,0,6,0,0
0x06E9,0,0,0,0,0,0,0
0x06EA,5,5,0,0,5,0,0
0x06EB,1,1,0,0,1,0,0
0x06EC,2,2,0,0,2,0,0
0x06ED,0,0,0,0,0,0,0
0x06EE,0,0,0,0,0,0,0
0x06EF,0,0,0,0,0,0,0
0x06F0,0,0,0,0,0,0,0
0x06F1,1,1,0,0,0,1,0
0x06F2,2,2,0,0,0,2,0
0x06F3,1,1,0,0,0,1,0
0x06F4,0,0,0,0,0,0,0
0x06F5,0,0,0,0,0,0,0
0x06F6,0,0,0,0,0,0,0
0x06F7,1,1,0,0,0,1,0
0x06F8,6,6,0,0,0,6,0
0x06F9,3,3,0,0,0,3,0
0x06FA,1,1,0,0,0,1,0
0x06FB,5,5,0,0,0,5,0
0x06FC,5,5,0,0,0,5,0
0x06FD,4,4,0,0,0,4,0
0x06FE,4,4,0,0,0,4,0
0x06FF,10,10,0,0,0,10,0
0x0700,1,1,0,0,0,1,0
0x0701,0,0,0,0,0,0,0
0x0702,1,1,0,0,0,1,0
0x0703,0,0,0,0,0,0,0
0x0704,6,6,0,0,1,5,0
0x0705,2,2,0,0,0,2,0
0x0706,1,1,0,0,0,1,0
0x0707,3,3,0,0,0,3,0
0x0708,0,0,0,0,0,0,0
0x0709,3,3,0,0,0,3,0
0x070A,3,3,0,0,3,0,0
0x070B,2,2,0,0,0,2,0
0x070C,6,6,0,0,0,6,0
0x070D,4,4,0,0,0,4,0
0x070E,2,2,0,0,0,2,0
0x070F,2,2,0,0,0,2,0
0x0710,1,1,0,0,0,1,0
0x0711,0,0,0,0,0,0,0
0x0712,0,0,0,0,0,0,0
0x0713,0,0,0,0,0,0,0
0x0714,0,0,0,0,0,0,0
0x0715,0,0,0,0,0,0,0
0x0716,0,0,0,0,0,0,0
0x0717,0,0,0,0,0,0,0
0x0718,0,0,0,0,0,0,0
0x0719,0,0,0,0,0,0,0
0x071A,0,0,0,0,0,0,0
0x071B,0,0,0,0,0,0,0
0x071C,0,0,0,0,0,0,0
0x071D,0,0,0,0,0,0,0
0x071E,0,0,0,0,0,0,0
0x071F,0,0,0,0,0,0,0
0x0720,13,13,0,0,1,12,0
0x0721,0,0,0,0,0,0,0
0x0722,2,2,0,0,0,2,0
0x0723,16,16,0,0,10,6,0
0x0724,9,9,0,0,0,9,0
0x0725,3,3,0,0,1,2,0
0x0726,0,0,0,0,0,0,0
0x0727,0,0,0,0,0,0,0
0x0728,0,0,0,0,0,0,0
0x0729,0,0,0,0,0,0,0
0x072A,0,0,0,0,0,0,0
0x072B,0,0,0,0,0,0,0
0x072C,3,3,0,0,0,3,0
0x072D,4,4,0,0,1,3,0
0x072E,0,0,0,0,0,0,0
0x072F,0,0,0,0,0,0,0
0x0730,2,2,0,0,2,0,0
0x0731,2,2,0,0,2,0,0
0x0732,1,1,0,0,1,0,0
0x0733,1,1,0,0,1,0,0
0x0734,1,1,0,0,1,0,0
0x0735,2,2,0,0,2,0,0
0x0736,1,1,0,0,1,0,0
0x0737,2,2,0,0,2,0,0
0x0738,0,0,0,0,0,0,0
0x0739,1,1,0,0,1,0,0
0x073A,2,2,0,0,2,0,0
0x073B,0,0,0,0,0,0,0
0x073C,14,14,0,1,12,1,0
0x073D,0,0,0,0,0,0,0
0x073E,0,0,0,0,0,0,0
0x073F,4,4,0,0,3,1,0
0x0740,1,1,0,0,1,0,0
0x0741,35,35,0,0,30,5,0
0x0742,1,1,0,0,1,0,0
0x0743,7,7,0,0,7,0,0
0x0744,1,1,0,0,1,0,0
0x0745,1,1,0,0,1,0,0
0x0746,1,1,0,0,1,0,0
0x0747,0,0,0,0,0,0,0
0x0748,0,0,0,0,0,0,0
0x0749,0,0,0,0,0,0,0
0x074A,0,0,0,0,0,0,0
0x074B,0,0,0,0,0,0,0
0x074C,9,9,0,0,7,2,0
0x074D,0,0,0,0,0,0,0
0x074E,4,4,0,2,2,0,0
0x074F,0,0,0,0,0,0,0
0x0750,5,5,0,0,0,5,0
0x0751,29,29,0,0,28,1,0
0x0752,0,0,0,0,0,0,0
0x0753,0,0,0,0,0,0,0
0x0754,0,0,0,0,0,0,0
0x0755,2,2,0,0,0,2,0
0x0756,10,10,0,0,0,10,0
0x0757,2,2,0,0,0,2,0
0x0758,4,4,0,0,0,4,0
0x0759,0,0,0,0,0,0,0
0x075A,0,0,0,0,0,0,0
0x075B,3,3,0,0,3,0,0
0x075C,3,3,0,0,3,0,0
0x075D,2,2,0,0,2,0,0
0x075E,2,2,0,0,1,1,0
0x075F,1,1,0,0,0,1,0
0x0760,3,3,0,1,1,1,0
0x0761,0,0,0,0,0,0,0
0x0762,3,3,0,0,0,3,0
0x0763,3,3,0,0,0,3,0
0x0764,1,1,0,0,0,1,0
0x0765,0,0,0,0,0,0,0
0x0766,7,7,0,0,5,2,0
0x0767,10,10,0,0,10,0,0
0x0768,8,8,0,0,5,3,0
0x0769,4,4,0,0,4,0,0
0x076A,4,4,0,0,4,0,0
0x076B,4,4,0,0,4,0,0
0x076C,1,1,0,0,1,0,0
0x076D,1,1,0,0,1,0,0
0x076E,1,1,0,0,1,0,0
0x076F,2,2,0,0,2,0,0
0x0770,9,9,0,0,9,0,0
0x0771,0,0,0,0,0,0,0
0x0772,0,0,0,0,0,0,0
0x0773,0,0,0,0,0,0,0
0x0774,0,0,0,0,0,0,0
0x0775,0,0,0,0,0,0,0
0x0776,0,0,0,0,0,0,0
0x0777,0,0,0,0,0,0,0
0x0778,0,0,0,0,0,0,0
0x0779,0,0,0,0,0,0,0
0x077A,0,0,0,0,0,0,0
0x077B,0,0,0,0,0,0,0
0x077C,0,0,0,0,0,0,0
0x077D,0,0,0,0,0,0,0
0x077E,2,2,0,0,2,0,0
0x077F,0,0,0,0,0,0,0
0x0780,4,4,0,0,4,0,0
0x0781,2,2,0,0,2,0,0
0x0782,11,11,0,0,11,0,0
0x0783,5,5,0,0,5,0,0
0x0784,5,5,0,0,5,0,0
0x0785,5,5,0,0,5,0,0
0x0786,4,4,0,0,4,0,0
0x0787,5,5,0,0,5,0,0
0x0788,4,4,0,0,4,0,0
0x0789,0,0,0,0,0,0,0
0x078A,0,0,0,0,0,0,0
0x078B,3,3,0,0,2,1,0
0x078C,7,7,0,0,7,0,0
0x078D,0,0,0,0,0,0,0
0x078E,2,2,0,0,2,0,0
0x078F,0,0,0,0,0,0,0
0x0790,4,4,0,0,4,0,0
0x0791,2,2,0,0,2,0,0
0x0792,1,1,0,0,1,0,0
0x0793,2,2,0,0,2,0,0
0x0794,1,1,0,0,1,0,0
0x0795,2,2,0,0,2,0,0
0x0796,1,1,0,0,1,0,0
0x0797,1,1,0,0,1,0,0
0x0798,1,1,0,0,1,0,0
0x0799,1,1,0,0,1,0,0
0x079A,4,4,0,0,4,0,0
0x079B,1,1,0,0,1,0,0
0x079C,1,1,0,0,1,0,0
0x079D,2,2,0,0,2,0,0
0x079E,0,0,0,0,0,0,0
0x079F,0,0,0,0,0,0,0
0x07A0,0,0,0,0,0,0,0
0x07A1,4,0,4,0,0,0,4
0x07A2,0,0,0,0,0,0,0
0x07A3,4,0,4,0,0,0,4
0x07A4,4,4,0,0,2,2,0
0x07A5,5,5,0,0,5,0,0
0x07A6,7,7,0,0,7,0,0
0x07A7,2,2,0,0,2,0,0
0x07A8,2,2,0,0,2,0,0
0x07A9,1,1,0,0,1,0,0
0x07AA,1,1,0,0,1,0,0
0x07AB,0,0,0,0,0,0,0
0x07AC,0,0,0,0,0,0,0
0x07AD,0,0,0,0,0,0,0
0x07AE,0,0,0,0,0,0,0
0x07AF,0,0,0,0,0,0,0
0x07B0,0,0,0,0,0,0,0
0x07B1,0,0,0,0,0,0,0
0x07B2,0,0,0,0,0,0,0
0x07B3,0,0,0,0,0,0,0
0x07B4,0,0,0,0,0,0,0
0x07B5,0,0,0,0,0,0,0
0x07B6,0,0,0,0,0,0,0
0x07B7,0,0,0,0,0,0,0
0x07B8,0,0,0,0,0,0,0
0x07B9,0,0,0,0,0,0,0
0x07BA,0,0,0,0,0,0,0
0x07BB,0,0,0,0,0,0,0
0x07BC,0,0,0,0,0,0,0
0x07BD,0,0,0,0,0,0,0
0x07BE,0,0,0,0,0,0,0
0x07BF,4,0,4,0,0,0,4
0x07C0,1,0,1,0,0,0,1
0x07C1,1,0,1,0,0,0,1
0x07C2,1,0,1,0,0,0,1
0x07C3,8,8,0,0,8,0,0
0x07C4,8,5,3,0,5,0,3
0x07C5,10,10,0,0,10,0,0
0x07C6,12,12,0,1,11,0,0
0x07C7,0,0,0,0,0,0,0
0x07C8,0,0,0,0,0,0,0
0x07C9,15,0,15,0,0,0,15
0x07CA,11,0,11,0,0,0,11
0x07CB,2,0,2,0,0,0,2
0x07CC,6,0,6,0,0,0,6
0x07CD,5,0,5,0,0,0,5
0x07CE,2,0,2,0,0,0,2
0x07CF,55,0,55,0,0,0,55
0x07D0,254,0,254,0,0,0,254
0x07D1,76,0,76,0,0,0,76
0x07D2,47,0,47,0,0,0,47
0x07D3,11,4,7,0,4,0,7
0x07D4,70,2,68,0,2,0,68
0x07D5,28,4,24,0,4,0,24
0x07D6,142,0,142,0,0,0,142
0x07D7,71,0,71,0,0,0,71
0x07D8,34,1,33,0,1,0,33
0x07D9,16,1,15,0,1,0,15
0x07DA,53,1,52,0,1,0,52
0x07DB,21,0,21,0,0,0,21
0x07DC,19,0,19,0,0,0,19
0x07DD,20,0,20,0,0,0,20
0x07DE,8,0,8,0,0,0,8
0x07DF,15,0,15,0,0,0,15
0x07E0,9,0,9,0,0,0,9
0x07E1,11,0,11,0,0,0,11
0x07E2,15,0,15,0,0,0,15
0x07E3,9,0,9,0,0,0,9
0x07E4,4,0,4,0,0,0,4
0x07E5,10,0,10,0,0,0,10
0x07E6,6,0,6,0,0,0,6
0x07E7,3,0,3,0,0,0,3
0x07E8,3,0,3,0,0,0,3
0x07E9,3,0,3,0,0,0,3
0x07EA,2,0,2,0,0,0,2
0x07EB,0,0,0,0,0,0,0
0x07EC,2,0,2,0,0,0,2
0x07ED,1,0,1,0,0,0,1
0x07EE,3,0,3,0,0,0,3
0x07EF,0,0,0,0,0,0,0
0x07F0,0,0,0,0,0,0,0
0x07F1,0,0,0,0,0,0,0
0x07F2,3,3,0,0,2,1,0
0x07F3,9,4,5,0,0,4,5
0x07F4,0,0,0,0,0,0,0
0x07F5,6,0,6,0,0,0,6
0x07F6,9,5,4,0,0,5,4
0x07F7,2,0,2,0,0,0,2
0x07F8,3,0,3,0,0,0,3
0x07F9,3,0,3,0,0,0,3
0x07FA,4,0,4,0,0,0,4
0x07FB,5,0,5,0,0,0,5
0x07FC,1,0,1,0,0,0,1
0x07FD,7,7,0,0,3,4,0
0x07FE,9,7,2,0,3,4,2
0x07FF,8,7,1,0,3,4,1
